date,model,pod,arm,measure,unit,monthly,cumulative,rolling_sharpe_12m
2016-02-29,haiku,equities,full,mapped,excess_return,-0.00054,-0.00054,
2016-03-31,haiku,equities,full,mapped,excess_return,0.004069,0.003526,
2016-04-30,haiku,equities,full,mapped,excess_return,-0.003394,0.00012,
2016-05-31,haiku,equities,full,mapped,excess_return,0.00878,0.008901,
2016-06-30,haiku,equities,full,mapped,excess_return,0.011859,0.020865,
2016-07-31,haiku,equities,full,mapped,excess_return,-0.042714,-0.02274,
2016-08-31,haiku,equities,full,mapped,excess_return,-2.6e-05,-0.022766,
2016-09-30,haiku,equities,full,mapped,excess_return,-0.000775,-0.023523,
2016-10-31,haiku,equities,full,mapped,excess_return,0.005717,-0.017941,
2016-11-30,haiku,equities,full,mapped,excess_return,0.002687,-0.015302,
2016-12-31,haiku,equities,full,mapped,excess_return,0.000167,-0.015138,
2017-01-31,haiku,equities,full,mapped,excess_return,-0.005316,-0.020373,-0.406
2017-02-28,haiku,equities,full,mapped,excess_return,0.010253,-0.01033,-0.176
2017-03-31,haiku,equities,full,mapped,excess_return,7e-05,-0.01026,-0.258
2017-04-30,haiku,equities,full,mapped,excess_return,-0.004103,-0.014321,-0.272
2017-05-31,haiku,equities,full,mapped,excess_return,-0.004651,-0.018905,-0.558
2017-06-30,haiku,equities,full,mapped,excess_return,-0.001071,-0.019956,-0.872
2017-07-31,haiku,equities,full,mapped,excess_return,0.008498,-0.011628,0.661
2017-08-31,haiku,equities,full,mapped,excess_return,-0.001877,-0.013483,0.548
2017-09-30,haiku,equities,full,mapped,excess_return,-0.007022,-0.02041,0.175
2017-10-31,haiku,equities,full,mapped,excess_return,0.000618,-0.019805,-0.096
2017-11-30,haiku,equities,full,mapped,excess_return,-0.001299,-0.021078,-0.318
2017-12-31,haiku,equities,full,mapped,excess_return,-0.008372,-0.029273,-0.727
2018-01-31,haiku,equities,full,mapped,excess_return,-0.009298,-0.0383,-0.873
2018-02-28,haiku,equities,full,mapped,excess_return,0.011832,-0.026921,-0.761
2018-03-31,haiku,equities,full,mapped,excess_return,0.003436,-0.023577,-0.594
2018-04-30,haiku,equities,full,mapped,excess_return,-0.004212,-0.02769,-0.598
2018-05-31,haiku,equities,full,mapped,excess_return,-0.003987,-0.031567,-0.571
2018-06-30,haiku,equities,full,mapped,excess_return,0.000293,-0.031283,-0.509
2018-07-31,haiku,equities,full,mapped,excess_return,-0.008224,-0.03925,-1.348
2018-08-31,haiku,equities,full,mapped,excess_return,0.001508,-0.037801,-1.166
2018-09-30,haiku,equities,full,mapped,excess_return,-0.000691,-0.038467,-0.896
2018-10-31,haiku,equities,full,mapped,excess_return,0.007077,-0.031661,-0.537
2018-11-30,haiku,equities,full,mapped,excess_return,-0.028113,-0.058884,-1.105
2018-12-31,haiku,equities,full,mapped,excess_return,-0.010749,-0.069001,-1.157
2019-01-31,haiku,equities,full,mapped,excess_return,-0.046815,-0.112585,-1.401
2019-02-28,haiku,equities,full,mapped,excess_return,0.015882,-0.098491,-1.293
2019-03-31,haiku,equities,full,mapped,excess_return,-0.004846,-0.10286,-1.46
2019-04-30,haiku,equities,full,mapped,excess_return,-0.00635,-0.108557,-1.499
2019-05-31,haiku,equities,full,mapped,excess_return,-0.023535,-0.129537,-1.776
2019-06-30,haiku,equities,full,mapped,excess_return,-0.006509,-0.135203,-1.916
2019-07-31,haiku,equities,full,mapped,excess_return,0.00265,-0.132911,-1.693
2019-08-31,haiku,equities,full,mapped,excess_return,0.003781,-0.129632,-1.642
2019-09-30,haiku,equities,full,mapped,excess_return,-0.007075,-0.13579,-1.765
2019-10-31,haiku,equities,full,mapped,excess_return,0.00526,-0.131244,-1.811
2019-11-30,haiku,equities,full,mapped,excess_return,0.012086,-0.120744,-1.139
2019-12-31,haiku,equities,full,mapped,excess_return,0.004342,-0.116927,-0.872
2020-01-31,haiku,equities,full,mapped,excess_return,0.000428,-0.116548,-0.108
2020-02-29,haiku,equities,full,mapped,excess_return,0.054562,-0.068346,0.54
2020-03-31,haiku,equities,full,mapped,excess_return,0.039778,-0.031287,1.082
2020-04-30,haiku,equities,full,mapped,excess_return,-0.0,-0.031287,1.184
2020-05-31,haiku,equities,full,mapped,excess_return,-0.007182,-0.038244,1.537
2020-06-30,haiku,equities,full,mapped,excess_return,0.001435,-0.036864,1.694
2020-07-31,haiku,equities,full,mapped,excess_return,-0.018296,-0.054485,1.266
2020-08-31,haiku,equities,full,mapped,excess_return,0.007774,-0.047135,1.325
2020-09-30,haiku,equities,full,mapped,excess_return,-0.006597,-0.053421,1.334
2020-10-31,haiku,equities,full,mapped,excess_return,0.000354,-0.053085,1.257
2020-11-30,haiku,equities,full,mapped,excess_return,-0.059173,-0.109118,0.18
2020-12-31,haiku,equities,full,mapped,excess_return,0.006646,-0.103197,0.204
2021-01-31,haiku,equities,full,mapped,excess_return,0.000126,-0.103084,0.201
2021-02-28,haiku,equities,full,mapped,excess_return,-0.010869,-0.112833,-0.591
2021-03-31,haiku,equities,full,mapped,excess_return,0.0022,-0.110881,-1.338
2021-04-30,haiku,equities,full,mapped,excess_return,-0.010092,-0.119854,-1.509
2021-05-31,haiku,equities,full,mapped,excess_return,-0.000384,-0.120192,-1.39
2021-06-30,haiku,equities,full,mapped,excess_return,-0.003123,-0.122939,-1.475
2021-07-31,haiku,equities,full,mapped,excess_return,-0.000139,-0.123062,-1.197
2021-08-31,haiku,equities,full,mapped,excess_return,-0.014593,-0.135858,-1.6
2021-09-30,haiku,equities,full,mapped,excess_return,-0.000274,-0.136095,-1.482
2021-10-31,haiku,equities,full,mapped,excess_return,-0.009983,-0.144719,-1.67
2021-11-30,haiku,equities,full,mapped,excess_return,8.5e-05,-0.144647,-1.812
2021-12-31,haiku,equities,full,mapped,excess_return,-0.018068,-0.160101,-2.732
2022-01-31,haiku,equities,full,mapped,excess_return,0.02047,-0.142908,-1.277
2022-02-28,haiku,equities,full,mapped,excess_return,0.001794,-0.141371,-0.93
2022-03-31,haiku,equities,full,mapped,excess_return,-0.005605,-0.146184,-1.167
2022-04-30,haiku,equities,full,mapped,excess_return,-0.01974,-0.163038,-1.322
2022-05-31,haiku,equities,full,mapped,excess_return,-0.003881,-0.166286,-1.424
2022-06-30,haiku,equities,full,mapped,excess_return,0.007335,-0.160171,-1.09
2022-07-31,haiku,equities,full,mapped,excess_return,-0.023877,-0.180223,-1.516
2022-08-31,haiku,equities,full,mapped,excess_return,-0.003251,-0.182888,-1.29
2022-09-30,haiku,equities,full,mapped,excess_return,0.030654,-0.157841,-0.435
2022-10-31,haiku,equities,full,mapped,excess_return,-0.023195,-0.177375,-0.633
2022-11-30,haiku,equities,full,mapped,excess_return,0.003454,-0.174533,-0.573
2022-12-31,haiku,equities,full,mapped,excess_return,-0.015248,-0.18712,-0.532
2023-01-31,haiku,equities,full,mapped,excess_return,-0.007934,-0.19357,-1.125
2023-02-28,haiku,equities,full,mapped,excess_return,-0.006188,-0.19856,-1.288
2023-03-31,haiku,equities,full,mapped,excess_return,-0.019695,-0.214345,-1.504
2023-04-30,haiku,equities,full,mapped,excess_return,0.001661,-0.21304,-1.138
2023-05-31,haiku,equities,full,mapped,excess_return,0.000676,-0.212507,-1.046
2023-06-30,haiku,equities,full,mapped,excess_return,-0.018444,-0.227032,-1.533
2023-07-31,haiku,equities,full,mapped,excess_return,0.000459,-0.226678,-1.14
2023-08-31,haiku,equities,full,mapped,excess_return,0.006781,-0.221434,-0.916
2023-09-30,haiku,equities,full,mapped,excess_return,0.018334,-0.207159,-1.376
2023-10-31,haiku,equities,full,mapped,excess_return,0.005346,-0.202921,-0.786
2023-11-30,haiku,equities,full,mapped,excess_return,-0.038932,-0.233953,-1.389
2023-12-31,haiku,equities,full,mapped,excess_return,0.005623,-0.229645,-0.989
2024-01-31,haiku,equities,full,mapped,excess_return,0.001883,-0.228195,-0.801
2024-02-29,haiku,equities,full,mapped,excess_return,-0.011921,-0.237396,-0.898
2024-03-31,haiku,equities,full,mapped,excess_return,-0.008321,-0.243742,-0.72
2024-04-30,haiku,equities,full,mapped,excess_return,0.005987,-0.239214,-0.628
2024-05-31,haiku,equities,full,mapped,excess_return,-0.014187,-0.250007,-0.896
2024-06-30,haiku,equities,full,mapped,excess_return,0.001566,-0.248833,-0.541
2024-07-31,haiku,equities,full,mapped,excess_return,0.001473,-0.247726,-0.52
2024-08-31,haiku,equities,full,mapped,excess_return,0.002531,-0.245822,-0.612
2024-09-30,haiku,equities,full,mapped,excess_return,-0.00333,-0.248334,-1.173
2024-10-31,haiku,equities,full,mapped,excess_return,0.002788,-0.246239,-1.245
2024-11-30,haiku,equities,full,mapped,excess_return,-0.013545,-0.256448,-1.128
2024-12-31,haiku,equities,full,mapped,excess_return,-0.000622,-0.256911,-1.445
2025-01-31,haiku,equities,full,mapped,excess_return,-0.001673,-0.258154,-1.622
2025-02-28,haiku,equities,full,mapped,excess_return,0.011015,-0.249982,-0.626
2025-03-31,haiku,equities,full,mapped,excess_return,0.003264,-0.247534,-0.188
2025-04-30,haiku,equities,full,mapped,excess_return,0.004797,-0.243924,-0.238
2025-05-31,haiku,equities,full,mapped,excess_return,-0.028842,-0.265731,-0.576
2025-06-30,haiku,equities,full,mapped,excess_return,0.013049,-0.25615,-0.236
2025-07-31,haiku,equities,full,mapped,excess_return,0.003374,-0.25364,-0.186
2025-08-31,haiku,equities,full,mapped,excess_return,-0.001357,-0.254653,-0.287
2025-09-30,haiku,equities,full,mapped,excess_return,-0.000644,-0.255133,-0.218
2025-10-31,haiku,equities,full,mapped,excess_return,0.000718,-0.254598,-0.273
2025-11-30,haiku,equities,full,mapped,excess_return,0.000451,-0.254263,0.099
2025-12-31,haiku,equities,full,mapped,excess_return,-0.002319,-0.255992,0.051
2026-01-31,haiku,equities,full,mapped,excess_return,-0.000344,-0.256248,0.088
2026-02-28,haiku,equities,full,mapped,excess_return,0.006099,-0.251712,-0.051
2026-03-31,haiku,equities,full,mapped,excess_return,0.014295,-0.241015,0.248
2026-04-30,haiku,equities,full,mapped,excess_return,-0.024226,-0.259402,-0.443
2026-05-31,haiku,equities,full,mapped,excess_return,0.016392,-0.247262,0.695
2026-06-30,haiku,equities,full,mapped,excess_return,0.009072,-0.240433,0.604
2016-02-29,haiku,equities,full,pm_trade,excess_return,0.002293,0.002293,
2016-03-31,haiku,equities,full,pm_trade,excess_return,0.016275,0.018604,
2016-04-30,haiku,equities,full,pm_trade,excess_return,0.002368,0.021017,
2016-05-31,haiku,equities,full,pm_trade,excess_return,0.009015,0.030221,
2016-06-30,haiku,equities,full,pm_trade,excess_return,0.015529,0.046219,
2016-07-31,haiku,equities,full,pm_trade,excess_return,-0.02392,0.021194,
2016-08-31,haiku,equities,full,pm_trade,excess_return,-5.3e-05,0.02114,
2016-09-30,haiku,equities,full,pm_trade,excess_return,-0.000401,0.020731,
2016-10-31,haiku,equities,full,pm_trade,excess_return,0.005488,0.026332,
2016-11-30,haiku,equities,full,pm_trade,excess_return,-0.015049,0.010887,
2016-12-31,haiku,equities,full,pm_trade,excess_return,0.004669,0.015606,
2017-01-31,haiku,equities,full,pm_trade,excess_return,0.0,0.015606,0.411
2017-02-28,haiku,equities,full,pm_trade,excess_return,0.016808,0.032676,0.725
2017-03-31,haiku,equities,full,pm_trade,excess_return,0.000197,0.032879,0.369
2017-04-30,haiku,equities,full,pm_trade,excess_return,-0.003379,0.029389,0.223
2017-05-31,haiku,equities,full,pm_trade,excess_return,-0.005209,0.024027,-0.136
2017-06-30,haiku,equities,full,pm_trade,excess_return,0.00104,0.025092,-0.562
2017-07-31,haiku,equities,full,pm_trade,excess_return,0.011331,0.036707,0.555
2017-08-31,haiku,equities,full,pm_trade,excess_return,-0.003702,0.03287,0.418
2017-09-30,haiku,equities,full,pm_trade,excess_return,-0.016789,0.015529,-0.138
2017-10-31,haiku,equities,full,pm_trade,excess_return,0.006182,0.021807,-0.116
2017-11-30,haiku,equities,full,pm_trade,excess_return,-0.003306,0.018429,0.263
2017-12-31,haiku,equities,full,pm_trade,excess_return,-0.009933,0.008314,-0.217
2018-01-31,haiku,equities,full,pm_trade,excess_return,0.031243,0.039816,0.549
2018-02-28,haiku,equities,full,pm_trade,excess_return,0.015059,0.055474,0.517
2018-03-31,haiku,equities,full,pm_trade,excess_return,0.011454,0.067564,0.757
2018-04-30,haiku,equities,full,pm_trade,excess_return,-0.003756,0.063554,0.747
2018-05-31,haiku,equities,full,pm_trade,excess_return,-0.005981,0.057193,0.728
2018-06-30,haiku,equities,full,pm_trade,excess_return,0.000283,0.057492,0.71
2018-07-31,haiku,equities,full,pm_trade,excess_return,0.012794,0.071021,0.737
2018-08-31,haiku,equities,full,pm_trade,excess_return,-0.00754,0.062946,0.642
2018-09-30,haiku,equities,full,pm_trade,excess_return,-0.001423,0.061433,1.084
2018-10-31,haiku,equities,full,pm_trade,excess_return,-0.0,0.061433,0.934
2018-11-30,haiku,equities,full,pm_trade,excess_return,-0.013666,0.046927,0.64
2018-12-31,haiku,equities,full,pm_trade,excess_return,-0.0,0.046927,0.901
2019-01-31,haiku,equities,full,pm_trade,excess_return,-0.028481,0.01711,-0.51
2019-02-28,haiku,equities,full,pm_trade,excess_return,-0.016845,-2.3e-05,-1.337
2019-03-31,haiku,equities,full,pm_trade,excess_return,0.0,-2.3e-05,-1.781
2019-04-30,haiku,equities,full,pm_trade,excess_return,-0.0127,-0.012723,-1.992
2019-05-31,haiku,equities,full,pm_trade,excess_return,-0.028624,-0.040983,-2.225
2019-06-30,haiku,equities,full,pm_trade,excess_return,0.0,-0.040983,-2.235
2019-07-31,haiku,equities,full,pm_trade,excess_return,-0.00558,-0.046334,-3.107
2019-08-31,haiku,equities,full,pm_trade,excess_return,0.009011,-0.037741,-2.375
2019-09-30,haiku,equities,full,pm_trade,excess_return,-0.006486,-0.043982,-2.533
2019-10-31,haiku,equities,full,pm_trade,excess_return,0.007014,-0.037277,-2.243
2019-11-30,haiku,equities,full,pm_trade,excess_return,0.014101,-0.023702,-1.438
2019-12-31,haiku,equities,full,pm_trade,excess_return,0.01421,-0.009828,-1.055
2020-01-31,haiku,equities,full,pm_trade,excess_return,-0.001071,-0.010889,-0.607
2020-02-29,haiku,equities,full,pm_trade,excess_return,0.037629,0.02633,0.486
2020-03-31,haiku,equities,full,pm_trade,excess_return,0.080952,0.109413,1.121
2020-04-30,haiku,equities,full,pm_trade,excess_return,0.029417,0.142049,1.576
2020-05-31,haiku,equities,full,pm_trade,excess_return,-0.026459,0.111831,1.615
2020-06-30,haiku,equities,full,pm_trade,excess_return,-0.0,0.111831,1.615
2020-07-31,haiku,equities,full,pm_trade,excess_return,0.022132,0.136438,1.946
2020-08-31,haiku,equities,full,pm_trade,excess_return,0.005923,0.143169,1.907
2020-09-30,haiku,equities,full,pm_trade,excess_return,-0.01466,0.12641,1.774
2020-10-31,haiku,equities,full,pm_trade,excess_return,-0.002385,0.123724,1.654
2020-11-30,haiku,equities,full,pm_trade,excess_return,-0.051455,0.065902,0.811
2020-12-31,haiku,equities,full,pm_trade,excess_return,0.008545,0.07501,0.763
2021-01-31,haiku,equities,full,pm_trade,excess_return,-0.001049,0.073882,0.763
2021-02-28,haiku,equities,full,pm_trade,excess_return,-0.009631,0.06354,0.368
2021-03-31,haiku,equities,full,pm_trade,excess_return,-0.015401,0.04716,-0.737
2021-04-30,haiku,equities,full,pm_trade,excess_return,-0.018591,0.027692,-1.568
2021-05-31,haiku,equities,full,pm_trade,excess_return,-0.002093,0.025541,-1.25
2021-06-30,haiku,equities,full,pm_trade,excess_return,0.004805,0.030469,-1.16
2021-07-31,haiku,equities,full,pm_trade,excess_return,0.009747,0.040513,-1.47
2021-08-31,haiku,equities,full,pm_trade,excess_return,-0.013031,0.026954,-1.843
2021-09-30,haiku,equities,full,pm_trade,excess_return,-0.001641,0.025268,-1.614
2021-10-31,haiku,equities,full,pm_trade,excess_return,-0.015626,0.009247,-1.84
2021-11-30,haiku,equities,full,pm_trade,excess_return,-0.000409,0.008834,-1.612
2021-12-31,haiku,equities,full,pm_trade,excess_return,-0.013527,-0.004812,-2.424
2022-01-31,haiku,equities,full,pm_trade,excess_return,0.024287,0.019358,-1.163
2022-02-28,haiku,equities,full,pm_trade,excess_return,-0.002795,0.016509,-1.016
2022-03-31,haiku,equities,full,pm_trade,excess_return,-0.013079,0.003214,-0.977
2022-04-30,haiku,equities,full,pm_trade,excess_return,-0.017945,-0.014789,-0.968
2022-05-31,haiku,equities,full,pm_trade,excess_return,-0.004269,-0.018995,-1.019
2022-06-30,haiku,equities,full,pm_trade,excess_return,0.020538,0.001153,-0.571
2022-07-31,haiku,equities,full,pm_trade,excess_return,-0.014045,-0.012908,-1.075
2022-08-31,haiku,equities,full,pm_trade,excess_return,0.006321,-0.006669,-0.671
2022-09-30,haiku,equities,full,pm_trade,excess_return,0.040871,0.03393,0.159
2022-10-31,haiku,equities,full,pm_trade,excess_return,-0.030349,0.002551,-0.063
2022-11-30,haiku,equities,full,pm_trade,excess_return,-0.010747,-0.008224,-0.207
2022-12-31,haiku,equities,full,pm_trade,excess_return,-0.026414,-0.034421,-0.37
2023-01-31,haiku,equities,full,pm_trade,excess_return,0.017311,-0.017705,-0.479
2023-02-28,haiku,equities,full,pm_trade,excess_return,-0.014797,-0.03224,-0.637
2023-03-31,haiku,equities,full,pm_trade,excess_return,-0.011586,-0.043452,-0.618
2023-04-30,haiku,equities,full,pm_trade,excess_return,0.005246,-0.038434,-0.305
2023-05-31,haiku,equities,full,pm_trade,excess_return,-0.00231,-0.040655,-0.278
2023-06-30,haiku,equities,full,pm_trade,excess_return,-0.016642,-0.05662,-0.831
2023-07-31,haiku,equities,full,pm_trade,excess_return,0.011797,-0.045491,-0.448
2023-08-31,haiku,equities,full,pm_trade,excess_return,-0.010432,-0.055449,-0.692
2023-09-30,haiku,equities,full,pm_trade,excess_return,0.010434,-0.045594,-1.491
2023-10-31,haiku,equities,full,pm_trade,excess_return,0.010911,-0.03518,-0.771
2023-11-30,haiku,equities,full,pm_trade,excess_return,-0.054348,-0.087616,-1.148
2023-12-31,haiku,equities,full,pm_trade,excess_return,0.019465,-0.069857,-0.49
2024-01-31,haiku,equities,full,pm_trade,excess_return,0.005379,-0.064854,-0.683
2024-02-29,haiku,equities,full,pm_trade,excess_return,0.0,-0.064854,-0.474
2024-03-31,haiku,equities,full,pm_trade,excess_return,-0.010309,-0.074495,-0.457
2024-04-30,haiku,equities,full,pm_trade,excess_return,0.008316,-0.066798,-0.408
2024-05-31,haiku,equities,full,pm_trade,excess_return,-0.014347,-0.080187,-0.577
2024-06-30,haiku,equities,full,pm_trade,excess_return,-0.01096,-0.090268,-0.501
2024-07-31,haiku,equities,full,pm_trade,excess_return,0.001016,-0.089344,-0.677
2024-08-31,haiku,equities,full,pm_trade,excess_return,0.011073,-0.079261,-0.347
2024-09-30,haiku,equities,full,pm_trade,excess_return,0.003113,-0.076395,-0.463
2024-10-31,haiku,equities,full,pm_trade,excess_return,0.004639,-0.07211,-0.566
2024-11-30,haiku,equities,full,pm_trade,excess_return,-0.012642,-0.083841,0.13
2024-12-31,haiku,equities,full,pm_trade,excess_return,0.004583,-0.079642,-0.332
2025-01-31,haiku,equities,full,pm_trade,excess_return,0.002231,-0.077589,-0.442
2025-02-28,haiku,equities,full,pm_trade,excess_return,0.006676,-0.071431,-0.213
2025-03-31,haiku,equities,full,pm_trade,excess_return,0.026116,-0.047181,0.766
2025-04-30,haiku,equities,full,pm_trade,excess_return,0.004477,-0.042915,0.675
2025-05-31,haiku,equities,full,pm_trade,excess_return,0.0,-0.042915,1.179
2025-06-30,haiku,equities,full,pm_trade,excess_return,0.016703,-0.026929,2.078
2025-07-31,haiku,equities,full,pm_trade,excess_return,0.011248,-0.015984,2.39
2025-08-31,haiku,equities,full,pm_trade,excess_return,-0.004815,-0.020722,1.825
2025-09-30,haiku,equities,full,pm_trade,excess_return,-0.009022,-0.029557,1.357
2025-10-31,haiku,equities,full,pm_trade,excess_return,-0.00673,-0.036088,1.007
2025-11-30,haiku,equities,full,pm_trade,excess_return,0.000326,-0.035774,1.492
2025-12-31,haiku,equities,full,pm_trade,excess_return,0.0,-0.035774,1.35
2026-01-31,haiku,equities,full,pm_trade,excess_return,-0.000476,-0.036233,1.263
2026-02-28,haiku,equities,full,pm_trade,excess_return,0.003745,-0.032624,1.185
2026-03-31,haiku,equities,full,pm_trade,excess_return,0.019061,-0.014185,1.131
2026-04-30,haiku,equities,full,pm_trade,excess_return,-0.042931,-0.056508,-0.235
2026-05-31,haiku,equities,full,pm_trade,excess_return,0.019614,-0.038002,0.115
2026-06-30,haiku,equities,full,pm_trade,excess_return,-0.0,-0.038002,-0.178
2016-02-29,haiku,equities,conv,mapped,excess_return,-0.000164,-0.000164,
2016-03-31,haiku,equities,conv,mapped,excess_return,-0.001976,-0.00214,
2016-04-30,haiku,equities,conv,mapped,excess_return,0.000789,-0.001352,
2016-05-31,haiku,equities,conv,mapped,excess_return,0.008545,0.007182,
2016-06-30,haiku,equities,conv,mapped,excess_return,0.012918,0.020192,
2016-07-31,haiku,equities,conv,mapped,excess_return,-0.042714,-0.023385,
2016-08-31,haiku,equities,conv,mapped,excess_return,-4e-05,-0.023423,
2016-09-30,haiku,equities,conv,mapped,excess_return,-0.000618,-0.024027,
2016-10-31,haiku,equities,conv,mapped,excess_return,0.004116,-0.02001,
2016-11-30,haiku,equities,conv,mapped,excess_return,-0.00602,-0.025909,
2016-12-31,haiku,equities,conv,mapped,excess_return,0.000167,-0.025747,
2017-01-31,haiku,equities,conv,mapped,excess_return,-0.005316,-0.030926,-0.637
2017-02-28,haiku,equities,conv,mapped,excess_return,0.013194,-0.01814,-0.338
2017-03-31,haiku,equities,conv,mapped,excess_return,5.6e-05,-0.018085,-0.298
2017-04-30,haiku,equities,conv,mapped,excess_return,-0.002655,-0.020691,-0.367
2017-05-31,haiku,equities,conv,mapped,excess_return,-0.004651,-0.025246,-0.645
2017-06-30,haiku,equities,conv,mapped,excess_return,-0.001061,-0.02628,-0.991
2017-07-31,haiku,equities,conv,mapped,excess_return,0.009528,-0.017003,0.332
2017-08-31,haiku,equities,conv,mapped,excess_return,-0.001877,-0.018848,0.239
2017-09-30,haiku,equities,conv,mapped,excess_return,-0.009363,-0.028034,-0.172
2017-10-31,haiku,equities,conv,mapped,excess_return,0.001546,-0.026532,-0.291
2017-11-30,haiku,equities,conv,mapped,excess_return,-0.000945,-0.027452,-0.065
2017-12-31,haiku,equities,conv,mapped,excess_return,-0.003051,-0.030419,-0.213
2018-01-31,haiku,equities,conv,mapped,excess_return,-0.015373,-0.045324,-0.565
2018-02-28,haiku,equities,conv,mapped,excess_return,0.001076,-0.044297,-1.278
2018-03-31,haiku,equities,conv,mapped,excess_return,0.003627,-0.040831,-1.071
2018-04-30,haiku,equities,conv,mapped,excess_return,-0.005017,-0.045643,-1.168
2018-05-31,haiku,equities,conv,mapped,excess_return,-0.00299,-0.048497,-1.1
2018-06-30,haiku,equities,conv,mapped,excess_return,0.000208,-0.048299,-1.037
2018-07-31,haiku,equities,conv,mapped,excess_return,-0.008224,-0.056126,-2.16
2018-08-31,haiku,equities,conv,mapped,excess_return,0.000377,-0.05577,-2.005
2018-09-30,haiku,equities,conv,mapped,excess_return,-0.000336,-0.056087,-1.623
2018-10-31,haiku,equities,conv,mapped,excess_return,-0.000663,-0.056713,-1.786
2018-11-30,haiku,equities,conv,mapped,excess_return,-0.028113,-0.083232,-1.901
2018-12-31,haiku,equities,conv,mapped,excess_return,-0.004,-0.086899,-1.934
2019-01-31,haiku,equities,conv,mapped,excess_return,-0.046815,-0.129645,-1.766
2019-02-28,haiku,equities,conv,mapped,excess_return,0.015882,-0.115822,-1.356
2019-03-31,haiku,equities,conv,mapped,excess_return,-0.004132,-0.119476,-1.521
2019-04-30,haiku,equities,conv,mapped,excess_return,-0.004082,-0.12307,-1.503
2019-05-31,haiku,equities,conv,mapped,excess_return,-0.018765,-0.139525,-1.756
2019-06-30,haiku,equities,conv,mapped,excess_return,-0.006509,-0.145126,-1.899
2019-07-31,haiku,equities,conv,mapped,excess_return,0.006068,-0.139939,-1.586
2019-08-31,haiku,equities,conv,mapped,excess_return,-0.005149,-0.144367,-1.699
2019-09-30,haiku,equities,conv,mapped,excess_return,-0.005749,-0.149286,-1.811
2019-10-31,haiku,equities,conv,mapped,excess_return,0.004759,-0.145237,-1.683
2019-11-30,haiku,equities,conv,mapped,excess_return,0.016014,-0.131549,-0.912
2019-12-31,haiku,equities,conv,mapped,excess_return,0.004342,-0.127778,-0.758
2020-01-31,haiku,equities,conv,mapped,excess_return,0.000803,-0.127078,0.102
2020-02-29,haiku,equities,conv,mapped,excess_return,0.054562,-0.07945,0.668
2020-03-31,haiku,equities,conv,mapped,excess_return,0.039778,-0.042832,1.196
2020-04-30,haiku,equities,conv,mapped,excess_return,-0.001471,-0.04424,1.239
2020-05-31,haiku,equities,conv,mapped,excess_return,0.012285,-0.032499,1.823
2020-06-30,haiku,equities,conv,mapped,excess_return,0.001226,-0.031313,1.992
2020-07-31,haiku,equities,conv,mapped,excess_return,-0.025451,-0.055967,1.305
2020-08-31,haiku,equities,conv,mapped,excess_return,0.022767,-0.034474,1.688
2020-09-30,haiku,equities,conv,mapped,excess_return,-0.002639,-0.037022,1.747
2020-10-31,haiku,equities,conv,mapped,excess_return,0.000298,-0.036735,1.674
2020-11-30,haiku,equities,conv,mapped,excess_return,-0.059173,-0.093735,0.472
2020-12-31,haiku,equities,conv,mapped,excess_return,0.007121,-0.087281,0.499
2021-01-31,haiku,equities,conv,mapped,excess_return,0.00084,-0.086515,0.5
2021-02-28,haiku,equities,conv,mapped,excess_return,-0.009837,-0.095501,-0.169
2021-03-31,haiku,equities,conv,mapped,excess_return,0.0022,-0.093511,-0.719
2021-04-30,haiku,equities,conv,mapped,excess_return,-0.006109,-0.099049,-0.784
2021-05-31,haiku,equities,conv,mapped,excess_return,-0.00082,-0.099787,-0.997
2021-06-30,haiku,equities,conv,mapped,excess_return,-0.003363,-0.102815,-1.068
2021-07-31,haiku,equities,conv,mapped,excess_return,-0.001392,-0.104064,-0.756
2021-08-31,haiku,equities,conv,mapped,excess_return,-0.019457,-0.121496,-1.52
2021-09-30,haiku,equities,conv,mapped,excess_return,-0.000684,-0.122097,-1.483
2021-10-31,haiku,equities,conv,mapped,excess_return,-0.006945,-0.128194,-1.617
2021-11-30,haiku,equities,conv,mapped,excess_return,0.000187,-0.128031,-1.623
2021-12-31,haiku,equities,conv,mapped,excess_return,-0.015652,-0.141679,-2.574
2022-01-31,haiku,equities,conv,mapped,excess_return,0.010409,-0.132745,-1.846
2022-02-28,haiku,equities,conv,mapped,excess_return,-0.001234,-0.133816,-1.568
2022-03-31,haiku,equities,conv,mapped,excess_return,-0.008595,-0.14126,-1.989
2022-04-30,haiku,equities,conv,mapped,excess_return,-0.011216,-0.150892,-2.114
2022-05-31,haiku,equities,conv,mapped,excess_return,-0.003881,-0.154187,-2.251
2022-06-30,haiku,equities,conv,mapped,excess_return,0.007628,-0.147735,-1.678
2022-07-31,haiku,equities,conv,mapped,excess_return,-0.023877,-0.168084,-2.046
2022-08-31,haiku,equities,conv,mapped,excess_return,-0.004154,-0.17154,-1.771
2022-09-30,haiku,equities,conv,mapped,excess_return,0.030654,-0.146145,-0.552
2022-10-31,haiku,equities,conv,mapped,excess_return,-0.054412,-0.192604,-1.04
2022-11-30,haiku,equities,conv,mapped,excess_return,0.007983,-0.186159,-0.916
2022-12-31,haiku,equities,conv,mapped,excess_return,-0.025333,-0.206776,-1.02
2023-01-31,haiku,equities,conv,mapped,excess_return,-0.00577,-0.211353,-1.275
2023-02-28,haiku,equities,conv,mapped,excess_return,-0.006188,-0.216233,-1.35
2023-03-31,haiku,equities,conv,mapped,excess_return,-0.017627,-0.230048,-1.462
2023-04-30,haiku,equities,conv,mapped,excess_return,0.000583,-0.2296,-1.29
2023-05-31,haiku,equities,conv,mapped,excess_return,0.000676,-0.229079,-1.221
2023-06-30,haiku,equities,conv,mapped,excess_return,-0.017058,-0.242229,-1.587
2023-07-31,haiku,equities,conv,mapped,excess_return,0.000459,-0.241881,-1.27
2023-08-31,haiku,equities,conv,mapped,excess_return,0.009389,-0.234763,-1.051
2023-09-30,haiku,equities,conv,mapped,excess_return,0.018334,-0.220733,-1.329
2023-10-31,haiku,equities,conv,mapped,excess_return,0.008401,-0.214186,-0.587
2023-11-30,haiku,equities,conv,mapped,excess_return,-0.038932,-0.24478,-1.303
2023-12-31,haiku,equities,conv,mapped,excess_return,0.01514,-0.233346,-0.587
2024-01-31,haiku,equities,conv,mapped,excess_return,-0.002528,-0.235284,-0.53
2024-02-29,haiku,equities,conv,mapped,excess_return,-0.006333,-0.240127,-0.532
2024-03-31,haiku,equities,conv,mapped,excess_return,-0.008321,-0.24645,-0.378
2024-04-30,haiku,equities,conv,mapped,excess_return,0.005987,-0.241938,-0.274
2024-05-31,haiku,equities,conv,mapped,excess_return,-0.014187,-0.252693,-0.535
2024-06-30,haiku,equities,conv,mapped,excess_return,-0.002036,-0.254215,-0.276
2024-07-31,haiku,equities,conv,mapped,excess_return,0.000762,-0.253646,-0.27
2024-08-31,haiku,equities,conv,mapped,excess_return,-0.005378,-0.25766,-0.561
2024-09-30,haiku,equities,conv,mapped,excess_return,-0.002801,-0.25974,-1.075
2024-10-31,haiku,equities,conv,mapped,excess_return,0.002899,-0.257594,-1.228
2024-11-30,haiku,equities,conv,mapped,excess_return,-0.007224,-0.262957,-0.912
2024-12-31,haiku,equities,conv,mapped,excess_return,0.000196,-0.262812,-2.058
2025-01-31,haiku,equities,conv,mapped,excess_return,-0.001361,-0.263815,-1.988
2025-02-28,haiku,equities,conv,mapped,excess_return,0.005508,-0.25976,-1.267
2025-03-31,haiku,equities,conv,mapped,excess_return,-0.004897,-0.263385,-1.148
2025-04-30,haiku,equities,conv,mapped,excess_return,0.001503,-0.262278,-1.491
2025-05-31,haiku,equities,conv,mapped,excess_return,-0.028842,-0.283556,-1.37
2025-06-30,haiku,equities,conv,mapped,excess_return,0.014093,-0.273459,-0.727
2025-07-31,haiku,equities,conv,mapped,excess_return,0.000241,-0.273284,-0.742
2025-08-31,haiku,equities,conv,mapped,excess_return,-0.001357,-0.27427,-0.631
2025-09-30,haiku,equities,conv,mapped,excess_return,0.002127,-0.272727,-0.487
2025-10-31,haiku,equities,conv,mapped,excess_return,-0.001817,-0.274048,-0.627
2025-11-30,haiku,equities,conv,mapped,excess_return,0.000256,-0.273862,-0.418
2025-12-31,haiku,equities,conv,mapped,excess_return,-0.002674,-0.275804,-0.501
2026-01-31,haiku,equities,conv,mapped,excess_return,-0.000301,-0.276022,-0.47
2026-02-28,haiku,equities,conv,mapped,excess_return,0.005751,-0.271858,-0.463
2026-03-31,haiku,equities,conv,mapped,excess_return,0.011818,-0.263253,0.022
2026-04-30,haiku,equities,conv,mapped,excess_return,-0.024226,-0.281101,-0.57
2026-05-31,haiku,equities,conv,mapped,excess_return,0.007285,-0.275864,0.336
2026-06-30,haiku,equities,conv,mapped,excess_return,0.007286,-0.270588,0.142
2016-02-29,haiku,equities,conv,pm_trade,excess_return,-0.002293,-0.002293,
2016-03-31,haiku,equities,conv,pm_trade,excess_return,-0.016275,-0.01853,
2016-04-30,haiku,equities,conv,pm_trade,excess_return,-0.005525,-0.023953,
2016-05-31,haiku,equities,conv,pm_trade,excess_return,0.011644,-0.012588,
2016-06-30,haiku,equities,conv,pm_trade,excess_return,0.016376,0.003582,
2016-07-31,haiku,equities,conv,pm_trade,excess_return,-0.02392,-0.020423,
2016-08-31,haiku,equities,conv,pm_trade,excess_return,-6.5e-05,-0.020487,
2016-09-30,haiku,equities,conv,pm_trade,excess_return,-0.000468,-0.020945,
2016-10-31,haiku,equities,conv,pm_trade,excess_return,0.010061,-0.011094,
2016-11-30,haiku,equities,conv,pm_trade,excess_return,-0.01075,-0.021724,
2016-12-31,haiku,equities,conv,pm_trade,excess_return,-0.004002,-0.025639,
2017-01-31,haiku,equities,conv,pm_trade,excess_return,-0.010248,-0.035624,-0.874
2017-02-28,haiku,equities,conv,pm_trade,excess_return,0.01748,-0.018767,-0.345
2017-03-31,haiku,equities,conv,pm_trade,excess_return,0.000197,-0.018574,0.018
2017-04-30,haiku,equities,conv,pm_trade,excess_return,-0.003379,-0.02189,0.069
2017-05-31,haiku,equities,conv,pm_trade,excess_return,-0.00893,-0.030624,-0.429
2017-06-30,haiku,equities,conv,pm_trade,excess_return,-0.00104,-0.031633,-0.967
2017-07-31,haiku,equities,conv,pm_trade,excess_return,0.011331,-0.02066,0.006
2017-08-31,haiku,equities,conv,pm_trade,excess_return,-0.004231,-0.024803,-0.128
2017-09-30,haiku,equities,conv,pm_trade,excess_return,-0.020986,-0.045268,-0.657
2017-10-31,haiku,equities,conv,pm_trade,excess_return,0.008655,-0.037005,-0.704
2017-11-30,haiku,equities,conv,pm_trade,excess_return,-0.002361,-0.039279,-0.492
2017-12-31,haiku,equities,conv,pm_trade,excess_return,-0.009933,-0.048822,-0.642
2018-01-31,haiku,equities,conv,pm_trade,excess_return,-0.026035,-0.073586,-0.907
2018-02-28,haiku,equities,conv,pm_trade,excess_return,0.008605,-0.065615,-1.224
2018-03-31,haiku,equities,conv,pm_trade,excess_return,-0.0,-0.065615,-1.229
2018-04-30,haiku,equities,conv,pm_trade,excess_return,-0.006975,-0.072132,-1.317
2018-05-31,haiku,equities,conv,pm_trade,excess_return,-0.008971,-0.080456,-1.318
2018-06-30,haiku,equities,conv,pm_trade,excess_return,0.000243,-0.080233,-1.281
2018-07-31,haiku,equities,conv,pm_trade,excess_return,-0.016449,-0.095362,-2.102
2018-08-31,haiku,equities,conv,pm_trade,excess_return,-0.012063,-0.106275,-2.294
2018-09-30,haiku,equities,conv,pm_trade,excess_return,-0.001423,-0.107548,-1.919
2018-10-31,haiku,equities,conv,pm_trade,excess_return,0.030963,-0.079914,-0.907
2018-11-30,haiku,equities,conv,pm_trade,excess_return,-0.027332,-0.105062,-1.278
2018-12-31,haiku,equities,conv,pm_trade,excess_return,0.034997,-0.073742,-0.362
2019-01-31,haiku,equities,conv,pm_trade,excess_return,-0.024921,-0.096825,-0.348
2019-02-28,haiku,equities,conv,pm_trade,excess_return,0.026471,-0.072917,-0.075
2019-03-31,haiku,equities,conv,pm_trade,excess_return,-0.005259,-0.077792,-0.148
2019-04-30,haiku,equities,conv,pm_trade,excess_return,-0.009072,-0.086158,-0.176
2019-05-31,haiku,equities,conv,pm_trade,excess_return,-0.034985,-0.118129,-0.485
2019-06-30,haiku,equities,conv,pm_trade,excess_return,0.023981,-0.09698,-0.178
2019-07-31,haiku,equities,conv,pm_trade,excess_return,0.009765,-0.088162,0.133
2019-08-31,haiku,equities,conv,pm_trade,excess_return,0.011263,-0.077892,0.416
2019-09-30,haiku,equities,conv,pm_trade,excess_return,-0.007665,-0.08496,0.338
2019-10-31,haiku,equities,conv,pm_trade,excess_return,0.007014,-0.078543,0.055
2019-11-30,haiku,equities,conv,pm_trade,excess_return,0.024173,-0.056268,0.747
2019-12-31,haiku,equities,conv,pm_trade,excess_return,-0.009473,-0.065209,0.166
2020-01-31,haiku,equities,conv,pm_trade,excess_return,0.001499,-0.063808,0.611
2020-02-29,haiku,equities,conv,pm_trade,excess_return,0.054352,-0.012923,0.846
2020-03-31,haiku,equities,conv,pm_trade,excess_return,0.069786,0.055961,1.414
2020-04-30,haiku,equities,conv,pm_trade,excess_return,0.041183,0.099449,1.896
2020-05-31,haiku,equities,conv,pm_trade,excess_return,-0.026459,0.070358,2.072
2020-06-30,haiku,equities,conv,pm_trade,excess_return,0.00313,0.073709,1.846
2020-07-31,haiku,equities,conv,pm_trade,excess_return,-0.030984,0.040441,1.287
2020-08-31,haiku,equities,conv,pm_trade,excess_return,0.033318,0.075106,1.462
2020-09-30,haiku,equities,conv,pm_trade,excess_return,0.020524,0.097171,1.757
2020-10-31,haiku,equities,conv,pm_trade,excess_return,-0.003354,0.093491,1.639
2020-11-30,haiku,equities,conv,pm_trade,excess_return,-0.028586,0.062233,1.077
2020-12-31,haiku,equities,conv,pm_trade,excess_return,0.011773,0.074738,1.282
2021-01-31,haiku,equities,conv,pm_trade,excess_return,-0.00063,0.074061,1.261
2021-02-28,haiku,equities,conv,pm_trade,excess_return,-0.013208,0.059875,0.717
2021-03-31,haiku,equities,conv,pm_trade,excess_return,0.015401,0.076198,0.268
2021-04-30,haiku,equities,conv,pm_trade,excess_return,-0.018591,0.05619,-0.52
2021-05-31,haiku,equities,conv,pm_trade,excess_return,-0.00279,0.053243,-0.206
2021-06-30,haiku,equities,conv,pm_trade,excess_return,-0.005766,0.047171,-0.338
2021-07-31,haiku,equities,conv,pm_trade,excess_return,-0.01114,0.035505,-0.05
2021-08-31,haiku,equities,conv,pm_trade,excess_return,-0.017647,0.017232,-1.06
2021-09-30,haiku,equities,conv,pm_trade,excess_return,-0.003829,0.013337,-1.818
2021-10-31,haiku,equities,conv,pm_trade,excess_return,-0.012153,0.001021,-2.013
2021-11-30,haiku,equities,conv,pm_trade,excess_return,0.000409,0.001431,-1.573
2021-12-31,haiku,equities,conv,pm_trade,excess_return,-0.013527,-0.012115,-2.528
2022-01-31,haiku,equities,conv,pm_trade,excess_return,0.038165,0.025587,-0.798
2022-02-28,haiku,equities,conv,pm_trade,excess_return,0.003261,0.028932,-0.51
2022-03-31,haiku,equities,conv,pm_trade,excess_return,-0.013079,0.015474,-1.077
2022-04-30,haiku,equities,conv,pm_trade,excess_return,-0.040377,-0.025527,-1.256
2022-05-31,haiku,equities,conv,pm_trade,excess_return,-0.002717,-0.028175,-1.255
2022-06-30,haiku,equities,conv,pm_trade,excess_return,0.032274,0.00319,-0.549
2022-07-31,haiku,equities,conv,pm_trade,excess_return,-0.036518,-0.033444,-0.816
2022-08-31,haiku,equities,conv,pm_trade,excess_return,0.008127,-0.025589,-0.497
2022-09-30,haiku,equities,conv,pm_trade,excess_return,0.040871,0.014236,0.052
2022-11-30,haiku,equities,conv,pm_trade,excess_return,-0.010747,0.003336,0.067
2022-12-31,haiku,equities,conv,pm_trade,excess_return,-0.016809,-0.013529,-0.119
2023-01-31,haiku,equities,conv,pm_trade,excess_return,0.0,-0.013529,0.027
2023-02-28,haiku,equities,conv,pm_trade,excess_return,0.008071,-0.005567,-0.333
2023-03-31,haiku,equities,conv,pm_trade,excess_return,-0.014896,-0.020379,-0.547
2023-04-30,haiku,equities,conv,pm_trade,excess_return,-0.00408,-0.024377,-0.443
2023-05-31,haiku,equities,conv,pm_trade,excess_return,0.00165,-0.022767,0.072
2023-06-30,haiku,equities,conv,pm_trade,excess_return,-0.03051,-0.052582,-0.286
2023-07-31,haiku,equities,conv,pm_trade,excess_return,-0.014418,-0.066242,-0.987
2023-08-31,haiku,equities,conv,pm_trade,excess_return,0.022951,-0.044812,-0.146
2023-09-30,haiku,equities,conv,pm_trade,excess_return,0.017887,-0.027726,-0.0
2023-10-31,haiku,equities,conv,pm_trade,excess_return,0.010911,-0.017118,-0.549
2023-11-30,haiku,equities,conv,pm_trade,excess_return,-0.067936,-0.08389,-1.022
2023-12-31,haiku,equities,conv,pm_trade,excess_return,-0.01514,-0.09776,-1.004
2024-01-31,haiku,equities,conv,pm_trade,excess_return,-0.006454,-0.103583,-1.084
2024-02-29,haiku,equities,conv,pm_trade,excess_return,-0.013039,-0.115272,-1.36
2024-03-31,haiku,equities,conv,pm_trade,excess_return,-0.016201,-0.129605,-1.374
2024-04-30,haiku,equities,conv,pm_trade,excess_return,0.019958,-0.112234,-1.023
2024-05-31,haiku,equities,conv,pm_trade,excess_return,-0.017535,-0.127801,-1.242
2024-06-30,haiku,equities,conv,pm_trade,excess_return,-0.01096,-0.13736,-1.057
2024-07-31,haiku,equities,conv,pm_trade,excess_return,0.000813,-0.136659,-0.878
2024-08-31,haiku,equities,conv,pm_trade,excess_return,-0.0174,-0.151682,-1.449
2024-09-30,haiku,equities,conv,pm_trade,excess_return,-0.004358,-0.155378,-1.857
2024-10-31,haiku,equities,conv,pm_trade,excess_return,0.005531,-0.150707,-1.972
2024-11-30,haiku,equities,conv,pm_trade,excess_return,-0.00903,-0.158376,-2.161
2024-12-31,haiku,equities,conv,pm_trade,excess_return,0.004583,-0.154518,-1.632
2025-01-31,haiku,equities,conv,pm_trade,excess_return,0.002231,-0.152632,-1.387
2025-02-28,haiku,equities,conv,pm_trade,excess_return,0.005841,-0.147683,-0.912
2025-03-31,haiku,equities,conv,pm_trade,excess_return,0.022851,-0.128206,0.056
2025-04-30,haiku,equities,conv,pm_trade,excess_return,-0.004477,-0.132109,-0.556
2025-05-31,haiku,equities,conv,pm_trade,excess_return,-0.037326,-0.164504,-0.814
2025-06-30,haiku,equities,conv,pm_trade,excess_return,0.016703,-0.150549,-0.259
2025-07-31,haiku,equities,conv,pm_trade,excess_return,0.011248,-0.140995,-0.065
2025-08-31,haiku,equities,conv,pm_trade,excess_return,-0.003064,-0.143627,0.204
2025-09-30,haiku,equities,conv,pm_trade,excess_return,-0.009022,-0.151353,0.114
2025-10-31,haiku,equities,conv,pm_trade,excess_return,-0.012114,-0.161634,-0.213
2025-11-30,haiku,equities,conv,pm_trade,excess_return,0.00042,-0.161282,-0.04
2025-12-31,haiku,equities,conv,pm_trade,excess_return,-0.003313,-0.164061,-0.187
2026-01-31,haiku,equities,conv,pm_trade,excess_return,-0.00039,-0.164387,-0.237
2026-02-28,haiku,equities,conv,pm_trade,excess_return,0.003745,-0.161257,-0.278
2026-03-31,haiku,equities,conv,pm_trade,excess_return,0.041933,-0.126086,0.067
2026-04-30,haiku,equities,conv,pm_trade,excess_return,-0.083409,-0.198979,-0.703
2026-05-31,haiku,equities,conv,pm_trade,excess_return,0.01401,-0.187756,-0.228
2026-06-30,haiku,equities,conv,pm_trade,excess_return,0.01,-0.179634,-0.297
2016-02-29,haiku,equities,raw,mapped,excess_return,-0.002293,-0.002293,
2016-03-31,haiku,equities,raw,mapped,excess_return,-0.008137,-0.010411,
2016-04-30,haiku,equities,raw,mapped,excess_return,0.000395,-0.010021,
2016-05-31,haiku,equities,raw,mapped,excess_return,0.009155,-0.000957,
2016-06-30,haiku,equities,raw,mapped,excess_return,-0.008823,-0.009772,
2016-07-31,haiku,equities,raw,mapped,excess_return,-0.042714,-0.052069,
2016-08-31,haiku,equities,raw,mapped,excess_return,6e-06,-0.052063,
2016-09-30,haiku,equities,raw,mapped,excess_return,0.000434,-0.051652,
2016-10-31,haiku,equities,raw,mapped,excess_return,0.005031,-0.046881,
2016-11-30,haiku,equities,raw,mapped,excess_return,-0.005912,-0.052516,
2016-12-31,haiku,equities,raw,mapped,excess_return,-0.000333,-0.052832,
2017-01-31,haiku,equities,raw,mapped,excess_return,0.002882,-0.050102,-1.101
2017-02-28,haiku,equities,raw,mapped,excess_return,-0.002101,-0.052098,-1.096
2017-03-31,haiku,equities,raw,mapped,excess_return,-7e-05,-0.052164,-0.921
2017-04-30,haiku,equities,raw,mapped,excess_return,-0.002051,-0.054109,-0.978
2017-05-31,haiku,equities,raw,mapped,excess_return,-0.001488,-0.055516,-1.27
2017-06-30,haiku,equities,raw,mapped,excess_return,-0.00052,-0.056007,-1.081
2017-07-31,haiku,equities,raw,mapped,excess_return,0.000258,-0.055764,-0.417
2017-08-31,haiku,equities,raw,mapped,excess_return,-0.002115,-0.057762,-0.635
2017-09-30,haiku,equities,raw,mapped,excess_return,0.001614,-0.056241,-0.499
2017-10-31,haiku,equities,raw,mapped,excess_return,0.000927,-0.055365,-1.141
2017-11-30,haiku,equities,raw,mapped,excess_return,-0.002007,-0.057261,-0.883
2017-12-31,haiku,equities,raw,mapped,excess_return,0.006385,-0.051242,0.193
2018-01-31,haiku,equities,raw,mapped,excess_return,-0.006509,-0.057417,-0.73
2018-02-28,haiku,equities,raw,mapped,excess_return,0.002689,-0.054882,-0.266
2018-03-31,haiku,equities,raw,mapped,excess_return,0.004295,-0.050823,0.125
2018-04-30,haiku,equities,raw,mapped,excess_return,-0.003488,-0.054133,0.003
2018-05-31,haiku,equities,raw,mapped,excess_return,-0.004652,-0.058533,-0.241
2018-06-30,haiku,equities,raw,mapped,excess_return,0.000323,-0.058229,-0.176
2018-07-31,haiku,equities,raw,mapped,excess_return,-0.001828,-0.05995,-0.334
2018-08-31,haiku,equities,raw,mapped,excess_return,-0.00377,-0.063494,-0.449
2018-09-30,haiku,equities,raw,mapped,excess_return,5.1e-05,-0.063446,-0.573
2018-10-31,haiku,equities,raw,mapped,excess_return,-0.008847,-0.071731,-1.127
2018-11-30,haiku,equities,raw,mapped,excess_return,-0.001464,-0.073091,-1.092
2018-12-31,haiku,equities,raw,mapped,excess_return,0.033748,-0.04181,0.277
2019-01-31,haiku,equities,raw,mapped,excess_return,-0.024031,-0.064836,-0.154
2019-02-28,haiku,equities,raw,mapped,excess_return,-0.005414,-0.069899,-0.333
2019-03-31,haiku,equities,raw,mapped,excess_return,-0.003381,-0.073043,-0.507
2019-04-30,haiku,equities,raw,mapped,excess_return,0.014061,-0.06001,-0.109
2019-05-31,haiku,equities,raw,mapped,excess_return,0.00318,-0.05702,0.055
2019-06-30,haiku,equities,raw,mapped,excess_return,-0.027407,-0.082864,-0.457
2019-07-31,haiku,equities,raw,mapped,excess_return,-0.001395,-0.084144,-0.449
2019-08-31,haiku,equities,raw,mapped,excess_return,0.010861,-0.074197,-0.178
2019-09-30,haiku,equities,raw,mapped,excess_return,-0.00737,-0.08102,-0.308
2019-10-31,haiku,equities,raw,mapped,excess_return,-0.007515,-0.087926,-0.285
2019-11-30,haiku,equities,raw,mapped,excess_return,0.010072,-0.07874,-0.08
2019-12-31,haiku,equities,raw,mapped,excess_return,0.015394,-0.064558,-0.479
2020-01-31,haiku,equities,raw,mapped,excess_return,-0.001338,-0.065809,-0.006
2020-02-29,haiku,equities,raw,mapped,excess_return,0.028221,-0.039445,0.675
2020-03-31,haiku,equities,raw,mapped,excess_return,-0.024425,-0.062907,0.219
2020-04-30,haiku,equities,raw,mapped,excess_return,-0.041183,-0.1015,-0.629
2020-05-31,haiku,equities,raw,mapped,excess_return,-0.023624,-0.122726,-0.988
2020-06-30,haiku,equities,raw,mapped,excess_return,0.001565,-0.121353,-0.61
2020-07-31,haiku,equities,raw,mapped,excess_return,-0.029878,-0.147605,-0.965
2020-08-31,haiku,equities,raw,mapped,excess_return,-0.006478,-0.153127,-1.248
2020-09-30,haiku,equities,raw,mapped,excess_return,-0.005131,-0.157472,-1.215
2020-10-31,haiku,equities,raw,mapped,excess_return,-0.000932,-0.158257,-1.116
2020-11-30,haiku,equities,raw,mapped,excess_return,-0.005717,-0.16307,-1.389
2020-12-31,haiku,equities,raw,mapped,excess_return,0.000712,-0.162474,-1.71
2021-01-31,haiku,equities,raw,mapped,excess_return,0.001364,-0.161331,-1.656
2021-02-28,haiku,equities,raw,mapped,excess_return,0.012038,-0.151235,-2.217
2021-03-31,haiku,equities,raw,mapped,excess_return,-0.013201,-0.162439,-2.092
2021-04-30,haiku,equities,raw,mapped,excess_return,0.00664,-0.156878,-1.502
2021-05-31,haiku,equities,raw,mapped,excess_return,-0.000174,-0.157025,-1.068
2021-06-30,haiku,equities,raw,mapped,excess_return,-0.00048,-0.15743,-1.131
2021-07-31,haiku,equities,raw,mapped,excess_return,0.010095,-0.148924,-0.051
2021-08-31,haiku,equities,raw,mapped,excess_return,-0.004751,-0.152968,0.019
2021-09-30,haiku,equities,raw,mapped,excess_return,-0.00041,-0.153315,0.217
2021-10-31,haiku,equities,raw,mapped,excess_return,-0.014758,-0.16581,-0.305
2021-11-30,haiku,equities,raw,mapped,excess_return,-0.0,-0.16581,-0.105
2021-12-31,haiku,equities,raw,mapped,excess_return,-0.003865,-0.169034,-0.268
2022-01-31,haiku,equities,raw,mapped,excess_return,0.013011,-0.158223,0.133
2022-02-28,haiku,equities,raw,mapped,excess_return,0.00559,-0.153517,-0.079
2022-03-31,haiku,equities,raw,mapped,excess_return,-0.012612,-0.164193,-0.06
2022-04-30,haiku,equities,raw,mapped,excess_return,0.013459,-0.152944,0.163
2022-05-31,haiku,equities,raw,mapped,excess_return,0.000679,-0.152368,0.191
2022-06-30,haiku,equities,raw,mapped,excess_return,0.021272,-0.134338,0.74
2022-07-31,haiku,equities,raw,mapped,excess_return,-0.024579,-0.155615,-0.155
2022-08-31,haiku,equities,raw,mapped,excess_return,0.005869,-0.150659,0.081
2022-09-30,haiku,equities,raw,mapped,excess_return,0.027734,-0.127104,0.603
2022-10-31,haiku,equities,raw,mapped,excess_return,-0.022762,-0.146972,0.424
2022-11-30,haiku,equities,raw,mapped,excess_return,-0.001151,-0.147955,0.403
2022-12-31,haiku,equities,raw,mapped,excess_return,-0.001801,-0.149489,0.441
2023-01-31,haiku,equities,raw,mapped,excess_return,-0.004328,-0.15317,0.134
2023-02-28,haiku,equities,raw,mapped,excess_return,-0.001009,-0.154024,0.014
2023-03-31,haiku,equities,raw,mapped,excess_return,-0.00993,-0.162425,0.064
2023-04-30,haiku,equities,raw,mapped,excess_return,-0.004518,-0.166209,-0.278
2023-05-31,haiku,equities,raw,mapped,excess_return,-0.002145,-0.167998,-0.332
2023-06-30,haiku,equities,raw,mapped,excess_return,0.000693,-0.167421,-0.821
2023-07-31,haiku,equities,raw,mapped,excess_return,0.010158,-0.158963,-0.077
2023-08-31,haiku,equities,raw,mapped,excess_return,0.012519,-0.148434,0.08
2023-09-30,haiku,equities,raw,mapped,excess_return,0.005962,-0.143357,-0.574
2023-10-31,haiku,equities,raw,mapped,excess_return,0.002728,-0.14102,0.325
2023-11-30,haiku,equities,raw,mapped,excess_return,-0.027436,-0.164587,-0.534
2023-12-31,haiku,equities,raw,mapped,excess_return,0.008651,-0.15736,-0.233
2024-01-31,haiku,equities,raw,mapped,excess_return,0.000538,-0.156906,-0.102
2024-02-29,haiku,equities,raw,mapped,excess_return,0.000466,-0.156514,-0.063
2024-03-31,haiku,equities,raw,mapped,excess_return,0.001473,-0.155272,0.256
2024-04-30,haiku,equities,raw,mapped,excess_return,0.001663,-0.153867,0.437
2024-05-31,haiku,equities,raw,mapped,excess_return,0.007173,-0.147797,0.698
2024-06-30,haiku,equities,raw,mapped,excess_return,-0.007829,-0.154469,0.439
2024-07-31,haiku,equities,raw,mapped,excess_return,-0.001575,-0.1558,0.123
2024-08-31,haiku,equities,raw,mapped,excess_return,0.000791,-0.155132,-0.225
2024-09-30,haiku,equities,raw,mapped,excess_return,-0.003891,-0.15842,-0.537
2024-10-31,haiku,equities,raw,mapped,excess_return,-0.000892,-0.15917,-0.656
2024-11-30,haiku,equities,raw,mapped,excess_return,-0.000903,-0.15993,0.374
2024-12-31,haiku,equities,raw,mapped,excess_return,-0.004256,-0.163505,-0.563
2025-01-31,haiku,equities,raw,mapped,excess_return,-0.002788,-0.165837,-0.814
2025-02-28,haiku,equities,raw,mapped,excess_return,0.008345,-0.158876,-0.169
2025-03-31,haiku,equities,raw,mapped,excess_return,0.017954,-0.143774,0.57
2025-04-30,haiku,equities,raw,mapped,excess_return,0.004157,-0.140215,0.668
2025-05-31,haiku,equities,raw,mapped,excess_return,-0.018663,-0.156261,-0.312
2025-06-30,haiku,equities,raw,mapped,excess_return,-0.001566,-0.157582,-0.111
2025-07-31,haiku,equities,raw,mapped,excess_return,-0.008034,-0.16435,-0.318
2025-08-31,haiku,equities,raw,mapped,excess_return,0.005581,-0.159686,-0.158
2025-09-30,haiku,equities,raw,mapped,excess_return,0.001611,-0.158332,0.018
2025-10-31,haiku,equities,raw,mapped,excess_return,0.002019,-0.156633,0.111
2025-11-30,haiku,equities,raw,mapped,excess_return,0.000175,-0.156485,0.146
2025-12-31,haiku,equities,raw,mapped,excess_return,-0.000237,-0.156685,0.279
2026-01-31,haiku,equities,raw,mapped,excess_return,-9.7e-05,-0.156767,0.369
2026-02-28,haiku,equities,raw,mapped,excess_return,0.001204,-0.155752,0.14
2026-03-31,haiku,equities,raw,mapped,excess_return,0.019061,-0.13966,0.173
2026-04-30,haiku,equities,raw,mapped,excess_return,-0.078196,-0.206936,-0.921
2026-05-31,haiku,equities,raw,mapped,excess_return,0.004203,-0.203602,-0.652
2026-06-30,haiku,equities,raw,mapped,excess_return,0.001429,-0.202464,-0.615
2016-02-29,haiku,equities,raw,pm_trade,excess_return,0.003603,0.003603,
2016-03-31,haiku,equities,raw,pm_trade,excess_return,0.020924,0.024603,
2016-04-30,haiku,equities,raw,pm_trade,excess_return,0.007104,0.031881,
2016-05-31,haiku,equities,raw,pm_trade,excess_return,0.00939,0.041571,
2016-07-31,haiku,equities,raw,pm_trade,excess_return,0.030754,0.073604,
2016-08-31,haiku,equities,raw,pm_trade,excess_return,-4.1e-05,0.073559,
2016-09-30,haiku,equities,raw,pm_trade,excess_return,-0.000468,0.073058,
2016-10-31,haiku,equities,raw,pm_trade,excess_return,0.006403,0.079928,
2016-11-30,haiku,equities,raw,pm_trade,excess_return,0.015049,0.09618,
2016-12-31,haiku,equities,raw,pm_trade,excess_return,-0.004669,0.091063,
2017-01-31,haiku,equities,raw,pm_trade,excess_return,-0.006405,0.084074,
2017-02-28,haiku,equities,raw,pm_trade,excess_return,-0.011765,0.07132,1.674
2017-03-31,haiku,equities,raw,pm_trade,excess_return,-0.000197,0.071109,1.568
2017-04-30,haiku,equities,raw,pm_trade,excess_return,0.003379,0.074728,1.256
2017-05-31,haiku,equities,raw,pm_trade,excess_return,0.003721,0.078727,1.173
2017-06-30,haiku,equities,raw,pm_trade,excess_return,-0.00104,0.077605,0.908
2017-07-31,haiku,equities,raw,pm_trade,excess_return,0.00721,0.085375,0.462
2017-08-31,haiku,equities,raw,pm_trade,excess_return,-0.004759,0.080209,0.26
2017-09-30,haiku,equities,raw,pm_trade,excess_return,0.009686,0.090672,0.628
2017-10-31,haiku,equities,raw,pm_trade,excess_return,-0.008655,0.081232,0.056
2017-11-30,haiku,equities,raw,pm_trade,excess_return,0.003306,0.084807,-0.448
2017-12-31,haiku,equities,raw,pm_trade,excess_return,0.008514,0.094043,0.124
2018-01-31,haiku,equities,raw,pm_trade,excess_return,0.026035,0.122526,1.04
2018-02-28,haiku,equities,raw,pm_trade,excess_return,-0.010756,0.110452,1.084
2018-03-31,haiku,equities,raw,pm_trade,excess_return,-0.013363,0.095613,0.623
2018-04-30,haiku,equities,raw,pm_trade,excess_return,-0.003756,0.091498,0.428
2018-05-31,haiku,equities,raw,pm_trade,excess_return,-0.006978,0.083882,0.141
2018-06-30,haiku,equities,raw,pm_trade,excess_return,-0.000283,0.083575,0.161
2018-07-31,haiku,equities,raw,pm_trade,excess_return,-0.009138,0.073673,-0.261
2018-08-31,haiku,equities,raw,pm_trade,excess_return,-0.010556,0.06234,-0.399
2018-09-30,haiku,equities,raw,pm_trade,excess_return,0.001017,0.06342,-0.644
2018-10-31,haiku,equities,raw,pm_trade,excess_return,0.022117,0.08694,0.139
2018-11-30,haiku,equities,raw,pm_trade,excess_return,-0.013666,0.072085,-0.233
2018-12-31,haiku,equities,raw,pm_trade,excess_return,0.044997,0.120326,0.395
2019-01-31,haiku,equities,raw,pm_trade,excess_return,-0.039161,0.076453,-0.555
2019-02-28,haiku,equities,raw,pm_trade,excess_return,0.019251,0.097176,-0.128
2019-03-31,haiku,equities,raw,pm_trade,excess_return,0.005259,0.102946,0.125
2019-04-30,haiku,equities,raw,pm_trade,excess_return,0.016329,0.120956,0.392
2019-05-31,haiku,equities,raw,pm_trade,excess_return,-0.009541,0.110261,0.356
2019-06-30,haiku,equities,raw,pm_trade,excess_return,-0.041111,0.064617,-0.164
2019-07-31,haiku,equities,raw,pm_trade,excess_return,-0.009765,0.054221,-0.171
2019-08-31,haiku,equities,raw,pm_trade,excess_return,-0.011263,0.042347,-0.179
2019-09-30,haiku,equities,raw,pm_trade,excess_return,-0.005307,0.036816,-0.252
2019-10-31,haiku,equities,raw,pm_trade,excess_return,-0.007014,0.029544,-0.616
2019-11-30,haiku,equities,raw,pm_trade,excess_return,0.016115,0.046135,-0.251
2019-12-31,haiku,equities,raw,pm_trade,excess_return,0.01421,0.061001,-0.741
2020-01-31,haiku,equities,raw,pm_trade,excess_return,-0.002355,0.058502,-0.257
2020-02-29,haiku,equities,raw,pm_trade,excess_return,0.033448,0.093906,-0.015
2020-03-31,haiku,equities,raw,pm_trade,excess_return,0.041871,0.13971,0.456
2020-04-30,haiku,equities,raw,pm_trade,excess_return,-0.041183,0.092773,-0.249
2020-05-31,haiku,equities,raw,pm_trade,excess_return,-0.026459,0.063859,-0.426
2020-06-30,haiku,equities,raw,pm_trade,excess_return,-0.003652,0.059973,-0.017
2020-07-31,haiku,equities,raw,pm_trade,excess_return,-0.039837,0.017747,-0.348
2020-08-31,haiku,equities,raw,pm_trade,excess_return,0.029616,0.047889,0.099
2020-09-30,haiku,equities,raw,pm_trade,excess_return,-0.017592,0.029454,-0.029
2020-10-31,haiku,equities,raw,pm_trade,excess_return,0.001863,0.031372,0.063
2020-11-30,haiku,equities,raw,pm_trade,excess_return,-0.034303,-0.004007,-0.441
2020-12-31,haiku,equities,raw,pm_trade,excess_return,0.010444,0.006394,-0.482
2021-01-31,haiku,equities,raw,pm_trade,excess_return,0.001469,0.007873,-0.443
2021-02-28,haiku,equities,raw,pm_trade,excess_return,0.012382,0.020353,-0.699
2021-03-31,haiku,equities,raw,pm_trade,excess_return,-0.015401,0.004638,-1.568
2021-04-30,haiku,equities,raw,pm_trade,excess_return,0.018591,0.023316,-0.836
2021-05-31,haiku,equities,raw,pm_trade,excess_return,0.00279,0.026171,-0.468
2021-06-30,haiku,equities,raw,pm_trade,excess_return,0.004805,0.031102,-0.349
2021-07-31,haiku,equities,raw,pm_trade,excess_return,0.009747,0.041152,0.407
2021-08-31,haiku,equities,raw,pm_trade,excess_return,-0.008145,0.032672,-0.255
2021-09-30,haiku,equities,raw,pm_trade,excess_return,-0.003829,0.028718,0.008
2021-10-31,haiku,equities,raw,pm_trade,excess_return,-0.012153,0.016215,-0.268
2021-11-30,haiku,equities,raw,pm_trade,excess_return,0.000409,0.016631,0.592
2021-12-31,haiku,equities,raw,pm_trade,excess_return,-0.021256,-0.004978,-0.259
2022-01-31,haiku,equities,raw,pm_trade,excess_return,0.017348,0.012283,0.118
2022-02-28,haiku,equities,raw,pm_trade,excess_return,0.003261,0.015584,-0.089
2022-03-31,haiku,equities,raw,pm_trade,excess_return,-0.016816,-0.001494,-0.12
2022-04-30,haiku,equities,raw,pm_trade,excess_return,0.031404,0.029863,0.148
2022-05-31,haiku,equities,raw,pm_trade,excess_return,0.001941,0.031862,0.132
2022-06-30,haiku,equities,raw,pm_trade,excess_return,0.020538,0.053054,0.411
2022-07-31,haiku,equities,raw,pm_trade,excess_return,-0.019663,0.032348,-0.12
2022-08-31,haiku,equities,raw,pm_trade,excess_return,0.005418,0.037941,0.115
2022-09-30,haiku,equities,raw,pm_trade,excess_return,-0.035033,0.001579,-0.364
2022-10-31,haiku,equities,raw,pm_trade,excess_return,-0.03902,-0.037503,-0.67
2022-11-30,haiku,equities,raw,pm_trade,excess_return,-0.004606,-0.041936,-0.737
2022-12-31,haiku,equities,raw,pm_trade,excess_return,-0.026414,-0.067243,-0.79
2023-01-31,haiku,equities,raw,pm_trade,excess_return,-0.014426,-0.080699,-1.256
2023-02-28,haiku,equities,raw,pm_trade,excess_return,-0.009416,-0.089355,-1.445
2023-03-31,haiku,equities,raw,pm_trade,excess_return,-0.00993,-0.098398,-1.361
2023-04-30,haiku,equities,raw,pm_trade,excess_return,-0.005246,-0.103128,-2.301
2023-05-31,haiku,equities,raw,pm_trade,excess_return,-0.00264,-0.105496,-2.418
2023-06-30,haiku,equities,raw,pm_trade,excess_return,-0.013868,-0.117901,-3.782
2023-07-31,haiku,equities,raw,pm_trade,excess_return,0.009175,-0.109808,-2.837
2023-08-31,haiku,equities,raw,pm_trade,excess_return,0.014605,-0.096806,-2.463
2023-09-30,haiku,equities,raw,pm_trade,excess_return,-0.004472,-0.100845,-2.149
2023-10-31,haiku,equities,raw,pm_trade,excess_return,0.01964,-0.083186,-1.058
2023-11-30,haiku,equities,raw,pm_trade,excess_return,-0.036581,-0.116724,-1.431
2023-12-31,haiku,equities,raw,pm_trade,excess_return,0.012977,-0.105262,-0.741
2024-01-31,haiku,equities,raw,pm_trade,excess_return,0.003227,-0.102374,-0.424
2024-02-29,haiku,equities,raw,pm_trade,excess_return,0.013039,-0.09067,-0.001
2024-03-31,haiku,equities,raw,pm_trade,excess_return,-0.008837,-0.098705,0.019
2024-04-30,haiku,equities,raw,pm_trade,excess_return,-0.004989,-0.103202,0.024
2024-05-31,haiku,equities,raw,pm_trade,excess_return,0.014347,-0.090336,0.327
2024-06-30,haiku,equities,raw,pm_trade,excess_return,-0.01096,-0.100306,0.384
2024-07-31,haiku,equities,raw,pm_trade,excess_return,-0.001625,-0.101769,0.19
2024-08-31,haiku,equities,raw,pm_trade,excess_return,-0.011073,-0.111715,-0.286
2024-09-30,haiku,equities,raw,pm_trade,excess_return,0.003113,-0.10895,-0.144
2024-10-31,haiku,equities,raw,pm_trade,excess_return,-0.002676,-0.111334,-0.616
2024-11-30,haiku,equities,raw,pm_trade,excess_return,-0.00903,-0.119359,-0.075
2024-12-31,haiku,equities,raw,pm_trade,excess_return,0.004583,-0.115323,-0.359
2025-01-31,haiku,equities,raw,pm_trade,excess_return,-0.002231,-0.117296,-0.544
2025-02-28,haiku,equities,raw,pm_trade,excess_return,0.005841,-0.11214,-0.873
2025-03-31,haiku,equities,raw,pm_trade,excess_return,0.016322,-0.097648,0.052
2025-04-30,haiku,equities,raw,pm_trade,excess_return,-0.003198,-0.100534,0.11
2025-05-31,haiku,equities,raw,pm_trade,excess_return,-0.023753,-0.121898,-0.982
2025-06-30,haiku,equities,raw,pm_trade,excess_return,0.01879,-0.105398,-0.123
2025-07-31,haiku,equities,raw,pm_trade,excess_return,-0.008034,-0.112586,-0.278
2025-08-31,haiku,equities,raw,pm_trade,excess_return,0.005691,-0.107536,0.136
2025-09-30,haiku,equities,raw,pm_trade,excess_return,-0.009022,-0.115588,-0.165
2025-10-31,haiku,equities,raw,pm_trade,excess_return,-0.00673,-0.12154,-0.262
2025-11-30,haiku,equities,raw,pm_trade,excess_return,0.000326,-0.121253,-0.035
2025-12-31,haiku,equities,raw,pm_trade,excess_return,-0.003313,-0.124165,-0.233
2026-01-31,haiku,equities,raw,pm_trade,excess_return,0.000277,-0.123922,-0.17
2026-02-28,haiku,equities,raw,pm_trade,excess_return,0.002675,-0.121578,-0.253
2026-03-31,haiku,equities,raw,pm_trade,excess_return,0.026685,-0.098138,0.009
2026-04-30,haiku,equities,raw,pm_trade,excess_return,-0.055197,-0.147918,-0.721
2026-05-31,haiku,equities,raw,pm_trade,excess_return,0.01401,-0.13598,-0.197
2026-06-30,haiku,equities,raw,pm_trade,excess_return,0.007143,-0.129809,-0.377
2016-02-29,haiku,equities,mech,mapped,excess_return,-0.000164,-0.000164,
2016-03-31,haiku,equities,mech,mapped,excess_return,0.002092,0.001928,
2016-04-30,haiku,equities,mech,mapped,excess_return,0.001184,0.003115,
2016-05-31,haiku,equities,mech,mapped,excess_return,0.008545,0.011686,
2016-06-30,haiku,equities,mech,mapped,excess_return,0.012918,0.024755,
2016-07-31,haiku,equities,mech,mapped,excess_return,-0.042714,-0.019017,
2016-08-31,haiku,equities,mech,mapped,excess_return,-4e-05,-0.019056,
2016-09-30,haiku,equities,mech,mapped,excess_return,-0.000618,-0.019662,
2016-10-31,haiku,equities,mech,mapped,excess_return,0.00343,-0.016299,
2016-11-30,haiku,equities,mech,mapped,excess_return,-0.002795,-0.019048,
2016-12-31,haiku,equities,mech,mapped,excess_return,0.000167,-0.018885,
2017-01-31,haiku,equities,mech,mapped,excess_return,-0.005316,-0.024101,-0.49
2017-02-28,haiku,equities,mech,mapped,excess_return,0.011093,-0.013275,-0.244
2017-03-31,haiku,equities,mech,mapped,excess_return,5.6e-05,-0.013219,-0.286
2017-04-30,haiku,equities,mech,mapped,excess_return,-0.002655,-0.015839,-0.365
2017-05-31,haiku,equities,mech,mapped,excess_return,-0.004651,-0.020416,-0.649
2017-06-30,haiku,equities,mech,mapped,excess_return,-0.001061,-0.021456,-1.002
2017-07-31,haiku,equities,mech,mapped,excess_return,0.009528,-0.012132,0.403
2017-08-31,haiku,equities,mech,mapped,excess_return,-0.001877,-0.013986,0.296
2017-09-30,haiku,equities,mech,mapped,excess_return,-0.007022,-0.02091,-0.057
2017-10-31,haiku,equities,mech,mapped,excess_return,0.002287,-0.018671,-0.117
2017-11-30,haiku,equities,mech,mapped,excess_return,-0.000354,-0.019018,0.01
2017-12-31,haiku,equities,mech,mapped,excess_return,-0.003051,-0.022011,-0.157
2018-01-31,haiku,equities,mech,mapped,excess_return,-0.01153,-0.033287,-0.423
2018-02-28,haiku,equities,mech,mapped,excess_return,0.000753,-0.032559,-1.101
2018-03-31,haiku,equities,mech,mapped,excess_return,0.002195,-0.030436,-0.962
2018-04-30,haiku,equities,mech,mapped,excess_return,-0.005017,-0.0353,-1.073
2018-05-31,haiku,equities,mech,mapped,excess_return,-0.00299,-0.038185,-0.995
2018-06-30,haiku,equities,mech,mapped,excess_return,0.000208,-0.037984,-0.922
2018-07-31,haiku,equities,mech,mapped,excess_return,-0.008224,-0.045896,-2.3
2018-08-31,haiku,equities,mech,mapped,excess_return,0.004147,-0.04194,-1.721
2018-09-30,haiku,equities,mech,mapped,excess_return,-0.000336,-0.042261,-1.377
2018-10-31,haiku,equities,mech,mapped,excess_return,-0.000663,-0.042897,-1.62
2018-11-30,haiku,equities,mech,mapped,excess_return,-0.028113,-0.069804,-1.752
2018-12-31,haiku,equities,mech,mapped,excess_return,-0.021498,-0.089802,-2.061
2019-01-31,haiku,equities,mech,mapped,excess_return,-0.046815,-0.132413,-1.987
2019-02-28,haiku,equities,mech,mapped,excess_return,0.015882,-0.118633,-1.562
2019-03-31,haiku,equities,mech,mapped,excess_return,-0.004132,-0.122275,-1.694
2019-04-30,haiku,equities,mech,mapped,excess_return,-0.000907,-0.123071,-1.612
2019-05-31,haiku,equities,mech,mapped,excess_return,-0.018765,-0.139526,-1.861
2019-06-30,haiku,equities,mech,mapped,excess_return,-0.006509,-0.145127,-2.002
2019-07-31,haiku,equities,mech,mapped,excess_return,0.006068,-0.13994,-1.693
2019-08-31,haiku,equities,mech,mapped,excess_return,-0.003862,-0.143261,-1.868
2019-09-30,haiku,equities,mech,mapped,excess_return,-0.005749,-0.148186,-1.982
2019-10-31,haiku,equities,mech,mapped,excess_return,0.004759,-0.144132,-1.851
2019-11-30,haiku,equities,mech,mapped,excess_return,0.016014,-0.130426,-1.088
2019-12-31,haiku,equities,mech,mapped,excess_return,0.004342,-0.126651,-0.681
2020-01-31,haiku,equities,mech,mapped,excess_return,0.000696,-0.126043,0.232
2020-02-29,haiku,equities,mech,mapped,excess_return,0.054562,-0.078358,0.743
2020-03-31,haiku,equities,mech,mapped,excess_return,0.039778,-0.041697,1.269
2020-04-30,haiku,equities,mech,mapped,excess_return,-0.001471,-0.043107,1.26
2020-05-31,haiku,equities,mech,mapped,excess_return,0.016443,-0.027373,1.904
2020-06-30,haiku,equities,mech,mapped,excess_return,0.001226,-0.026181,2.077
2020-07-31,haiku,equities,mech,mapped,excess_return,-0.013722,-0.039543,1.649
2020-08-31,haiku,equities,mech,mapped,excess_return,0.014993,-0.025143,1.965
2020-09-30,haiku,equities,mech,mapped,excess_return,-0.002639,-0.027715,2.035
2020-10-31,haiku,equities,mech,mapped,excess_return,0.000298,-0.027426,1.949
2020-11-30,haiku,equities,mech,mapped,excess_return,-0.059173,-0.084976,0.574
2020-12-31,haiku,equities,mech,mapped,excess_return,0.007121,-0.078461,0.603
2021-01-31,haiku,equities,mech,mapped,excess_return,0.001427,-0.077145,0.61
2021-02-28,haiku,equities,mech,mapped,excess_return,-0.009837,-0.086224,-0.069
2021-03-31,haiku,equities,mech,mapped,excess_return,0.0022,-0.084213,-0.638
2021-04-30,haiku,equities,mech,mapped,excess_return,-0.006109,-0.089807,-0.706
2021-05-31,haiku,equities,mech,mapped,excess_return,-0.000384,-0.090157,-1.008
2021-06-30,haiku,equities,mech,mapped,excess_return,-0.001922,-0.091905,-1.061
2021-07-31,haiku,equities,mech,mapped,excess_return,-0.000139,-0.092032,-0.854
2021-08-31,haiku,equities,mech,mapped,excess_return,-0.014593,-0.105281,-1.389
2021-09-30,haiku,equities,mech,mapped,excess_return,-0.000957,-0.106138,-1.358
2021-10-31,haiku,equities,mech,mapped,excess_return,-0.006945,-0.112345,-1.49
2021-11-30,haiku,equities,mech,mapped,excess_return,0.000187,-0.112179,-1.465
2021-12-31,haiku,equities,mech,mapped,excess_return,-0.015652,-0.126076,-2.462
2022-01-31,haiku,equities,mech,mapped,excess_return,0.014746,-0.113189,-1.389
2022-02-28,haiku,equities,mech,mapped,excess_return,-0.000419,-0.113561,-1.088
2022-03-31,haiku,equities,mech,mapped,excess_return,-0.004391,-0.117453,-1.349
2022-04-30,haiku,equities,mech,mapped,excess_return,-0.005608,-0.122403,-1.334
2022-05-31,haiku,equities,mech,mapped,excess_return,-0.003881,-0.125809,-1.471
2022-06-30,haiku,equities,mech,mapped,excess_return,0.007628,-0.11914,-1.034
2022-07-31,haiku,equities,mech,mapped,excess_return,-0.023877,-0.140172,-1.5
2022-08-31,haiku,equities,mech,mapped,excess_return,-0.004154,-0.143744,-1.27
2022-09-30,haiku,equities,mech,mapped,excess_return,0.035033,-0.113747,-0.142
2022-10-31,haiku,equities,mech,mapped,excess_return,-0.054412,-0.161969,-0.734
2022-11-30,haiku,equities,mech,mapped,excess_return,0.005988,-0.156951,-0.651
2022-12-31,haiku,equities,mech,mapped,excess_return,-0.025333,-0.178309,-0.757
2023-01-31,haiku,equities,mech,mapped,excess_return,0.004039,-0.17499,-0.922
2023-02-28,haiku,equities,mech,mapped,excess_return,-0.006188,-0.180095,-1.002
2023-03-31,haiku,equities,mech,mapped,excess_return,-0.019695,-0.196243,-1.188
2023-04-30,haiku,equities,mech,mapped,excess_return,0.001661,-0.194908,-1.084
2023-05-31,haiku,equities,mech,mapped,excess_return,0.000676,-0.194363,-1.021
2023-06-30,haiku,equities,mech,mapped,excess_return,-0.017058,-0.208106,-1.359
2023-07-31,haiku,equities,mech,mapped,excess_return,0.000459,-0.207742,-1.059
2023-08-31,haiku,equities,mech,mapped,excess_return,0.006781,-0.20237,-0.898
2023-09-30,haiku,equities,mech,mapped,excess_return,0.018334,-0.187746,-1.258
2023-10-31,haiku,equities,mech,mapped,excess_return,0.006437,-0.182517,-0.541
2023-11-30,haiku,equities,mech,mapped,excess_return,-0.038932,-0.214344,-1.219
2023-12-31,haiku,equities,mech,mapped,excess_return,0.018925,-0.199476,-0.43
2024-01-31,haiku,equities,mech,mapped,excess_return,0.00242,-0.197538,-0.46
2024-02-29,haiku,equities,mech,mapped,excess_return,-0.006333,-0.20262,-0.463
2024-03-31,haiku,equities,mech,mapped,excess_return,-0.008321,-0.209255,-0.276
2024-04-30,haiku,equities,mech,mapped,excess_return,0.005987,-0.204521,-0.195
2024-05-31,haiku,equities,mech,mapped,excess_return,-0.014187,-0.215807,-0.454
2024-06-30,haiku,equities,mech,mapped,excess_return,0.000313,-0.215561,-0.151
2024-07-31,haiku,equities,mech,mapped,excess_return,0.00066,-0.215043,-0.147
2024-08-31,haiku,equities,mech,mapped,excess_return,-0.000633,-0.21554,-0.289
2024-09-30,haiku,equities,mech,mapped,excess_return,-0.00333,-0.218152,-0.761
2024-10-31,haiku,equities,mech,mapped,excess_return,0.002899,-0.215886,-0.845
2024-11-30,haiku,equities,mech,mapped,excess_return,-0.004515,-0.219426,-0.214
2024-12-31,haiku,equities,mech,mapped,excess_return,0.000196,-0.219273,-1.287
2025-01-31,haiku,equities,mech,mapped,excess_return,-0.001361,-0.220335,-1.53
2025-02-28,haiku,equities,mech,mapped,excess_return,0.005508,-0.216041,-0.852
2025-03-31,haiku,equities,mech,mapped,excess_return,-0.004897,-0.21988,-0.716
2025-04-30,haiku,equities,mech,mapped,excess_return,0.001503,-0.218707,-1.032
2025-05-31,haiku,equities,mech,mapped,excess_return,-0.028842,-0.241241,-1.072
2025-06-30,haiku,equities,mech,mapped,excess_return,0.014093,-0.230548,-0.54
2025-07-31,haiku,equities,mech,mapped,excess_return,0.000241,-0.230363,-0.553
2025-08-31,haiku,equities,mech,mapped,excess_return,-0.001357,-0.231407,-0.574
2025-09-30,haiku,equities,mech,mapped,excess_return,0.002127,-0.229773,-0.415
2025-10-31,haiku,equities,mech,mapped,excess_return,0.000538,-0.229358,-0.486
2025-11-30,haiku,equities,mech,mapped,excess_return,0.000256,-0.22916,-0.349
2025-12-31,haiku,equities,mech,mapped,excess_return,-0.002674,-0.231222,-0.432
2026-01-31,haiku,equities,mech,mapped,excess_return,-0.000344,-0.231487,-0.403
2026-02-28,haiku,equities,mech,mapped,excess_return,0.006099,-0.2268,-0.384
2026-03-31,haiku,equities,mech,mapped,excess_return,0.011818,-0.217662,0.095
2026-04-30,haiku,equities,mech,mapped,excess_return,-0.024226,-0.236615,-0.507
2026-05-31,haiku,equities,mech,mapped,excess_return,0.007285,-0.231053,0.417
2026-06-30,haiku,equities,mech,mapped,excess_return,0.007286,-0.225451,0.228
2016-02-29,haiku,equities,mech,pm_trade,excess_return,-0.00655,-0.00655,
2016-03-31,haiku,equities,mech,pm_trade,excess_return,0.046499,0.039644,
2016-04-30,haiku,equities,mech,pm_trade,excess_return,0.015787,0.056056,
2016-05-31,haiku,equities,mech,pm_trade,excess_return,0.01878,0.075889,
2016-06-30,haiku,equities,mech,pm_trade,excess_return,0.028235,0.106267,
2016-07-31,haiku,equities,mech,pm_trade,excess_return,-0.068343,0.030662,
2016-08-31,haiku,equities,mech,pm_trade,excess_return,-0.000118,0.030541,
2016-09-30,haiku,equities,mech,pm_trade,excess_return,-0.001336,0.029164,
2016-10-31,haiku,equities,mech,pm_trade,excess_return,0.018294,0.047991,
2016-11-30,haiku,equities,mech,pm_trade,excess_return,-0.042999,0.002929,
2016-12-31,haiku,equities,mech,pm_trade,excess_return,0.013339,0.016307,
2017-01-31,haiku,equities,mech,pm_trade,excess_return,-0.02562,-0.009731,-0.036
2017-02-28,haiku,equities,mech,pm_trade,excess_return,0.033615,0.023557,0.312
2017-03-31,haiku,equities,mech,pm_trade,excess_return,0.000562,0.024132,-0.093
2017-04-30,haiku,equities,mech,pm_trade,excess_return,-0.009653,0.014246,-0.338
2017-05-31,haiku,equities,mech,pm_trade,excess_return,-0.014883,-0.000849,-0.676
2017-06-30,haiku,equities,mech,pm_trade,excess_return,-0.00416,-0.005006,-1.065
2017-07-31,haiku,equities,mech,pm_trade,excess_return,0.020601,0.015492,-0.169
2017-08-31,haiku,equities,mech,pm_trade,excess_return,-0.010576,0.004752,-0.31
2017-09-30,haiku,equities,mech,pm_trade,excess_return,-0.032286,-0.027687,-0.675
2017-10-31,haiku,equities,mech,pm_trade,excess_return,0.024728,-0.003643,-0.578
2017-11-30,haiku,equities,mech,pm_trade,excess_return,-0.009445,-0.013054,-0.195
2017-12-31,haiku,equities,mech,pm_trade,excess_return,-0.02838,-0.041063,-0.755
2018-01-31,haiku,equities,mech,pm_trade,excess_return,-0.074387,-0.112396,-1.042
2018-02-28,haiku,equities,mech,pm_trade,excess_return,0.043025,-0.074207,-0.906
2018-03-31,haiku,equities,mech,pm_trade,excess_return,0.03818,-0.03886,-0.501
2018-04-30,haiku,equities,mech,pm_trade,excess_return,-0.010731,-0.049174,-0.51
2018-05-31,haiku,equities,mech,pm_trade,excess_return,-0.019936,-0.06813,-0.551
2018-06-30,haiku,equities,mech,pm_trade,excess_return,0.000808,-0.067376,-0.507
2018-07-31,haiku,equities,mech,pm_trade,excess_return,-0.036553,-0.101466,-1.0
2018-08-31,haiku,equities,mech,pm_trade,excess_return,0.030159,-0.074368,-0.612
2018-09-30,haiku,equities,mech,pm_trade,excess_return,-0.004067,-0.078132,-0.392
2018-10-31,haiku,equities,mech,pm_trade,excess_return,-0.088466,-0.159686,-1.134
2018-11-30,haiku,equities,mech,pm_trade,excess_return,-0.039046,-0.192497,-1.323
2018-12-31,haiku,equities,mech,pm_trade,excess_return,-0.099993,-0.273242,-1.571
2019-01-31,haiku,equities,mech,pm_trade,excess_return,-0.071202,-0.324988,-1.562
2019-02-28,haiku,equities,mech,pm_trade,excess_return,0.048129,-0.2925,-1.511
2019-03-31,haiku,equities,mech,pm_trade,excess_return,-0.015026,-0.303131,-1.978
2019-04-30,haiku,equities,mech,pm_trade,excess_return,-0.036286,-0.328418,-2.15
2019-05-31,haiku,equities,mech,pm_trade,excess_return,-0.063609,-0.371136,-2.376
2019-06-30,haiku,equities,mech,pm_trade,excess_return,-0.068518,-0.414225,-2.817
2019-07-31,haiku,equities,mech,pm_trade,excess_return,0.0279,-0.397882,-2.227
2019-08-31,haiku,equities,mech,pm_trade,excess_return,-0.032181,-0.417258,-2.821
2019-09-30,haiku,equities,mech,pm_trade,excess_return,-0.011792,-0.42413,-2.899
2019-10-31,haiku,equities,mech,pm_trade,excess_return,0.020039,-0.41259,-2.214
2019-11-30,haiku,equities,mech,pm_trade,excess_return,0.040288,-0.388925,-1.56
2019-12-31,haiku,equities,mech,pm_trade,excess_return,0.031577,-0.369629,-0.859
2020-01-31,haiku,equities,mech,pm_trade,excess_return,0.004282,-0.366929,-0.401
2020-02-29,haiku,equities,mech,pm_trade,excess_return,0.083619,-0.313993,-0.127
2020-03-31,haiku,equities,mech,pm_trade,excess_return,0.139572,-0.218245,0.646
2020-04-30,haiku,equities,mech,pm_trade,excess_return,-0.117667,-0.310232,0.221
2020-05-31,haiku,equities,mech,pm_trade,excess_return,0.075598,-0.258087,0.804
2020-06-30,haiku,equities,mech,pm_trade,excess_return,0.010434,-0.250346,1.226
2020-07-31,haiku,equities,mech,pm_trade,excess_return,-0.088527,-0.31671,0.627
2020-08-31,haiku,equities,mech,pm_trade,excess_return,0.074039,-0.26612,1.049
2020-09-30,haiku,equities,mech,pm_trade,excess_return,-0.05864,-0.309155,0.825
2020-10-31,haiku,equities,mech,pm_trade,excess_return,0.007453,-0.304006,0.776
2020-11-30,haiku,equities,mech,pm_trade,excess_return,-0.114345,-0.383589,0.164
2020-12-31,haiku,equities,mech,pm_trade,excess_return,0.018988,-0.371884,0.121
2021-01-31,haiku,equities,mech,pm_trade,excess_return,0.004198,-0.369248,0.12
2021-02-28,haiku,equities,mech,pm_trade,excess_return,-0.027517,-0.386604,-0.277
2021-03-31,haiku,equities,mech,pm_trade,excess_return,0.044003,-0.359613,-0.735
2021-04-30,haiku,equities,mech,pm_trade,excess_return,-0.053118,-0.393629,-0.51
2021-05-31,haiku,equities,mech,pm_trade,excess_return,-0.006976,-0.397859,-1.002
2021-06-30,haiku,equities,mech,pm_trade,excess_return,-0.019219,-0.409431,-1.172
2021-07-31,haiku,equities,mech,pm_trade,excess_return,-0.02785,-0.425878,-0.926
2021-08-31,haiku,equities,mech,pm_trade,excess_return,-0.027149,-0.441465,-1.819
2021-09-30,haiku,equities,mech,pm_trade,excess_return,-0.010941,-0.447576,-1.546
2021-10-31,haiku,equities,mech,pm_trade,excess_return,-0.034724,-0.466758,-1.88
2021-11-30,haiku,equities,mech,pm_trade,excess_return,0.001169,-0.466135,-1.534
2021-12-31,haiku,equities,mech,pm_trade,excess_return,-0.038648,-0.486767,-2.243
2022-01-31,haiku,equities,mech,pm_trade,excess_return,0.069391,-0.451154,-1.079
2022-02-28,haiku,equities,mech,pm_trade,excess_return,-0.009317,-0.456267,-0.94
2022-03-31,haiku,equities,mech,pm_trade,excess_return,-0.037368,-0.476586,-1.802
2022-04-30,haiku,equities,mech,pm_trade,excess_return,-0.089727,-0.52355,-1.831
2022-05-31,haiku,equities,mech,pm_trade,excess_return,-0.007762,-0.527248,-1.838
2022-06-30,haiku,equities,mech,pm_trade,excess_return,0.058681,-0.499507,-1.039
2022-07-31,haiku,equities,mech,pm_trade,excess_return,-0.056181,-0.527625,-1.184
2022-08-31,haiku,equities,mech,pm_trade,excess_return,-0.018059,-0.536156,-1.129
2022-09-30,haiku,equities,mech,pm_trade,excess_return,0.116776,-0.48199,-0.226
2022-10-31,haiku,equities,mech,pm_trade,excess_return,-0.086712,-0.526908,-0.45
2022-11-30,haiku,equities,mech,pm_trade,excess_return,0.030706,-0.512381,-0.309
2022-12-31,haiku,equities,mech,pm_trade,excess_return,-0.048025,-0.535799,-0.349
2023-01-31,haiku,equities,mech,pm_trade,excess_return,0.057705,-0.509013,-0.409
2023-02-28,haiku,equities,mech,pm_trade,excess_return,-0.026904,-0.522222,-0.488
2023-03-31,haiku,equities,mech,pm_trade,excess_return,-0.033102,-0.538038,-0.47
2023-04-30,haiku,equities,mech,pm_trade,excess_return,0.011658,-0.532652,-0.006
2023-05-31,haiku,equities,mech,pm_trade,excess_return,0.0066,-0.529567,0.066
2023-06-30,haiku,equities,mech,pm_trade,excess_return,-0.055472,-0.555663,-0.514
2023-07-31,haiku,equities,mech,pm_trade,excess_return,0.026215,-0.544015,-0.097
2023-08-31,haiku,equities,mech,pm_trade,excess_return,0.041729,-0.524987,0.21
2023-09-30,haiku,equities,mech,pm_trade,excess_return,0.029811,-0.510826,-0.293
2023-10-31,haiku,equities,mech,pm_trade,excess_return,0.043644,-0.489477,0.635
2023-11-30,haiku,equities,mech,pm_trade,excess_return,-0.104516,-0.542835,-0.297
2023-12-31,haiku,equities,mech,pm_trade,excess_return,0.043256,-0.52306,0.24
2024-01-31,haiku,equities,mech,pm_trade,excess_return,0.021515,-0.512799,0.028
2024-02-29,haiku,equities,mech,pm_trade,excess_return,-0.037254,-0.530949,-0.036
2024-03-31,haiku,equities,mech,pm_trade,excess_return,-0.029456,-0.544765,-0.014
2024-04-30,haiku,equities,mech,pm_trade,excess_return,0.033263,-0.529623,0.117
2024-05-31,haiku,equities,mech,pm_trade,excess_return,-0.031882,-0.544619,-0.114
2024-06-30,haiku,equities,mech,pm_trade,excess_return,0.031315,-0.530359,0.423
2024-07-31,haiku,equities,mech,pm_trade,excess_return,0.004064,-0.52845,0.287
2024-08-31,haiku,equities,mech,pm_trade,excess_return,-0.031637,-0.543368,-0.178
2024-09-30,haiku,equities,mech,pm_trade,excess_return,-0.01245,-0.549054,-0.46
2024-10-31,haiku,equities,mech,pm_trade,excess_return,0.008921,-0.545031,-0.729
2024-11-30,haiku,equities,mech,pm_trade,excess_return,-0.03612,-0.561464,-0.347
2024-12-31,haiku,equities,mech,pm_trade,excess_return,0.013095,-0.555722,-0.705
2025-01-31,haiku,equities,mech,pm_trade,excess_return,-0.008922,-0.559686,-1.082
2025-02-28,haiku,equities,mech,pm_trade,excess_return,0.01669,-0.552337,-0.497
2025-03-31,haiku,equities,mech,pm_trade,excess_return,-0.065289,-0.581564,-0.758
2025-04-30,haiku,equities,mech,pm_trade,excess_return,0.012792,-0.576211,-1.021
2025-05-31,haiku,equities,mech,pm_trade,excess_return,-0.067865,-0.604972,-1.205
2025-06-30,haiku,equities,mech,pm_trade,excess_return,0.041757,-0.588477,-1.068
2025-07-31,haiku,equities,mech,pm_trade,excess_return,0.032136,-0.575252,-0.781
2025-08-31,haiku,equities,mech,pm_trade,excess_return,-0.008755,-0.578971,-0.61
2025-09-30,haiku,equities,mech,pm_trade,excess_return,0.025777,-0.568118,-0.286
2025-10-31,haiku,equities,mech,pm_trade,excess_return,0.02692,-0.556491,-0.139
2025-11-30,haiku,equities,mech,pm_trade,excess_return,0.000932,-0.556078,0.157
2025-12-31,haiku,equities,mech,pm_trade,excess_return,-0.009467,-0.56028,-0.027
2026-01-31,haiku,equities,mech,pm_trade,excess_return,-0.000866,-0.560661,0.039
2026-02-28,haiku,equities,mech,pm_trade,excess_return,0.0107,-0.55596,-0.01
2026-03-31,haiku,equities,mech,pm_trade,excess_return,0.076242,-0.522106,1.161
2026-04-30,haiku,equities,mech,pm_trade,excess_return,-0.122661,-0.580725,0.027
2026-05-31,haiku,equities,mech,pm_trade,excess_return,0.056041,-0.557228,0.749
2026-06-30,haiku,equities,mech,pm_trade,excess_return,0.028572,-0.544577,0.681
2016-02-29,haiku,equities,board_mean,mapped,excess_return,-0.000164,-0.000164,
2016-03-31,haiku,equities,board_mean,mapped,excess_return,0.002092,0.001928,
2016-04-30,haiku,equities,board_mean,mapped,excess_return,0.001184,0.003115,
2016-05-31,haiku,equities,board_mean,mapped,excess_return,0.008545,0.011686,
2016-06-30,haiku,equities,board_mean,mapped,excess_return,0.012918,0.024755,
2016-07-31,haiku,equities,board_mean,mapped,excess_return,-0.042714,-0.019017,
2016-08-31,haiku,equities,board_mean,mapped,excess_return,-4e-05,-0.019056,
2016-09-30,haiku,equities,board_mean,mapped,excess_return,-0.000618,-0.019662,
2016-10-31,haiku,equities,board_mean,mapped,excess_return,0.00343,-0.016299,
2016-11-30,haiku,equities,board_mean,mapped,excess_return,-0.002795,-0.019048,
2016-12-31,haiku,equities,board_mean,mapped,excess_return,0.000167,-0.018885,
2017-01-31,haiku,equities,board_mean,mapped,excess_return,-0.005316,-0.024101,-0.49
2017-02-28,haiku,equities,board_mean,mapped,excess_return,0.011093,-0.013275,-0.244
2017-03-31,haiku,equities,board_mean,mapped,excess_return,5.6e-05,-0.013219,-0.286
2017-04-30,haiku,equities,board_mean,mapped,excess_return,-0.002655,-0.015839,-0.365
2017-05-31,haiku,equities,board_mean,mapped,excess_return,-0.004651,-0.020416,-0.649
2017-06-30,haiku,equities,board_mean,mapped,excess_return,-0.001061,-0.021456,-1.002
2017-07-31,haiku,equities,board_mean,mapped,excess_return,0.009528,-0.012132,0.403
2017-08-31,haiku,equities,board_mean,mapped,excess_return,-0.001877,-0.013986,0.296
2017-09-30,haiku,equities,board_mean,mapped,excess_return,-0.007022,-0.02091,-0.057
2017-10-31,haiku,equities,board_mean,mapped,excess_return,0.002287,-0.018671,-0.117
2017-11-30,haiku,equities,board_mean,mapped,excess_return,-0.000354,-0.019018,0.01
2017-12-31,haiku,equities,board_mean,mapped,excess_return,-0.003051,-0.022011,-0.157
2018-01-31,haiku,equities,board_mean,mapped,excess_return,-0.01153,-0.033287,-0.423
2018-02-28,haiku,equities,board_mean,mapped,excess_return,0.000753,-0.032559,-1.101
2018-03-31,haiku,equities,board_mean,mapped,excess_return,0.002195,-0.030436,-0.962
2018-04-30,haiku,equities,board_mean,mapped,excess_return,-0.005017,-0.0353,-1.073
2018-05-31,haiku,equities,board_mean,mapped,excess_return,-0.00299,-0.038185,-0.995
2018-06-30,haiku,equities,board_mean,mapped,excess_return,0.000208,-0.037984,-0.922
2018-07-31,haiku,equities,board_mean,mapped,excess_return,-0.008224,-0.045896,-2.3
2018-08-31,haiku,equities,board_mean,mapped,excess_return,0.004147,-0.04194,-1.721
2018-09-30,haiku,equities,board_mean,mapped,excess_return,-0.000336,-0.042261,-1.377
2018-10-31,haiku,equities,board_mean,mapped,excess_return,-0.000663,-0.042897,-1.62
2018-11-30,haiku,equities,board_mean,mapped,excess_return,-0.028113,-0.069804,-1.752
2018-12-31,haiku,equities,board_mean,mapped,excess_return,-0.021498,-0.089802,-2.061
2019-01-31,haiku,equities,board_mean,mapped,excess_return,-0.046815,-0.132413,-1.987
2019-02-28,haiku,equities,board_mean,mapped,excess_return,0.015882,-0.118633,-1.562
2019-03-31,haiku,equities,board_mean,mapped,excess_return,-0.004132,-0.122275,-1.694
2019-04-30,haiku,equities,board_mean,mapped,excess_return,-0.000907,-0.123071,-1.612
2019-05-31,haiku,equities,board_mean,mapped,excess_return,-0.018765,-0.139526,-1.861
2019-06-30,haiku,equities,board_mean,mapped,excess_return,-0.006509,-0.145127,-2.002
2019-07-31,haiku,equities,board_mean,mapped,excess_return,0.006068,-0.13994,-1.693
2019-08-31,haiku,equities,board_mean,mapped,excess_return,-0.003862,-0.143261,-1.868
2019-09-30,haiku,equities,board_mean,mapped,excess_return,-0.005749,-0.148186,-1.982
2019-10-31,haiku,equities,board_mean,mapped,excess_return,0.004759,-0.144132,-1.851
2019-11-30,haiku,equities,board_mean,mapped,excess_return,0.016014,-0.130426,-1.088
2019-12-31,haiku,equities,board_mean,mapped,excess_return,0.004342,-0.126651,-0.681
2020-01-31,haiku,equities,board_mean,mapped,excess_return,0.000696,-0.126043,0.232
2020-02-29,haiku,equities,board_mean,mapped,excess_return,0.054562,-0.078358,0.743
2020-03-31,haiku,equities,board_mean,mapped,excess_return,0.039778,-0.041697,1.269
2020-04-30,haiku,equities,board_mean,mapped,excess_return,-0.001471,-0.043107,1.26
2020-05-31,haiku,equities,board_mean,mapped,excess_return,0.016443,-0.027373,1.904
2020-06-30,haiku,equities,board_mean,mapped,excess_return,0.001226,-0.026181,2.077
2020-07-31,haiku,equities,board_mean,mapped,excess_return,-0.013722,-0.039543,1.649
2020-08-31,haiku,equities,board_mean,mapped,excess_return,0.014993,-0.025143,1.965
2020-09-30,haiku,equities,board_mean,mapped,excess_return,-0.002639,-0.027715,2.035
2020-10-31,haiku,equities,board_mean,mapped,excess_return,0.000298,-0.027426,1.949
2020-11-30,haiku,equities,board_mean,mapped,excess_return,-0.059173,-0.084976,0.574
2020-12-31,haiku,equities,board_mean,mapped,excess_return,0.007121,-0.078461,0.603
2021-01-31,haiku,equities,board_mean,mapped,excess_return,0.001427,-0.077145,0.61
2021-02-28,haiku,equities,board_mean,mapped,excess_return,-0.009837,-0.086224,-0.069
2021-03-31,haiku,equities,board_mean,mapped,excess_return,0.0022,-0.084213,-0.638
2021-04-30,haiku,equities,board_mean,mapped,excess_return,-0.006109,-0.089807,-0.706
2021-05-31,haiku,equities,board_mean,mapped,excess_return,-0.000384,-0.090157,-1.008
2021-06-30,haiku,equities,board_mean,mapped,excess_return,-0.001922,-0.091905,-1.061
2021-07-31,haiku,equities,board_mean,mapped,excess_return,-0.000139,-0.092032,-0.854
2021-08-31,haiku,equities,board_mean,mapped,excess_return,-0.014593,-0.105281,-1.389
2021-09-30,haiku,equities,board_mean,mapped,excess_return,-0.000957,-0.106138,-1.358
2021-10-31,haiku,equities,board_mean,mapped,excess_return,-0.006945,-0.112345,-1.49
2021-11-30,haiku,equities,board_mean,mapped,excess_return,0.000187,-0.112179,-1.465
2021-12-31,haiku,equities,board_mean,mapped,excess_return,-0.015652,-0.126076,-2.462
2022-01-31,haiku,equities,board_mean,mapped,excess_return,0.014746,-0.113189,-1.389
2022-02-28,haiku,equities,board_mean,mapped,excess_return,-0.000419,-0.113561,-1.088
2022-03-31,haiku,equities,board_mean,mapped,excess_return,-0.004391,-0.117453,-1.349
2022-04-30,haiku,equities,board_mean,mapped,excess_return,-0.005608,-0.122403,-1.334
2022-05-31,haiku,equities,board_mean,mapped,excess_return,-0.003881,-0.125809,-1.471
2022-06-30,haiku,equities,board_mean,mapped,excess_return,0.007628,-0.11914,-1.034
2022-07-31,haiku,equities,board_mean,mapped,excess_return,-0.023877,-0.140172,-1.5
2022-08-31,haiku,equities,board_mean,mapped,excess_return,-0.004154,-0.143744,-1.27
2022-09-30,haiku,equities,board_mean,mapped,excess_return,0.035033,-0.113747,-0.142
2022-10-31,haiku,equities,board_mean,mapped,excess_return,-0.054412,-0.161969,-0.734
2022-11-30,haiku,equities,board_mean,mapped,excess_return,0.005988,-0.156951,-0.651
2022-12-31,haiku,equities,board_mean,mapped,excess_return,-0.025333,-0.178309,-0.757
2023-01-31,haiku,equities,board_mean,mapped,excess_return,0.004039,-0.17499,-0.922
2023-02-28,haiku,equities,board_mean,mapped,excess_return,-0.006188,-0.180095,-1.002
2023-03-31,haiku,equities,board_mean,mapped,excess_return,-0.019695,-0.196243,-1.188
2023-04-30,haiku,equities,board_mean,mapped,excess_return,0.001661,-0.194908,-1.084
2023-05-31,haiku,equities,board_mean,mapped,excess_return,0.000676,-0.194363,-1.021
2023-06-30,haiku,equities,board_mean,mapped,excess_return,-0.017058,-0.208106,-1.359
2023-07-31,haiku,equities,board_mean,mapped,excess_return,0.000459,-0.207742,-1.059
2023-08-31,haiku,equities,board_mean,mapped,excess_return,0.006781,-0.20237,-0.898
2023-09-30,haiku,equities,board_mean,mapped,excess_return,0.018334,-0.187746,-1.258
2023-10-31,haiku,equities,board_mean,mapped,excess_return,0.006437,-0.182517,-0.541
2023-11-30,haiku,equities,board_mean,mapped,excess_return,-0.038932,-0.214344,-1.219
2023-12-31,haiku,equities,board_mean,mapped,excess_return,0.018925,-0.199476,-0.43
2024-01-31,haiku,equities,board_mean,mapped,excess_return,0.00242,-0.197538,-0.46
2024-02-29,haiku,equities,board_mean,mapped,excess_return,-0.006333,-0.20262,-0.463
2024-03-31,haiku,equities,board_mean,mapped,excess_return,-0.008321,-0.209255,-0.276
2024-04-30,haiku,equities,board_mean,mapped,excess_return,0.005987,-0.204521,-0.195
2024-05-31,haiku,equities,board_mean,mapped,excess_return,-0.014187,-0.215807,-0.454
2024-06-30,haiku,equities,board_mean,mapped,excess_return,0.000313,-0.215561,-0.151
2024-07-31,haiku,equities,board_mean,mapped,excess_return,0.00066,-0.215043,-0.147
2024-08-31,haiku,equities,board_mean,mapped,excess_return,-0.000633,-0.21554,-0.289
2024-09-30,haiku,equities,board_mean,mapped,excess_return,-0.00333,-0.218152,-0.761
2024-10-31,haiku,equities,board_mean,mapped,excess_return,0.002899,-0.215886,-0.845
2024-11-30,haiku,equities,board_mean,mapped,excess_return,-0.004515,-0.219426,-0.214
2024-12-31,haiku,equities,board_mean,mapped,excess_return,0.000196,-0.219273,-1.287
2025-01-31,haiku,equities,board_mean,mapped,excess_return,-0.001361,-0.220335,-1.53
2025-02-28,haiku,equities,board_mean,mapped,excess_return,0.005508,-0.216041,-0.852
2025-03-31,haiku,equities,board_mean,mapped,excess_return,-0.004897,-0.21988,-0.716
2025-04-30,haiku,equities,board_mean,mapped,excess_return,0.001503,-0.218707,-1.032
2025-05-31,haiku,equities,board_mean,mapped,excess_return,-0.028842,-0.241241,-1.072
2025-06-30,haiku,equities,board_mean,mapped,excess_return,0.014093,-0.230548,-0.54
2025-07-31,haiku,equities,board_mean,mapped,excess_return,0.000241,-0.230363,-0.553
2025-08-31,haiku,equities,board_mean,mapped,excess_return,-0.001357,-0.231407,-0.574
2025-09-30,haiku,equities,board_mean,mapped,excess_return,0.002127,-0.229773,-0.415
2025-10-31,haiku,equities,board_mean,mapped,excess_return,0.000538,-0.229358,-0.486
2025-11-30,haiku,equities,board_mean,mapped,excess_return,0.000256,-0.22916,-0.349
2025-12-31,haiku,equities,board_mean,mapped,excess_return,-0.002674,-0.231222,-0.432
2026-01-31,haiku,equities,board_mean,mapped,excess_return,-0.000344,-0.231487,-0.403
2026-02-28,haiku,equities,board_mean,mapped,excess_return,0.006099,-0.2268,-0.384
2026-03-31,haiku,equities,board_mean,mapped,excess_return,0.011818,-0.217662,0.095
2026-04-30,haiku,equities,board_mean,mapped,excess_return,-0.024226,-0.236615,-0.507
2026-05-31,haiku,equities,board_mean,mapped,excess_return,0.007285,-0.231053,0.417
2026-06-30,haiku,equities,board_mean,mapped,excess_return,0.007286,-0.225451,0.228
2019-02-28,haiku,equities,ridge,mapped,excess_return,-0.033207,-0.033207,
2019-03-31,haiku,equities,ridge,mapped,excess_return,0.005801,-0.027599,
2019-04-30,haiku,equities,ridge,mapped,excess_return,0.004187,-0.023527,
2019-05-31,haiku,equities,ridge,mapped,excess_return,-0.025683,-0.048606,
2019-06-30,haiku,equities,ridge,mapped,excess_return,0.045185,-0.005618,
2019-07-31,haiku,equities,ridge,mapped,excess_return,0.006959,0.001302,
2019-08-31,haiku,equities,ridge,mapped,excess_return,0.004134,0.005441,
2019-09-30,haiku,equities,ridge,mapped,excess_return,0.00546,0.010931,
2019-10-31,haiku,equities,ridge,mapped,excess_return,-0.002548,0.008356,
2019-11-30,haiku,equities,ridge,mapped,excess_return,-0.003014,0.005316,
2019-12-31,haiku,equities,ridge,mapped,excess_return,0.008378,0.013738,
2020-01-31,haiku,equities,ridge,mapped,excess_return,-0.002264,0.011443,0.202
2020-02-29,haiku,equities,ridge,mapped,excess_return,-0.079298,-0.068762,-0.328
2020-03-31,haiku,equities,ridge,mapped,excess_return,0.00577,-0.063389,-0.328
2020-04-30,haiku,equities,ridge,mapped,excess_return,0.050076,-0.016487,0.116
2020-05-31,haiku,equities,ridge,mapped,excess_return,-0.018227,-0.034413,0.185
2020-06-30,haiku,equities,ridge,mapped,excess_return,0.000261,-0.034161,-0.241
2020-07-31,haiku,equities,ridge,mapped,excess_return,0.074882,0.038162,0.344
2020-08-31,haiku,equities,ridge,mapped,excess_return,-0.017357,0.020143,0.172
2020-09-30,haiku,equities,ridge,mapped,excess_return,-0.033144,-0.013669,-0.124
2020-10-31,haiku,equities,ridge,mapped,excess_return,-0.00268,-0.016312,-0.125
2020-11-30,haiku,equities,ridge,mapped,excess_return,0.042061,0.025063,0.203
2020-12-31,haiku,equities,ridge,mapped,excess_return,0.011293,0.03664,0.224
2021-01-31,haiku,equities,ridge,mapped,excess_return,0.001278,0.037964,0.249
2021-02-28,haiku,equities,ridge,mapped,excess_return,0.021887,0.060682,1.258
2021-03-31,haiku,equities,ridge,mapped,excess_return,-0.006298,0.054002,1.133
2021-04-30,haiku,equities,ridge,mapped,excess_return,0.014516,0.069302,0.877
2021-05-31,haiku,equities,ridge,mapped,excess_return,0.002017,0.071459,1.118
2021-06-30,haiku,equities,ridge,mapped,excess_return,0.003134,0.074816,1.151
2021-07-31,haiku,equities,ridge,mapped,excess_return,0.009287,0.084798,0.7
2021-08-31,haiku,equities,ridge,mapped,excess_return,0.002957,0.088006,1.077
2021-09-30,haiku,equities,ridge,mapped,excess_return,-0.004357,0.083266,2.031
2021-10-31,haiku,equities,ridge,mapped,excess_return,0.004488,0.088128,2.244
2021-11-30,haiku,equities,ridge,mapped,excess_return,0.000138,0.088278,2.179
2021-12-31,haiku,equities,ridge,mapped,excess_return,0.027584,0.118296,2.163
2022-01-31,haiku,equities,ridge,mapped,excess_return,-0.011135,0.105844,1.632
2022-02-28,haiku,equities,ridge,mapped,excess_return,-0.008344,0.096617,0.918
2022-03-31,haiku,equities,ridge,mapped,excess_return,-0.007326,0.088584,0.883
2022-04-30,haiku,equities,ridge,mapped,excess_return,-0.037953,0.047269,-0.369
2022-05-31,haiku,equities,ridge,mapped,excess_return,0.004029,0.051488,-0.33
2022-06-30,haiku,equities,ridge,mapped,excess_return,-0.005896,0.045289,-0.5
2022-07-31,haiku,equities,ridge,mapped,excess_return,0.030895,0.077583,-0.08
2022-08-31,haiku,equities,ridge,mapped,excess_return,0.002734,0.080529,-0.083
2022-09-30,haiku,equities,ridge,mapped,excess_return,-0.072532,0.002157,-0.771
2022-10-31,haiku,equities,ridge,mapped,excess_return,0.032425,0.034651,-0.443
2022-11-30,haiku,equities,ridge,mapped,excess_return,0.000773,0.035451,-0.437
2022-12-31,haiku,equities,ridge,mapped,excess_return,-0.004212,0.03109,-0.793
2023-01-31,haiku,equities,ridge,mapped,excess_return,0.006866,0.03817,-0.602
2023-02-28,haiku,equities,ridge,mapped,excess_return,-0.00216,0.035927,-0.539
2023-03-31,haiku,equities,ridge,mapped,excess_return,0.013557,0.049971,-0.319
2023-04-30,haiku,equities,ridge,mapped,excess_return,-0.001865,0.048013,0.051
2023-05-31,haiku,equities,ridge,mapped,excess_return,0.000259,0.048284,0.009
2023-06-30,haiku,equities,ridge,mapped,excess_return,0.016877,0.065976,0.257
2023-07-31,haiku,equities,ridge,mapped,excess_return,-0.00626,0.059303,-0.156
2023-08-31,haiku,equities,ridge,mapped,excess_return,-0.008393,0.050412,-0.284
2023-09-30,haiku,equities,ridge,mapped,excess_return,-0.013429,0.036306,0.78
2023-10-31,haiku,equities,ridge,mapped,excess_return,-0.021736,0.01378,-0.529
2023-11-30,haiku,equities,ridge,mapped,excess_return,0.013817,0.027787,-0.166
2023-12-31,haiku,equities,ridge,mapped,excess_return,-0.002049,0.025681,-0.112
2024-01-31,haiku,equities,ridge,mapped,excess_return,0.008168,0.034059,-0.079
2024-02-29,haiku,equities,ridge,mapped,excess_return,0.013444,0.047961,0.291
2024-03-31,haiku,equities,ridge,mapped,excess_return,0.007949,0.056291,0.165
2024-04-30,haiku,equities,ridge,mapped,excess_return,-0.005776,0.05019,0.069
2024-05-31,haiku,equities,ridge,mapped,excess_return,0.007562,0.058132,0.241
2024-06-30,haiku,equities,ridge,mapped,excess_return,0.011452,0.070249,0.118
2024-07-31,haiku,equities,ridge,mapped,excess_return,-0.000272,0.069958,0.271
2024-08-31,haiku,equities,ridge,mapped,excess_return,0.010417,0.081104,0.752
2024-09-30,haiku,equities,ridge,mapped,excess_return,0.00233,0.083623,1.283
2024-10-31,haiku,equities,ridge,mapped,excess_return,0.002716,0.086566,3.172
2024-11-30,haiku,equities,ridge,mapped,excess_return,0.011317,0.098863,3.184
2024-12-31,haiku,equities,ridge,mapped,excess_return,-0.002381,0.096247,3.148
2025-01-31,haiku,equities,ridge,mapped,excess_return,0.004282,0.100941,2.988
2025-02-28,haiku,equities,ridge,mapped,excess_return,-0.005685,0.094683,2.028
2025-03-31,haiku,equities,ridge,mapped,excess_return,-0.021714,0.070913,0.435
2025-04-30,haiku,equities,ridge,mapped,excess_return,-0.004125,0.066495,0.491
2025-05-31,haiku,equities,ridge,mapped,excess_return,0.019514,0.087307,0.757
2025-06-30,haiku,equities,ridge,mapped,excess_return,-0.002138,0.084982,0.4
2025-07-31,haiku,equities,ridge,mapped,excess_return,0.007849,0.093497,0.619
2025-08-31,haiku,equities,ridge,mapped,excess_return,0.002443,0.096169,0.412
2025-09-30,haiku,equities,ridge,mapped,excess_return,0.000643,0.096873,0.364
2025-10-31,haiku,equities,ridge,mapped,excess_return,0.007705,0.105325,0.498
2025-11-30,haiku,equities,ridge,mapped,excess_return,-0.00023,0.105071,0.182
2025-12-31,haiku,equities,ridge,mapped,excess_return,0.004131,0.109637,0.374
2026-01-31,haiku,equities,ridge,mapped,excess_return,-0.000134,0.109487,0.245
2026-02-28,haiku,equities,ridge,mapped,excess_return,-0.00445,0.10455,0.283
2026-03-31,haiku,equities,ridge,mapped,excess_return,-0.024698,0.07727,0.182
2026-04-30,haiku,equities,ridge,mapped,excess_return,0.031774,0.111499,0.904
2026-05-31,haiku,equities,ridge,mapped,excess_return,0.016342,0.129663,0.856
2026-06-30,haiku,equities,ridge,mapped,excess_return,-0.005667,0.123262,0.769
2016-02-29,haiku,equities,buy_hold,mapped,excess_return,0.00655,0.00655,
2016-03-31,haiku,equities,buy_hold,mapped,excess_return,0.046499,0.053354,
2016-04-30,haiku,equities,buy_hold,mapped,excess_return,0.015787,0.069983,
2016-05-31,haiku,equities,buy_hold,mapped,excess_return,0.01878,0.090077,
2016-06-30,haiku,equities,buy_hold,mapped,excess_return,-0.028235,0.059299,
2016-07-31,haiku,equities,buy_hold,mapped,excess_return,0.068343,0.131694,
2016-08-31,haiku,equities,buy_hold,mapped,excess_return,-0.000118,0.131561,
2016-09-30,haiku,equities,buy_hold,mapped,excess_return,0.001336,0.133073,
2016-10-31,haiku,equities,buy_hold,mapped,excess_return,-0.018294,0.112345,
2016-11-30,haiku,equities,buy_hold,mapped,excess_return,0.042999,0.160174,
2016-12-31,haiku,equities,buy_hold,mapped,excess_return,0.013339,0.175649,
2017-01-31,haiku,equities,buy_hold,mapped,excess_return,0.02562,0.20577,2.036
2017-02-28,haiku,equities,buy_hold,mapped,excess_return,0.033615,0.246302,2.3
2017-03-31,haiku,equities,buy_hold,mapped,excess_return,-0.000562,0.245602,1.879
2017-04-30,haiku,equities,buy_hold,mapped,excess_return,0.009653,0.257626,1.81
2017-05-31,haiku,equities,buy_hold,mapped,excess_return,0.014883,0.276344,1.77
2017-06-30,haiku,equities,buy_hold,mapped,excess_return,0.00416,0.281654,2.413
2017-07-31,haiku,equities,buy_hold,mapped,excess_return,0.020601,0.308058,2.532
2017-08-31,haiku,equities,buy_hold,mapped,excess_return,-0.010576,0.294223,2.226
2017-09-30,haiku,equities,buy_hold,mapped,excess_return,0.032286,0.336008,2.635
2017-10-31,haiku,equities,buy_hold,mapped,excess_return,0.024728,0.369045,3.931
2017-11-30,haiku,equities,buy_hold,mapped,excess_return,0.009445,0.381976,3.832
2017-12-31,haiku,equities,buy_hold,mapped,excess_return,0.02838,0.421196,3.994
2018-01-31,haiku,equities,buy_hold,mapped,excess_return,0.074387,0.526915,3.187
2018-02-28,haiku,equities,buy_hold,mapped,excess_return,-0.043025,0.46122,1.702
2018-03-31,haiku,equities,buy_hold,mapped,excess_return,-0.03818,0.40543,1.161
2018-04-30,haiku,equities,buy_hold,mapped,excess_return,0.010731,0.420511,1.171
2018-05-31,haiku,equities,buy_hold,mapped,excess_return,0.019936,0.448831,1.214
2018-06-30,haiku,equities,buy_hold,mapped,excess_return,-0.000808,0.44766,1.164
2018-07-31,haiku,equities,buy_hold,mapped,excess_return,0.036553,0.500576,1.277
2018-08-31,haiku,equities,buy_hold,mapped,excess_return,0.030159,0.545831,1.662
2018-09-30,haiku,equities,buy_hold,mapped,excess_return,0.004067,0.552118,1.422
2018-10-31,haiku,equities,buy_hold,mapped,excess_return,-0.088466,0.414808,0.291
2018-11-30,haiku,equities,buy_hold,mapped,excess_return,0.039046,0.47005,0.477
2018-12-31,haiku,equities,buy_hold,mapped,excess_return,-0.099993,0.323056,-0.304
2019-01-31,haiku,equities,buy_hold,mapped,excess_return,0.071202,0.41726,-0.324
2019-02-28,haiku,equities,buy_hold,mapped,excess_return,0.048129,0.48547,0.176
2019-03-31,haiku,equities,buy_hold,mapped,excess_return,0.015026,0.507791,0.48
2019-04-30,haiku,equities,buy_hold,mapped,excess_return,0.036286,0.562503,0.615
2019-05-31,haiku,equities,buy_hold,mapped,excess_return,-0.063609,0.463115,0.142
2019-06-30,haiku,equities,buy_hold,mapped,excess_return,0.068518,0.563364,0.473
2019-07-31,haiku,equities,buy_hold,mapped,excess_return,0.0279,0.606981,0.433
2019-08-31,haiku,equities,buy_hold,mapped,excess_return,-0.032181,0.555268,0.126
2019-09-30,haiku,equities,buy_hold,mapped,excess_return,0.011792,0.573608,0.163
2019-10-31,haiku,equities,buy_hold,mapped,excess_return,0.020039,0.605141,0.788
2019-11-30,haiku,equities,buy_hold,mapped,excess_return,0.040288,0.669809,0.794
2019-12-31,haiku,equities,buy_hold,mapped,excess_return,0.031577,0.722537,2.059
2020-01-31,haiku,equities,buy_hold,mapped,excess_return,-0.004282,0.715161,1.598
2020-02-29,haiku,equities,buy_hold,mapped,excess_return,-0.083619,0.57174,0.438
2020-03-31,haiku,equities,buy_hold,mapped,excess_return,-0.139572,0.35237,-0.411
2020-04-30,haiku,equities,buy_hold,mapped,excess_return,0.117667,0.511499,-0.023
2020-05-31,haiku,equities,buy_hold,mapped,excess_return,0.075598,0.625765,0.55
2020-06-30,haiku,equities,buy_hold,mapped,excess_return,-0.010434,0.608801,0.232
2020-07-31,haiku,equities,buy_hold,mapped,excess_return,0.088527,0.751223,0.462
2020-08-31,haiku,equities,buy_hold,mapped,excess_return,0.074039,0.880882,0.877
2020-09-30,haiku,equities,buy_hold,mapped,excess_return,-0.05864,0.770587,0.572
2020-10-31,haiku,equities,buy_hold,mapped,excess_return,-0.007453,0.757391,0.467
2020-11-30,haiku,equities,buy_hold,mapped,excess_return,0.114345,0.958339,0.697
2020-12-31,haiku,equities,buy_hold,mapped,excess_return,0.018988,0.995525,0.654
2021-01-31,haiku,equities,buy_hold,mapped,excess_return,0.004198,1.003901,0.685
2021-02-28,haiku,equities,buy_hold,mapped,excess_return,0.027517,1.059042,1.168
2021-03-31,haiku,equities,buy_hold,mapped,excess_return,0.044003,1.149645,2.583
2021-04-30,haiku,equities,buy_hold,mapped,excess_return,0.053118,1.26383,2.486
2021-05-31,haiku,equities,buy_hold,mapped,excess_return,0.006976,1.279622,2.133
2021-06-30,haiku,equities,buy_hold,mapped,excess_return,0.019219,1.323433,2.385
2021-07-31,haiku,equities,buy_hold,mapped,excess_return,0.02785,1.38814,2.174
2021-08-31,haiku,equities,buy_hold,mapped,excess_return,0.027149,1.452975,1.979
2021-09-30,haiku,equities,buy_hold,mapped,excess_return,-0.010941,1.426137,2.808
2021-10-31,haiku,equities,buy_hold,mapped,excess_return,0.034724,1.510383,3.353
2021-11-30,haiku,equities,buy_hold,mapped,excess_return,-0.001169,1.507448,3.871
2021-12-31,haiku,equities,buy_hold,mapped,excess_return,0.038648,1.604355,4.032
2022-01-31,haiku,equities,buy_hold,mapped,excess_return,-0.069391,1.423637,1.741
2022-02-28,haiku,equities,buy_hold,mapped,excess_return,-0.009317,1.401056,1.391
2022-03-31,haiku,equities,buy_hold,mapped,excess_return,0.037368,1.49078,1.354
2022-04-30,haiku,equities,buy_hold,mapped,excess_return,-0.089727,1.267291,0.079
2022-05-31,haiku,equities,buy_hold,mapped,excess_return,0.007762,1.28489,0.084
2022-06-30,haiku,equities,buy_hold,mapped,excess_return,-0.058681,1.150811,-0.426
2022-07-31,haiku,equities,buy_hold,mapped,excess_return,0.056181,1.271647,-0.229
2022-08-31,haiku,equities,buy_hold,mapped,excess_return,-0.018059,1.230622,-0.515
2022-09-30,haiku,equities,buy_hold,mapped,excess_return,-0.116776,0.97014,-0.968
2022-10-31,haiku,equities,buy_hold,mapped,excess_return,0.086712,1.140975,-0.634
2022-11-30,haiku,equities,buy_hold,mapped,excess_return,0.030706,1.206715,-0.477
2022-12-31,haiku,equities,buy_hold,mapped,excess_return,-0.048025,1.100737,-0.886
2023-01-31,haiku,equities,buy_hold,mapped,excess_return,0.057705,1.221959,-0.293
2023-02-28,haiku,equities,buy_hold,mapped,excess_return,-0.026904,1.16218,-0.372
2023-03-31,haiku,equities,buy_hold,mapped,excess_return,0.033102,1.233751,-0.393
2023-04-30,haiku,equities,buy_hold,mapped,excess_return,0.011658,1.259794,0.077
2023-05-31,haiku,equities,buy_hold,mapped,excess_return,0.0066,1.274708,0.071
2023-06-30,haiku,equities,buy_hold,mapped,excess_return,0.055472,1.400891,0.658
2023-07-31,haiku,equities,buy_hold,mapped,excess_return,0.026215,1.46383,0.519
2023-08-31,haiku,equities,buy_hold,mapped,excess_return,-0.041729,1.361017,0.384
2023-09-30,haiku,equities,buy_hold,mapped,excess_return,-0.029811,1.290631,1.086
2023-10-31,haiku,equities,buy_hold,mapped,excess_return,-0.043644,1.190659,0.232
2023-11-30,haiku,equities,buy_hold,mapped,excess_return,0.104516,1.419619,0.625
2023-12-31,haiku,equities,buy_hold,mapped,excess_return,0.043256,1.524282,1.235
2024-01-31,haiku,equities,buy_hold,mapped,excess_return,0.021515,1.578591,1.048
2024-02-29,haiku,equities,buy_hold,mapped,excess_return,0.037254,1.674655,1.518
2024-03-31,haiku,equities,buy_hold,mapped,excess_return,0.029456,1.753439,1.497
2024-04-30,haiku,equities,buy_hold,mapped,excess_return,-0.033263,1.661851,1.125
2024-05-31,haiku,equities,buy_hold,mapped,excess_return,0.031882,1.746716,1.282
2024-06-30,haiku,equities,buy_hold,mapped,excess_return,0.031315,1.83273,1.163
2024-07-31,haiku,equities,buy_hold,mapped,excess_return,-0.004064,1.821219,0.961
2024-08-31,haiku,equities,buy_hold,mapped,excess_return,0.031637,1.910473,1.553
2024-09-30,haiku,equities,buy_hold,mapped,excess_return,0.01245,1.946709,1.988
2024-10-31,haiku,equities,buy_hold,mapped,excess_return,0.008921,1.972996,2.798
2024-11-30,haiku,equities,buy_hold,mapped,excess_return,0.03612,2.08038,3.277
2024-12-31,haiku,equities,buy_hold,mapped,excess_return,-0.013095,2.040041,2.446
2025-01-31,haiku,equities,buy_hold,mapped,excess_return,0.008922,2.067166,2.284
2025-02-28,haiku,equities,buy_hold,mapped,excess_return,-0.01669,2.015975,1.556
2025-03-31,haiku,equities,buy_hold,mapped,excess_return,-0.065289,1.819066,0.271
2025-04-30,haiku,equities,buy_hold,mapped,excess_return,-0.012792,1.783004,0.489
2025-05-31,haiku,equities,buy_hold,mapped,excess_return,0.067865,1.971871,0.731
2025-06-30,haiku,equities,buy_hold,mapped,excess_return,0.041757,2.095966,0.801
2025-07-31,haiku,equities,buy_hold,mapped,excess_return,0.032136,2.195458,1.09
2025-08-31,haiku,equities,buy_hold,mapped,excess_return,0.008755,2.223435,0.917
2025-09-30,haiku,equities,buy_hold,mapped,excess_return,0.025777,2.306526,1.019
2025-10-31,haiku,equities,buy_hold,mapped,excess_return,0.02692,2.395538,1.158
2025-11-30,haiku,equities,buy_hold,mapped,excess_return,-0.000932,2.392372,0.871
2025-12-31,haiku,equities,buy_hold,mapped,excess_return,0.009467,2.424487,1.082
2026-01-31,haiku,equities,buy_hold,mapped,excess_return,-0.000866,2.421521,0.993
2026-02-28,haiku,equities,buy_hold,mapped,excess_return,-0.0107,2.384911,1.057
2026-03-31,haiku,equities,buy_hold,mapped,excess_return,-0.076242,2.126839,0.899
2026-04-30,haiku,equities,buy_hold,mapped,excess_return,0.122661,2.51038,1.498
2026-05-31,haiku,equities,buy_hold,mapped,excess_return,0.056041,2.707106,1.455
2026-06-30,haiku,equities,buy_hold,mapped,excess_return,-0.028572,2.601185,0.991
2016-01-31,haiku,duration,full,yield_pnl,pp_yield,0.0,0.0,
2016-02-29,haiku,duration,full,yield_pnl,pp_yield,0.0,0.0,
2016-03-31,haiku,duration,full,yield_pnl,pp_yield,0.046,0.046,
2016-04-30,haiku,duration,full,yield_pnl,pp_yield,0.0,0.046,
2016-05-31,haiku,duration,full,yield_pnl,pp_yield,0.326,0.372,
2016-06-30,haiku,duration,full,yield_pnl,pp_yield,-0.018,0.354,
2016-07-31,haiku,duration,full,yield_pnl,pp_yield,0.124,0.478,
2016-08-31,haiku,duration,full,yield_pnl,pp_yield,0.0,0.478,
2016-09-30,haiku,duration,full,yield_pnl,pp_yield,-0.18,0.298,
2016-10-31,haiku,duration,full,yield_pnl,pp_yield,0.53,0.828,
2017-01-31,haiku,duration,full,yield_pnl,pp_yield,-0.048,0.78,
2017-02-28,haiku,duration,full,yield_pnl,pp_yield,0.0,0.78,1.197
2017-03-31,haiku,duration,full,yield_pnl,pp_yield,-0.1,0.68,1.015
2017-05-31,haiku,duration,full,yield_pnl,pp_yield,0.0,0.68,1.015
2017-06-30,haiku,duration,full,yield_pnl,pp_yield,-0.0065,0.6735,0.933
2017-07-31,haiku,duration,full,yield_pnl,pp_yield,0.0,0.6735,0.933
2017-08-31,haiku,duration,full,yield_pnl,pp_yield,-0.14,0.5335,0.258
2017-10-31,haiku,duration,full,yield_pnl,pp_yield,0.124,0.6575,0.479
2017-11-30,haiku,duration,full,yield_pnl,pp_yield,0.032,0.6895,0.338
2017-12-31,haiku,duration,full,yield_pnl,pp_yield,0.0,0.6895,0.338
2018-01-31,haiku,duration,full,yield_pnl,pp_yield,0.0975,0.787,0.829
2018-03-31,haiku,duration,full,yield_pnl,pp_yield,0.0,0.787,-0.163
2018-04-30,haiku,duration,full,yield_pnl,pp_yield,-0.1005,0.6865,-0.351
2018-05-31,haiku,duration,full,yield_pnl,pp_yield,0.06,0.7465,-0.122
2018-06-30,haiku,duration,full,yield_pnl,pp_yield,0.126,0.8725,0.687
2018-07-31,haiku,duration,full,yield_pnl,pp_yield,-0.08,0.7925,0.38
2018-08-31,haiku,duration,full,yield_pnl,pp_yield,0.19,0.9825,0.894
2018-10-31,haiku,duration,full,yield_pnl,pp_yield,-0.126,0.8565,0.485
2018-12-31,haiku,duration,full,yield_pnl,pp_yield,0.051,0.9075,1.106
2019-01-31,haiku,duration,full,yield_pnl,pp_yield,0.088,0.9955,1.027
2019-02-28,haiku,duration,full,yield_pnl,pp_yield,0.292,1.2875,1.417
2019-03-31,haiku,duration,full,yield_pnl,pp_yield,0.1,1.3875,1.658
2019-04-30,haiku,duration,full,yield_pnl,pp_yield,-0.35,1.0375,0.43
2019-06-30,haiku,duration,full,yield_pnl,pp_yield,0.068,1.1055,0.546
2019-07-31,haiku,duration,full,yield_pnl,pp_yield,0.0,1.1055,0.737
2019-08-31,haiku,duration,full,yield_pnl,pp_yield,-0.16,0.9455,0.332
2019-09-30,haiku,duration,full,yield_pnl,pp_yield,-0.006,0.9395,0.114
2019-10-31,haiku,duration,full,yield_pnl,pp_yield,0.0,0.9395,0.253
2019-11-30,haiku,duration,full,yield_pnl,pp_yield,0.044,0.9835,0.002
2019-12-31,haiku,duration,full,yield_pnl,pp_yield,-0.346,0.6375,-0.342
2020-01-31,haiku,duration,full,yield_pnl,pp_yield,0.416,1.0535,0.189
2020-02-29,haiku,duration,full,yield_pnl,pp_yield,0.51,1.5635,0.617
2020-03-31,haiku,duration,full,yield_pnl,pp_yield,-0.036,1.5275,0.272
2020-04-30,haiku,duration,full,yield_pnl,pp_yield,0.01,1.5375,0.171
2020-06-30,haiku,duration,full,yield_pnl,pp_yield,0.086,1.6235,0.746
2020-07-31,haiku,duration,full,yield_pnl,pp_yield,-0.128,1.4955,0.485
2020-09-30,haiku,duration,full,yield_pnl,pp_yield,0.118,1.6135,0.629
2020-10-31,haiku,duration,full,yield_pnl,pp_yield,-0.019,1.5945,0.831
2020-11-30,haiku,duration,full,yield_pnl,pp_yield,0.045,1.6395,0.899
2020-12-31,haiku,duration,full,yield_pnl,pp_yield,0.064,1.7035,0.985
2021-01-31,haiku,duration,full,yield_pnl,pp_yield,0.198,1.9015,1.167
2021-02-28,haiku,duration,full,yield_pnl,pp_yield,0.188,2.0895,2.262
2021-04-30,haiku,duration,full,yield_pnl,pp_yield,-0.0575,2.032,1.7
2021-05-31,haiku,duration,full,yield_pnl,pp_yield,-0.058,1.974,1.17
2021-06-30,haiku,duration,full,yield_pnl,pp_yield,0.162,2.136,1.676
2021-07-31,haiku,duration,full,yield_pnl,pp_yield,-0.04,2.096,1.499
2021-08-31,haiku,duration,full,yield_pnl,pp_yield,0.0,2.096,1.268
2021-09-30,haiku,duration,full,yield_pnl,pp_yield,0.081,2.177,2.091
2021-10-31,haiku,duration,full,yield_pnl,pp_yield,0.056,2.233,1.942
2021-11-30,haiku,duration,full,yield_pnl,pp_yield,-0.138,2.095,1.366
2021-12-31,haiku,duration,full,yield_pnl,pp_yield,0.342,2.437,1.683
2022-01-31,haiku,duration,full,yield_pnl,pp_yield,0.106,2.543,1.765
2022-02-28,haiku,duration,full,yield_pnl,pp_yield,-0.63,1.913,0.014
2022-03-31,haiku,duration,full,yield_pnl,pp_yield,0.57,2.483,0.397
2022-04-30,haiku,duration,full,yield_pnl,pp_yield,-0.092,2.391,0.361
2022-05-31,haiku,duration,full,yield_pnl,pp_yield,0.234,2.625,0.645
2022-07-31,haiku,duration,full,yield_pnl,pp_yield,-0.508,2.117,-0.017
2022-09-30,haiku,duration,full,yield_pnl,pp_yield,0.28,2.397,0.256
2022-10-31,haiku,duration,full,yield_pnl,pp_yield,-0.304,2.093,-0.002
2022-11-30,haiku,duration,full,yield_pnl,pp_yield,0.1375,2.2305,0.044
2022-12-31,haiku,duration,full,yield_pnl,pp_yield,0.296,2.5265,0.233
2023-01-31,haiku,duration,full,yield_pnl,pp_yield,-0.48,2.0465,-0.036
2023-02-28,haiku,duration,full,yield_pnl,pp_yield,-0.44,1.6065,-0.61
2023-04-30,haiku,duration,full,yield_pnl,pp_yield,0.264,1.8705,-0.483
2023-05-31,haiku,duration,full,yield_pnl,pp_yield,0.085,1.9555,0.034
2023-06-30,haiku,duration,full,yield_pnl,pp_yield,0.064,2.0195,-0.426
2023-07-31,haiku,duration,full,yield_pnl,pp_yield,0.0675,2.087,-0.279
2023-08-31,haiku,duration,full,yield_pnl,pp_yield,-0.372,1.715,-0.825
2023-09-30,haiku,duration,full,yield_pnl,pp_yield,0.19,1.905,-0.207
2023-10-31,haiku,duration,full,yield_pnl,pp_yield,0.442,2.347,-0.046
2023-11-30,haiku,duration,full,yield_pnl,pp_yield,0.494,2.841,0.658
2023-12-31,haiku,duration,full,yield_pnl,pp_yield,0.082,2.923,0.611
2024-01-31,haiku,duration,full,yield_pnl,pp_yield,-0.156,2.767,0.215
2024-02-29,haiku,duration,full,yield_pnl,pp_yield,0.0,2.767,0.735
2024-03-31,haiku,duration,full,yield_pnl,pp_yield,0.476,3.243,1.829
2024-04-30,haiku,duration,full,yield_pnl,pp_yield,-0.108,3.135,1.383
2024-05-31,haiku,duration,full,yield_pnl,pp_yield,0.162,3.297,1.465
2024-06-30,haiku,duration,full,yield_pnl,pp_yield,0.276,3.573,1.674
2024-07-31,haiku,duration,full,yield_pnl,pp_yield,-0.25,3.323,1.233
2024-08-31,haiku,duration,full,yield_pnl,pp_yield,0.19,3.513,2.093
2024-09-30,haiku,duration,full,yield_pnl,pp_yield,0.582,4.095,2.276
2024-10-31,haiku,duration,full,yield_pnl,pp_yield,-0.0755,4.0195,1.762
2024-11-30,haiku,duration,full,yield_pnl,pp_yield,-0.288,3.7315,0.935
2024-12-31,haiku,duration,full,yield_pnl,pp_yield,-0.0105,3.721,0.835
2025-01-31,haiku,duration,full,yield_pnl,pp_yield,-0.34,3.381,0.603
2025-02-28,haiku,duration,full,yield_pnl,pp_yield,0.046,3.427,0.649
2025-03-31,haiku,duration,full,yield_pnl,pp_yield,-0.152,3.275,0.035
2025-04-30,haiku,duration,full,yield_pnl,pp_yield,-0.156,3.119,-0.017
2025-05-31,haiku,duration,full,yield_pnl,pp_yield,-0.0595,3.0595,-0.26
2025-06-30,haiku,duration,full,yield_pnl,pp_yield,-0.166,2.8935,-0.787
2025-07-31,haiku,duration,full,yield_pnl,pp_yield,-0.14,2.7535,-0.675
2025-08-31,haiku,duration,full,yield_pnl,pp_yield,0.046,2.7995,-0.88
2025-09-30,haiku,duration,full,yield_pnl,pp_yield,-0.0325,2.767,-3.171
2025-10-31,haiku,duration,full,yield_pnl,pp_yield,-0.132,2.635,-3.316
2025-11-30,haiku,duration,full,yield_pnl,pp_yield,0.096,2.731,-2.377
2026-01-31,haiku,duration,full,yield_pnl,pp_yield,-0.29,2.441,-2.788
2026-03-31,haiku,duration,full,yield_pnl,pp_yield,0.096,2.537,-1.995
2026-04-30,haiku,duration,full,yield_pnl,pp_yield,0.07,2.607,-1.903
2026-05-31,haiku,duration,full,yield_pnl,pp_yield,0.0,2.607,-1.57
2016-01-31,haiku,duration,conv,yield_pnl,pp_yield,-0.072,-0.072,
2016-02-29,haiku,duration,conv,yield_pnl,pp_yield,-0.004,-0.076,
2016-03-31,haiku,duration,conv,yield_pnl,pp_yield,0.063,-0.013,
2016-04-30,haiku,duration,conv,yield_pnl,pp_yield,0.044,0.031,
2016-05-31,haiku,duration,conv,yield_pnl,pp_yield,0.0,0.031,
2016-06-30,haiku,duration,conv,yield_pnl,pp_yield,0.0,0.031,
2016-07-31,haiku,duration,conv,yield_pnl,pp_yield,-0.124,-0.093,
2016-08-31,haiku,duration,conv,yield_pnl,pp_yield,-0.0005,-0.0935,
2016-09-30,haiku,duration,conv,yield_pnl,pp_yield,0.0,-0.0935,
2016-10-31,haiku,duration,conv,yield_pnl,pp_yield,0.46,0.3665,
2016-11-30,haiku,duration,conv,yield_pnl,pp_yield,0.028,0.3945,
2016-12-31,haiku,duration,conv,yield_pnl,pp_yield,0.0,0.3945,0.795
2017-01-31,haiku,duration,conv,yield_pnl,pp_yield,-0.06,0.3345,0.823
2017-02-28,haiku,duration,conv,yield_pnl,pp_yield,0.018,0.3525,0.87
2017-03-31,haiku,duration,conv,yield_pnl,pp_yield,0.062,0.4145,0.868
2017-04-30,haiku,duration,conv,yield_pnl,pp_yield,0.048,0.4625,0.876
2017-05-31,haiku,duration,conv,yield_pnl,pp_yield,-0.1,0.3625,0.65
2017-06-30,haiku,duration,conv,yield_pnl,pp_yield,0.0,0.3625,0.65
2017-07-31,haiku,duration,conv,yield_pnl,pp_yield,-0.0845,0.278,0.744
2017-08-31,haiku,duration,conv,yield_pnl,pp_yield,0.182,0.46,1.066
2017-09-30,haiku,duration,conv,yield_pnl,pp_yield,0.082,0.542,1.227
2017-10-31,haiku,duration,conv,yield_pnl,pp_yield,0.0,0.542,0.658
2017-11-30,haiku,duration,conv,yield_pnl,pp_yield,-0.02,0.522,0.475
2017-12-31,haiku,duration,conv,yield_pnl,pp_yield,0.0,0.522,0.475
2018-01-31,haiku,duration,conv,yield_pnl,pp_yield,0.15,0.672,1.165
2018-02-28,haiku,duration,conv,yield_pnl,pp_yield,-0.066,0.606,0.832
2018-03-31,haiku,duration,conv,yield_pnl,pp_yield,0.0,0.606,0.635
2018-04-30,haiku,duration,conv,yield_pnl,pp_yield,-0.108,0.498,0.11
2018-05-31,haiku,duration,conv,yield_pnl,pp_yield,-0.06,0.438,0.242
2018-06-30,haiku,duration,conv,yield_pnl,pp_yield,0.126,0.564,0.604
2018-07-31,haiku,duration,conv,yield_pnl,pp_yield,0.0,0.564,0.906
2018-08-31,haiku,duration,conv,yield_pnl,pp_yield,0.285,0.849,1.018
2018-09-30,haiku,duration,conv,yield_pnl,pp_yield,0.0,0.849,0.81
2018-10-31,haiku,duration,conv,yield_pnl,pp_yield,0.14,0.989,1.133
2018-11-30,haiku,duration,conv,yield_pnl,pp_yield,0.32,1.309,1.646
2018-12-31,haiku,duration,conv,yield_pnl,pp_yield,0.048,1.357,1.764
2019-01-31,haiku,duration,conv,yield_pnl,pp_yield,0.0,1.357,1.459
2019-02-28,haiku,duration,conv,yield_pnl,pp_yield,-0.278,1.079,0.833
2019-03-31,haiku,duration,conv,yield_pnl,pp_yield,0.05,1.129,0.924
2019-04-30,haiku,duration,conv,yield_pnl,pp_yield,0.2035,1.3325,1.488
2019-05-31,haiku,duration,conv,yield_pnl,pp_yield,0.161,1.4935,1.925
2019-06-30,haiku,duration,conv,yield_pnl,pp_yield,0.047,1.5405,1.782
2019-07-31,haiku,duration,conv,yield_pnl,pp_yield,0.468,2.0085,2.187
2019-08-31,haiku,duration,conv,yield_pnl,pp_yield,0.186,2.1945,2.1
2019-09-30,haiku,duration,conv,yield_pnl,pp_yield,-0.038,2.1565,2.014
2019-10-31,haiku,duration,conv,yield_pnl,pp_yield,0.0,2.1565,1.777
2019-11-30,haiku,duration,conv,yield_pnl,pp_yield,0.07,2.2265,1.503
2019-12-31,haiku,duration,conv,yield_pnl,pp_yield,-0.41,1.8165,0.588
2020-02-29,haiku,duration,conv,yield_pnl,pp_yield,-0.636,1.1805,-0.171
2020-03-31,haiku,duration,conv,yield_pnl,pp_yield,-0.09,1.0905,0.012
2020-04-30,haiku,duration,conv,yield_pnl,pp_yield,-0.01,1.0805,-0.049
2020-05-31,haiku,duration,conv,yield_pnl,pp_yield,-0.007,1.0735,-0.267
2020-06-30,haiku,duration,conv,yield_pnl,pp_yield,-0.083,0.9905,-0.529
2020-07-31,haiku,duration,conv,yield_pnl,pp_yield,-0.114,0.8765,-0.7
2020-08-31,haiku,duration,conv,yield_pnl,pp_yield,-0.03,0.8465,-1.528
2020-09-30,haiku,duration,conv,yield_pnl,pp_yield,-0.07,0.7765,-2.034
2020-11-30,haiku,duration,conv,yield_pnl,pp_yield,0.039,0.8155,-1.887
2020-12-31,haiku,duration,conv,yield_pnl,pp_yield,-0.102,0.7135,-2.06
2021-01-31,haiku,duration,conv,yield_pnl,pp_yield,0.0,0.7135,-2.215
2021-02-28,haiku,duration,conv,yield_pnl,pp_yield,-0.202,0.5115,-2.114
2021-03-31,haiku,duration,conv,yield_pnl,pp_yield,-0.0405,0.471,-3.155
2021-04-30,haiku,duration,conv,yield_pnl,pp_yield,-0.048,0.423,-3.0
2021-05-31,haiku,duration,conv,yield_pnl,pp_yield,-0.025,0.398,-3.108
2021-06-30,haiku,duration,conv,yield_pnl,pp_yield,0.126,0.524,-1.938
2021-08-31,haiku,duration,conv,yield_pnl,pp_yield,0.0,0.524,-1.644
2021-10-31,haiku,duration,conv,yield_pnl,pp_yield,0.062,0.586,-1.01
2021-11-30,haiku,duration,conv,yield_pnl,pp_yield,0.15,0.736,-0.329
2021-12-31,haiku,duration,conv,yield_pnl,pp_yield,0.342,1.078,0.632
2022-01-31,haiku,duration,conv,yield_pnl,pp_yield,0.15,1.228,0.836
2022-02-28,haiku,duration,conv,yield_pnl,pp_yield,0.0,1.228,1.088
2022-03-31,haiku,duration,conv,yield_pnl,pp_yield,0.57,1.798,1.541
2022-04-30,haiku,duration,conv,yield_pnl,pp_yield,0.0,1.798,2.016
2022-05-31,haiku,duration,conv,yield_pnl,pp_yield,0.234,2.032,2.487
2022-06-30,haiku,duration,conv,yield_pnl,pp_yield,0.0,2.032,2.618
2022-07-31,haiku,duration,conv,yield_pnl,pp_yield,-0.512,1.52,1.267
2022-08-31,haiku,duration,conv,yield_pnl,pp_yield,-0.725,0.795,0.225
2022-09-30,haiku,duration,conv,yield_pnl,pp_yield,0.278,1.073,0.447
2022-10-31,haiku,duration,conv,yield_pnl,pp_yield,0.0,1.073,0.396
2022-11-30,haiku,duration,conv,yield_pnl,pp_yield,0.138,1.211,0.387
2022-12-31,haiku,duration,conv,yield_pnl,pp_yield,-0.36,0.851,-0.183
2023-01-31,haiku,duration,conv,yield_pnl,pp_yield,0.0,0.851,-0.307
2023-02-28,haiku,duration,conv,yield_pnl,pp_yield,0.0,0.851,-0.307
2023-03-31,haiku,duration,conv,yield_pnl,pp_yield,-0.032,0.819,-0.942
2023-04-30,haiku,duration,conv,yield_pnl,pp_yield,0.0,0.819,-0.942
2023-05-31,haiku,duration,conv,yield_pnl,pp_yield,-0.384,0.435,-1.569
2023-06-30,haiku,duration,conv,yield_pnl,pp_yield,-0.117,0.318,-1.701
2023-07-31,haiku,duration,conv,yield_pnl,pp_yield,0.054,0.372,-1.224
2023-08-31,haiku,duration,conv,yield_pnl,pp_yield,0.476,0.848,0.065
2023-09-30,haiku,duration,conv,yield_pnl,pp_yield,0.198,1.046,-0.034
2023-10-31,haiku,duration,conv,yield_pnl,pp_yield,-0.425,0.621,-0.502
2023-11-30,haiku,duration,conv,yield_pnl,pp_yield,0.544,1.165,-0.043
2023-12-31,haiku,duration,conv,yield_pnl,pp_yield,0.09,1.255,0.407
2024-01-31,haiku,duration,conv,yield_pnl,pp_yield,0.326,1.581,0.707
2024-02-29,haiku,duration,conv,yield_pnl,pp_yield,-0.05,1.531,0.656
2024-03-31,haiku,duration,conv,yield_pnl,pp_yield,0.611,2.142,1.133
2024-04-30,haiku,duration,conv,yield_pnl,pp_yield,-0.117,2.025,1.017
2024-05-31,haiku,duration,conv,yield_pnl,pp_yield,-0.15,1.875,1.307
2024-06-30,haiku,duration,conv,yield_pnl,pp_yield,-0.27,1.605,1.122
2024-07-31,haiku,duration,conv,yield_pnl,pp_yield,-0.25,1.355,0.818
2024-08-31,haiku,duration,conv,yield_pnl,pp_yield,-0.175,1.18,0.29
2024-09-30,haiku,duration,conv,yield_pnl,pp_yield,0.0,1.18,0.119
2024-10-31,haiku,duration,conv,yield_pnl,pp_yield,-0.1,1.08,0.444
2024-11-30,haiku,duration,conv,yield_pnl,pp_yield,0.52,1.6,0.426
2024-12-31,haiku,duration,conv,yield_pnl,pp_yield,0.009,1.609,0.347
2025-01-31,haiku,duration,conv,yield_pnl,pp_yield,-0.376,1.233,-0.335
2025-02-28,haiku,duration,conv,yield_pnl,pp_yield,-0.01,1.223,-0.296
2025-03-31,haiku,duration,conv,yield_pnl,pp_yield,0.0,1.223,-1.182
2025-04-30,haiku,duration,conv,yield_pnl,pp_yield,-0.26,0.963,-1.33
2025-06-30,haiku,duration,conv,yield_pnl,pp_yield,0.217,1.18,-0.818
2025-07-31,haiku,duration,conv,yield_pnl,pp_yield,-0.049,1.131,-0.579
2025-08-31,haiku,duration,conv,yield_pnl,pp_yield,-0.038,1.093,-0.334
2025-09-30,haiku,duration,conv,yield_pnl,pp_yield,-0.02,1.073,-0.139
2025-10-31,haiku,duration,conv,yield_pnl,pp_yield,0.0,1.073,-0.139
2025-11-30,haiku,duration,conv,yield_pnl,pp_yield,0.096,1.169,0.116
2025-12-31,haiku,duration,conv,yield_pnl,pp_yield,-0.048,1.121,-0.912
2026-01-31,haiku,duration,conv,yield_pnl,pp_yield,0.2375,1.3585,-0.422
2026-02-28,haiku,duration,conv,yield_pnl,pp_yield,-0.2755,1.083,-0.281
2026-03-31,haiku,duration,conv,yield_pnl,pp_yield,0.1235,1.2065,-0.03
2026-04-30,haiku,duration,conv,yield_pnl,pp_yield,0.035,1.2415,0.034
2016-01-31,haiku,duration,raw,yield_pnl,pp_yield,-0.134,-0.134,
2016-02-29,haiku,duration,raw,yield_pnl,pp_yield,0.04,-0.094,
2016-03-31,haiku,duration,raw,yield_pnl,pp_yield,0.05,-0.044,
2016-04-30,haiku,duration,raw,yield_pnl,pp_yield,0.0065,-0.0375,
2016-05-31,haiku,duration,raw,yield_pnl,pp_yield,-0.326,-0.3635,
2016-06-30,haiku,duration,raw,yield_pnl,pp_yield,0.06,-0.3035,
2016-07-31,haiku,duration,raw,yield_pnl,pp_yield,0.15,-0.1535,
2016-08-31,haiku,duration,raw,yield_pnl,pp_yield,-0.006,-0.1595,
2016-09-30,haiku,duration,raw,yield_pnl,pp_yield,0.18,0.0205,
2016-10-31,haiku,duration,raw,yield_pnl,pp_yield,0.468,0.4885,
2016-11-30,haiku,duration,raw,yield_pnl,pp_yield,0.0,0.4885,
2016-12-31,haiku,duration,raw,yield_pnl,pp_yield,-0.003,0.4855,0.748
2017-02-28,haiku,duration,raw,yield_pnl,pp_yield,-0.044,0.4415,0.915
2017-03-31,haiku,duration,raw,yield_pnl,pp_yield,-0.062,0.3795,0.742
2017-04-30,haiku,duration,raw,yield_pnl,pp_yield,-0.048,0.3315,0.583
2017-05-31,haiku,duration,raw,yield_pnl,pp_yield,-0.1,0.2315,0.409
2017-06-30,haiku,duration,raw,yield_pnl,pp_yield,0.01,0.2415,1.125
2017-07-31,haiku,duration,raw,yield_pnl,pp_yield,0.0,0.2415,1.009
2017-08-31,haiku,duration,raw,yield_pnl,pp_yield,-0.1855,0.056,0.366
2017-09-30,haiku,duration,raw,yield_pnl,pp_yield,-0.098,-0.042,0.201
2017-10-31,haiku,duration,raw,yield_pnl,pp_yield,0.154,0.112,0.159
2017-11-30,haiku,duration,raw,yield_pnl,pp_yield,0.0,0.112,-1.324
2018-01-31,haiku,duration,raw,yield_pnl,pp_yield,0.156,0.268,-0.648
2018-02-28,haiku,duration,raw,yield_pnl,pp_yield,-0.07,0.198,-0.837
2018-03-31,haiku,duration,raw,yield_pnl,pp_yield,0.214,0.412,-0.071
2018-04-30,haiku,duration,raw,yield_pnl,pp_yield,-0.108,0.304,-0.177
2018-05-31,haiku,duration,raw,yield_pnl,pp_yield,0.056,0.36,0.067
2018-06-30,haiku,duration,raw,yield_pnl,pp_yield,0.156,0.516,0.651
2018-07-31,haiku,duration,raw,yield_pnl,pp_yield,-0.085,0.431,0.421
2018-08-31,haiku,duration,raw,yield_pnl,pp_yield,0.19,0.621,0.787
2018-09-30,haiku,duration,raw,yield_pnl,pp_yield,0.084,0.705,1.54
2018-10-31,haiku,duration,raw,yield_pnl,pp_yield,0.119,0.824,2.217
2018-11-30,haiku,duration,raw,yield_pnl,pp_yield,0.32,1.144,2.253
2018-12-31,haiku,duration,raw,yield_pnl,pp_yield,0.048,1.192,2.396
2019-01-31,haiku,duration,raw,yield_pnl,pp_yield,-0.102,1.09,1.705
2019-02-28,haiku,duration,raw,yield_pnl,pp_yield,0.292,1.382,2.348
2019-03-31,haiku,duration,raw,yield_pnl,pp_yield,0.06,1.442,2.106
2019-04-30,haiku,duration,raw,yield_pnl,pp_yield,0.35,1.792,2.945
2019-05-31,haiku,duration,raw,yield_pnl,pp_yield,0.238,2.03,3.267
2019-06-30,haiku,duration,raw,yield_pnl,pp_yield,0.02,2.05,2.926
2019-07-31,haiku,duration,raw,yield_pnl,pp_yield,0.0,2.05,3.287
2019-08-31,haiku,duration,raw,yield_pnl,pp_yield,-0.16,1.89,2.233
2019-09-30,haiku,duration,raw,yield_pnl,pp_yield,-0.04,1.85,1.951
2019-10-31,haiku,duration,raw,yield_pnl,pp_yield,-0.09,1.76,1.524
2019-11-30,haiku,duration,raw,yield_pnl,pp_yield,0.072,1.832,1.24
2019-12-31,haiku,duration,raw,yield_pnl,pp_yield,-0.346,1.486,0.428
2020-01-31,haiku,duration,raw,yield_pnl,pp_yield,-0.38,1.106,0.02
2020-02-29,haiku,duration,raw,yield_pnl,pp_yield,-0.43,0.676,-0.851
2020-03-31,haiku,duration,raw,yield_pnl,pp_yield,-0.06,0.616,-1.008
2020-04-30,haiku,duration,raw,yield_pnl,pp_yield,0.01,0.626,-1.689
2020-05-31,haiku,duration,raw,yield_pnl,pp_yield,0.01,0.636,-2.317
2020-06-30,haiku,duration,raw,yield_pnl,pp_yield,0.092,0.728,-2.121
2020-07-31,haiku,duration,raw,yield_pnl,pp_yield,0.114,0.842,-1.845
2020-08-31,haiku,duration,raw,yield_pnl,pp_yield,-0.024,0.818,-1.635
2020-09-30,haiku,duration,raw,yield_pnl,pp_yield,-0.118,0.7,-1.759
2020-10-31,haiku,duration,raw,yield_pnl,pp_yield,-0.008,0.692,-1.619
2020-12-31,haiku,duration,raw,yield_pnl,pp_yield,0.096,0.788,-1.566
2021-01-31,haiku,duration,raw,yield_pnl,pp_yield,0.225,1.013,-0.707
2021-03-31,haiku,duration,raw,yield_pnl,pp_yield,-0.09,0.923,-0.325
2021-04-30,haiku,duration,raw,yield_pnl,pp_yield,-0.055,0.868,0.56
2021-05-31,haiku,duration,raw,yield_pnl,pp_yield,-0.13,0.738,0.333
2021-07-31,haiku,duration,raw,yield_pnl,pp_yield,-0.04,0.698,0.195
2021-08-31,haiku,duration,raw,yield_pnl,pp_yield,0.164,0.862,0.562
2021-09-30,haiku,duration,raw,yield_pnl,pp_yield,-0.081,0.781,0.131
2021-10-31,haiku,duration,raw,yield_pnl,pp_yield,-0.12,0.661,-0.449
2021-11-30,haiku,duration,raw,yield_pnl,pp_yield,-0.138,0.523,-0.699
2021-12-31,haiku,duration,raw,yield_pnl,pp_yield,0.342,0.865,0.303
2022-01-31,haiku,duration,raw,yield_pnl,pp_yield,0.18,1.045,0.622
2022-02-28,haiku,duration,raw,yield_pnl,pp_yield,0.63,1.675,1.072
2022-03-31,haiku,duration,raw,yield_pnl,pp_yield,0.594,2.269,1.294
2022-04-30,haiku,duration,raw,yield_pnl,pp_yield,0.092,2.361,1.517
2022-05-31,haiku,duration,raw,yield_pnl,pp_yield,0.234,2.595,1.85
2022-06-30,haiku,duration,raw,yield_pnl,pp_yield,0.198,2.793,2.322
2022-07-31,haiku,duration,raw,yield_pnl,pp_yield,0.0,2.793,2.393
2022-08-31,haiku,duration,raw,yield_pnl,pp_yield,0.0,2.793,2.163
2022-09-30,haiku,duration,raw,yield_pnl,pp_yield,0.27,3.063,2.661
2022-11-30,haiku,duration,raw,yield_pnl,pp_yield,0.132,3.195,3.197
2022-12-31,haiku,duration,raw,yield_pnl,pp_yield,0.336,3.531,4.29
2023-01-31,haiku,duration,raw,yield_pnl,pp_yield,-0.48,3.051,2.182
2023-02-28,haiku,duration,raw,yield_pnl,pp_yield,0.626,3.677,2.402
2023-03-31,haiku,duration,raw,yield_pnl,pp_yield,-0.04,3.637,1.916
2023-04-30,haiku,duration,raw,yield_pnl,pp_yield,-0.248,3.389,1.139
2023-05-31,haiku,duration,raw,yield_pnl,pp_yield,-0.29,3.099,0.699
2023-07-31,haiku,duration,raw,yield_pnl,pp_yield,0.12,3.219,0.599
2023-08-31,haiku,duration,raw,yield_pnl,pp_yield,0.408,3.627,0.763
2023-09-30,haiku,duration,raw,yield_pnl,pp_yield,0.231,3.858,0.967
2023-10-31,haiku,duration,raw,yield_pnl,pp_yield,0.442,4.3,1.31
2023-11-30,haiku,duration,raw,yield_pnl,pp_yield,0.0,4.3,1.08
2023-12-31,haiku,duration,raw,yield_pnl,pp_yield,0.0855,4.3855,1.04
2024-01-31,haiku,duration,raw,yield_pnl,pp_yield,-0.2985,4.087,0.472
2024-02-29,haiku,duration,raw,yield_pnl,pp_yield,-0.05,4.037,0.95
2024-03-31,haiku,duration,raw,yield_pnl,pp_yield,0.49,4.527,0.88
2024-04-30,haiku,duration,raw,yield_pnl,pp_yield,-0.18,4.347,0.715
2024-05-31,haiku,duration,raw,yield_pnl,pp_yield,-0.15,4.197,0.838
2024-06-30,haiku,duration,raw,yield_pnl,pp_yield,0.33,4.527,1.566
2024-07-31,haiku,duration,raw,yield_pnl,pp_yield,0.26,4.787,1.699
2024-08-31,haiku,duration,raw,yield_pnl,pp_yield,0.16,4.947,1.511
2024-09-30,haiku,duration,raw,yield_pnl,pp_yield,-0.482,4.465,0.583
2024-10-31,haiku,duration,raw,yield_pnl,pp_yield,0.0,4.465,0.174
2024-11-30,haiku,duration,raw,yield_pnl,pp_yield,-0.288,4.177,-0.123
2025-01-31,haiku,duration,raw,yield_pnl,pp_yield,-0.342,3.835,-0.528
2025-02-28,haiku,duration,raw,yield_pnl,pp_yield,0.046,3.881,-0.204
2025-03-31,haiku,duration,raw,yield_pnl,pp_yield,0.1405,4.0215,-0.015
2025-04-30,haiku,duration,raw,yield_pnl,pp_yield,-0.3975,3.624,-0.966
2025-05-31,haiku,duration,raw,yield_pnl,pp_yield,0.17,3.794,-0.578
2025-06-30,haiku,duration,raw,yield_pnl,pp_yield,0.166,3.96,-0.244
2025-07-31,haiku,duration,raw,yield_pnl,pp_yield,-0.224,3.736,-0.869
2025-08-31,haiku,duration,raw,yield_pnl,pp_yield,-0.036,3.7,-1.294
2025-09-30,haiku,duration,raw,yield_pnl,pp_yield,0.0,3.7,-1.554
2025-10-31,haiku,duration,raw,yield_pnl,pp_yield,-0.106,3.594,-1.263
2025-11-30,haiku,duration,raw,yield_pnl,pp_yield,0.112,3.706,-1.067
2025-12-31,haiku,duration,raw,yield_pnl,pp_yield,0.039,3.745,-0.642
2026-01-31,haiku,duration,raw,yield_pnl,pp_yield,-0.258,3.487,-0.548
2026-02-28,haiku,duration,raw,yield_pnl,pp_yield,0.0,3.487,-0.625
2026-03-31,haiku,duration,raw,yield_pnl,pp_yield,0.096,3.583,-0.709
2026-04-30,haiku,duration,raw,yield_pnl,pp_yield,0.05,3.633,0.019
2026-05-31,haiku,duration,raw,yield_pnl,pp_yield,0.028,3.661,-0.299
2016-01-31,haiku,duration,mech,yield_pnl,pp_yield,-0.09,-0.09,
2016-02-29,haiku,duration,mech,yield_pnl,pp_yield,0.005,-0.085,
2016-03-31,haiku,duration,mech,yield_pnl,pp_yield,0.045,-0.04,
2016-04-30,haiku,duration,mech,yield_pnl,pp_yield,0.055,0.015,
2016-05-31,haiku,duration,mech,yield_pnl,pp_yield,-0.32,-0.305,
2016-06-30,haiku,duration,mech,yield_pnl,pp_yield,-0.03,-0.335,
2016-07-31,haiku,duration,mech,yield_pnl,pp_yield,0.125,-0.21,
2016-08-31,haiku,duration,mech,yield_pnl,pp_yield,0.005,-0.205,
2016-09-30,haiku,duration,mech,yield_pnl,pp_yield,0.165,-0.04,
2016-10-31,haiku,duration,mech,yield_pnl,pp_yield,0.39,0.35,
2016-11-30,haiku,duration,mech,yield_pnl,pp_yield,0.085,0.435,
2016-12-31,haiku,duration,mech,yield_pnl,pp_yield,0.005,0.44,0.766
2017-01-31,haiku,duration,mech,yield_pnl,pp_yield,-0.03,0.41,0.888
2017-02-28,haiku,duration,mech,yield_pnl,pp_yield,0.045,0.455,0.961
2017-03-31,haiku,duration,mech,yield_pnl,pp_yield,0.05,0.505,0.97
2017-04-30,haiku,duration,mech,yield_pnl,pp_yield,0.04,0.545,0.944
2017-05-31,haiku,duration,mech,yield_pnl,pp_yield,-0.1,0.445,1.725
2017-06-30,haiku,duration,mech,yield_pnl,pp_yield,0.025,0.47,1.892
2017-07-31,haiku,duration,mech,yield_pnl,pp_yield,0.095,0.565,1.837
2017-08-31,haiku,duration,mech,yield_pnl,pp_yield,-0.175,0.39,1.23
2017-09-30,haiku,duration,mech,yield_pnl,pp_yield,-0.09,0.3,0.702
2017-10-31,haiku,duration,mech,yield_pnl,pp_yield,0.11,0.41,0.198
2017-11-30,haiku,duration,mech,yield_pnl,pp_yield,0.045,0.455,0.068
2017-12-31,haiku,duration,mech,yield_pnl,pp_yield,0.0,0.455,0.051
2018-01-31,haiku,duration,mech,yield_pnl,pp_yield,0.13,0.585,0.549
2018-02-28,haiku,duration,mech,yield_pnl,pp_yield,-0.055,0.53,0.232
2018-03-31,haiku,duration,mech,yield_pnl,pp_yield,0.215,0.745,0.624
2018-04-30,haiku,duration,mech,yield_pnl,pp_yield,-0.105,0.64,0.236
2018-05-31,haiku,duration,mech,yield_pnl,pp_yield,-0.07,0.57,0.316
2018-06-30,haiku,duration,mech,yield_pnl,pp_yield,0.13,0.7,0.557
2018-07-31,haiku,duration,mech,yield_pnl,pp_yield,-0.075,0.625,0.145
2018-08-31,haiku,duration,mech,yield_pnl,pp_yield,0.19,0.815,1.058
2018-09-30,haiku,duration,mech,yield_pnl,pp_yield,0.08,0.895,1.57
2018-10-31,haiku,duration,mech,yield_pnl,pp_yield,-0.105,0.79,0.945
2018-11-30,haiku,duration,mech,yield_pnl,pp_yield,0.32,1.11,1.323
2018-12-31,haiku,duration,mech,yield_pnl,pp_yield,0.045,1.155,1.423
2019-01-31,haiku,duration,mech,yield_pnl,pp_yield,0.085,1.24,1.346
2019-02-28,haiku,duration,mech,yield_pnl,pp_yield,-0.285,0.955,0.724
2019-03-31,haiku,duration,mech,yield_pnl,pp_yield,0.05,1.005,0.469
2019-04-30,haiku,duration,mech,yield_pnl,pp_yield,-0.345,0.66,0.03
2019-05-31,haiku,duration,mech,yield_pnl,pp_yield,-0.17,0.49,-0.118
2019-06-30,haiku,duration,mech,yield_pnl,pp_yield,0.08,0.57,-0.195
2019-07-31,haiku,duration,mech,yield_pnl,pp_yield,-0.455,0.115,-0.636
2019-08-31,haiku,duration,mech,yield_pnl,pp_yield,0.155,0.27,-0.689
2019-09-30,haiku,duration,mech,yield_pnl,pp_yield,-0.05,0.22,-0.866
2019-10-31,haiku,duration,mech,yield_pnl,pp_yield,-0.09,0.13,-0.848
2019-11-30,haiku,duration,mech,yield_pnl,pp_yield,0.055,0.185,-1.365
2019-12-31,haiku,duration,mech,yield_pnl,pp_yield,-0.33,-0.145,-1.839
2020-01-31,haiku,duration,mech,yield_pnl,pp_yield,0.425,0.28,-1.102
2020-02-29,haiku,duration,mech,yield_pnl,pp_yield,0.53,0.81,-0.141
2020-03-31,haiku,duration,mech,yield_pnl,pp_yield,0.045,0.855,-0.146
2020-04-30,haiku,duration,mech,yield_pnl,pp_yield,0.015,0.87,0.218
2020-05-31,haiku,duration,mech,yield_pnl,pp_yield,-0.005,0.865,0.398
2020-06-30,haiku,duration,mech,yield_pnl,pp_yield,-0.08,0.785,0.227
2020-07-31,haiku,duration,mech,yield_pnl,pp_yield,0.1,0.885,0.97
2020-08-31,haiku,duration,mech,yield_pnl,pp_yield,0.02,0.905,0.806
2020-09-30,haiku,duration,mech,yield_pnl,pp_yield,0.1,1.005,1.005
2020-10-31,haiku,duration,mech,yield_pnl,pp_yield,0.01,1.015,1.156
2020-11-30,haiku,duration,mech,yield_pnl,pp_yield,0.03,1.045,1.122
2020-12-31,haiku,duration,mech,yield_pnl,pp_yield,-0.08,0.965,1.69
2021-01-31,haiku,duration,mech,yield_pnl,pp_yield,0.18,1.145,1.545
2021-02-28,haiku,duration,mech,yield_pnl,pp_yield,-0.16,0.985,0.553
2021-03-31,haiku,duration,mech,yield_pnl,pp_yield,0.045,1.03,0.553
2021-04-30,haiku,duration,mech,yield_pnl,pp_yield,0.045,1.075,0.644
2021-05-31,haiku,duration,mech,yield_pnl,pp_yield,-0.01,1.065,0.628
2021-06-30,haiku,duration,mech,yield_pnl,pp_yield,0.135,1.2,1.297
2021-07-31,haiku,duration,mech,yield_pnl,pp_yield,-0.035,1.165,0.88
2021-08-31,haiku,duration,mech,yield_pnl,pp_yield,-0.15,1.015,0.303
2021-09-30,haiku,duration,mech,yield_pnl,pp_yield,0.115,1.13,0.341
2021-10-31,haiku,duration,mech,yield_pnl,pp_yield,0.04,1.17,0.421
2021-11-30,haiku,duration,mech,yield_pnl,pp_yield,-0.15,1.02,-0.062
2021-12-31,haiku,duration,mech,yield_pnl,pp_yield,0.36,1.38,0.784
2022-01-31,haiku,duration,mech,yield_pnl,pp_yield,0.15,1.53,0.739
2022-02-28,haiku,duration,mech,yield_pnl,pp_yield,0.665,2.195,1.554
2022-03-31,haiku,duration,mech,yield_pnl,pp_yield,0.495,2.69,1.912
2022-04-30,haiku,duration,mech,yield_pnl,pp_yield,-0.105,2.585,1.681
2022-05-31,haiku,duration,mech,yield_pnl,pp_yield,0.26,2.845,1.99
2022-06-30,haiku,duration,mech,yield_pnl,pp_yield,-0.17,2.675,1.553
2022-07-31,haiku,duration,mech,yield_pnl,pp_yield,0.52,3.195,2.011
2022-08-31,haiku,duration,mech,yield_pnl,pp_yield,0.725,3.92,2.68
2022-09-30,haiku,duration,mech,yield_pnl,pp_yield,0.28,4.2,2.855
2022-10-31,haiku,duration,mech,yield_pnl,pp_yield,-0.275,3.925,2.325
2022-11-30,haiku,duration,mech,yield_pnl,pp_yield,0.115,4.04,2.696
2022-12-31,haiku,duration,mech,yield_pnl,pp_yield,-0.28,3.76,1.935
2023-01-31,haiku,duration,mech,yield_pnl,pp_yield,-0.5,3.26,1.222
2023-02-28,haiku,duration,mech,yield_pnl,pp_yield,-0.595,2.665,0.32
2023-03-31,haiku,duration,mech,yield_pnl,pp_yield,0.03,2.695,0.004
2023-04-30,haiku,duration,mech,yield_pnl,pp_yield,0.28,2.975,0.278
2023-05-31,haiku,duration,mech,yield_pnl,pp_yield,0.32,3.295,0.318
2023-06-30,haiku,duration,mech,yield_pnl,pp_yield,0.085,3.38,0.504
2023-07-31,haiku,duration,mech,yield_pnl,pp_yield,0.045,3.425,0.176
2023-08-31,haiku,duration,mech,yield_pnl,pp_yield,-0.34,3.085,-0.763
2023-09-30,haiku,duration,mech,yield_pnl,pp_yield,0.165,3.25,-0.896
2023-10-31,haiku,duration,mech,yield_pnl,pp_yield,-0.425,2.825,-1.0
2023-11-30,haiku,duration,mech,yield_pnl,pp_yield,0.495,3.32,-0.583
2023-12-31,haiku,duration,mech,yield_pnl,pp_yield,-0.075,3.245,-0.425
2024-01-31,haiku,duration,mech,yield_pnl,pp_yield,-0.315,2.93,-0.287
2024-02-29,haiku,duration,mech,yield_pnl,pp_yield,-0.05,2.88,0.222
2024-03-31,haiku,duration,mech,yield_pnl,pp_yield,0.47,3.35,0.612
2024-04-30,haiku,duration,mech,yield_pnl,pp_yield,-0.165,3.185,0.198
2024-05-31,haiku,duration,mech,yield_pnl,pp_yield,-0.165,3.02,-0.27
2024-06-30,haiku,duration,mech,yield_pnl,pp_yield,0.345,3.365,-0.014
2024-07-31,haiku,duration,mech,yield_pnl,pp_yield,-0.28,3.085,-0.305
2024-08-31,haiku,duration,mech,yield_pnl,pp_yield,0.175,3.26,0.163
2024-09-30,haiku,duration,mech,yield_pnl,pp_yield,-0.485,2.775,-0.406
2024-10-31,haiku,duration,mech,yield_pnl,pp_yield,-0.065,2.71,-0.105
2024-11-30,haiku,duration,mech,yield_pnl,pp_yield,0.26,2.97,-0.352
2024-12-31,haiku,duration,mech,yield_pnl,pp_yield,-0.015,2.955,-0.292
2025-01-31,haiku,duration,mech,yield_pnl,pp_yield,-0.285,2.67,-0.264
2025-02-28,haiku,duration,mech,yield_pnl,pp_yield,-0.055,2.615,-0.269
2025-03-31,haiku,duration,mech,yield_pnl,pp_yield,-0.175,2.44,-1.093
2025-04-30,haiku,duration,mech,yield_pnl,pp_yield,0.265,2.705,-0.538
2025-05-31,haiku,duration,mech,yield_pnl,pp_yield,-0.17,2.535,-0.544
2025-06-30,haiku,duration,mech,yield_pnl,pp_yield,0.0,2.535,-1.05
2025-07-31,haiku,duration,mech,yield_pnl,pp_yield,-0.245,2.29,-1.018
2025-08-31,haiku,duration,mech,yield_pnl,pp_yield,0.03,2.32,-1.262
2025-09-30,haiku,duration,mech,yield_pnl,pp_yield,0.025,2.345,-0.714
2025-10-31,haiku,duration,mech,yield_pnl,pp_yield,0.11,2.455,-0.413
2025-11-30,haiku,duration,mech,yield_pnl,pp_yield,-0.08,2.375,-1.107
2025-12-31,haiku,duration,mech,yield_pnl,pp_yield,-0.065,2.31,-1.203
2026-01-31,haiku,duration,mech,yield_pnl,pp_yield,0.215,2.525,-0.271
2026-02-28,haiku,duration,mech,yield_pnl,pp_yield,-0.37,2.155,-0.715
2026-03-31,haiku,duration,mech,yield_pnl,pp_yield,0.095,2.25,-0.298
2026-04-30,haiku,duration,mech,yield_pnl,pp_yield,-0.075,2.175,-0.946
2026-05-31,haiku,duration,mech,yield_pnl,pp_yield,0.045,2.22,-0.574
2016-01-31,haiku,curve,full,yield_pnl,pp_yield,0.0,0.0,
2016-02-29,haiku,curve,full,yield_pnl,pp_yield,0.045,0.045,
2016-03-31,haiku,curve,full,yield_pnl,pp_yield,0.005,0.05,
2016-04-30,haiku,curve,full,yield_pnl,pp_yield,-0.09,-0.04,
2016-05-31,haiku,curve,full,yield_pnl,pp_yield,-0.03,-0.07,
2016-06-30,haiku,curve,full,yield_pnl,pp_yield,0.06,-0.01,
2016-07-31,haiku,curve,full,yield_pnl,pp_yield,-0.01,-0.02,
2016-08-31,haiku,curve,full,yield_pnl,pp_yield,-0.05,-0.07,
2016-09-30,haiku,curve,full,yield_pnl,pp_yield,-0.075,-0.145,
2016-10-31,haiku,curve,full,yield_pnl,pp_yield,0.154,0.009,
2016-11-30,haiku,curve,full,yield_pnl,pp_yield,0.0,0.009,
2016-12-31,haiku,curve,full,yield_pnl,pp_yield,-0.005,0.004,0.018
2017-01-31,haiku,curve,full,yield_pnl,pp_yield,-0.06,-0.056,-0.24
2017-02-28,haiku,curve,full,yield_pnl,pp_yield,0.005,-0.051,-0.422
2017-03-31,haiku,curve,full,yield_pnl,pp_yield,0.0,-0.051,-0.444
2017-04-30,haiku,curve,full,yield_pnl,pp_yield,-0.04,-0.091,-0.24
2017-05-31,haiku,curve,full,yield_pnl,pp_yield,-0.0,-0.091,-0.1
2017-06-30,haiku,curve,full,yield_pnl,pp_yield,0.015,-0.076,-0.328
2017-07-31,haiku,curve,full,yield_pnl,pp_yield,0.085,0.009,0.132
2017-08-31,haiku,curve,full,yield_pnl,pp_yield,0.07,0.079,0.672
2017-09-30,haiku,curve,full,yield_pnl,pp_yield,-0.08,-0.001,0.643
2017-10-31,haiku,curve,full,yield_pnl,pp_yield,-0.14,-0.141,-0.703
2017-11-30,haiku,curve,full,yield_pnl,pp_yield,0.13,-0.011,-0.078
2017-12-31,haiku,curve,full,yield_pnl,pp_yield,0.0,-0.011,-0.058
2018-01-31,haiku,curve,full,yield_pnl,pp_yield,-0.04,-0.051,0.02
2018-02-28,haiku,curve,full,yield_pnl,pp_yield,0.0,-0.051,-0.0
2018-03-31,haiku,curve,full,yield_pnl,pp_yield,-0.01,-0.061,-0.04
2018-04-30,haiku,curve,full,yield_pnl,pp_yield,0.03,-0.031,0.239
2018-05-31,haiku,curve,full,yield_pnl,pp_yield,0.1,0.069,0.598
2018-06-30,haiku,curve,full,yield_pnl,pp_yield,-0.02,0.049,0.463
2018-09-30,haiku,curve,full,yield_pnl,pp_yield,-0.02,0.029,0.077
2018-10-31,haiku,curve,full,yield_pnl,pp_yield,-0.07,-0.041,-0.469
2018-11-30,haiku,curve,full,yield_pnl,pp_yield,0.0,-0.041,-0.164
2018-12-31,haiku,curve,full,yield_pnl,pp_yield,0.015,-0.026,0.594
2019-01-31,haiku,curve,full,yield_pnl,pp_yield,-0.015,-0.041,-0.21
2019-02-28,haiku,curve,full,yield_pnl,pp_yield,0.0,-0.041,-0.21
2019-03-31,haiku,curve,full,yield_pnl,pp_yield,-0.05,-0.091,-0.274
2019-04-30,haiku,curve,full,yield_pnl,pp_yield,0.025,-0.066,-0.101
2019-05-31,haiku,curve,full,yield_pnl,pp_yield,0.0,-0.066,-0.034
2019-06-30,haiku,curve,full,yield_pnl,pp_yield,-0.072,-0.138,-0.668
2019-07-31,haiku,curve,full,yield_pnl,pp_yield,-0.065,-0.203,-2.328
2019-08-31,haiku,curve,full,yield_pnl,pp_yield,0.025,-0.178,-1.798
2019-10-31,haiku,curve,full,yield_pnl,pp_yield,0.0,-0.178,-1.622
2019-11-30,haiku,curve,full,yield_pnl,pp_yield,0.17,-0.008,0.153
2019-12-31,haiku,curve,full,yield_pnl,pp_yield,0.08,0.072,0.495
2020-01-31,haiku,curve,full,yield_pnl,pp_yield,0.09,0.162,0.776
2020-03-31,haiku,curve,full,yield_pnl,pp_yield,0.03,0.192,0.97
2020-04-30,haiku,curve,full,yield_pnl,pp_yield,0.05,0.242,1.174
2020-06-30,haiku,curve,full,yield_pnl,pp_yield,-0.06,0.182,1.116
2020-07-31,haiku,curve,full,yield_pnl,pp_yield,-0.07,0.112,0.681
2020-08-31,haiku,curve,full,yield_pnl,pp_yield,-0.01,0.102,0.64
2020-09-30,haiku,curve,full,yield_pnl,pp_yield,0.18,0.282,1.44
2020-10-31,haiku,curve,full,yield_pnl,pp_yield,-0.03,0.252,1.623
2020-12-31,haiku,curve,full,yield_pnl,pp_yield,-0.1,0.152,1.055
2021-01-31,haiku,curve,full,yield_pnl,pp_yield,-0.15,0.002,0.501
2021-02-28,haiku,curve,full,yield_pnl,pp_yield,0.28,0.282,0.686
2021-03-31,haiku,curve,full,yield_pnl,pp_yield,-0.054,0.228,0.367
2021-04-30,haiku,curve,full,yield_pnl,pp_yield,-0.025,0.203,0.098
2021-05-31,haiku,curve,full,yield_pnl,pp_yield,0.12,0.323,0.303
2021-06-30,haiku,curve,full,yield_pnl,pp_yield,0.15,0.473,0.509
2021-07-31,haiku,curve,full,yield_pnl,pp_yield,0.05,0.523,0.764
2021-08-31,haiku,curve,full,yield_pnl,pp_yield,-0.07,0.453,0.764
2021-09-30,haiku,curve,full,yield_pnl,pp_yield,-0.17,0.283,0.371
2021-10-31,haiku,curve,full,yield_pnl,pp_yield,-0.16,0.123,-0.331
2021-11-30,haiku,curve,full,yield_pnl,pp_yield,-0.06,0.063,-0.391
2021-12-31,haiku,curve,full,yield_pnl,pp_yield,-0.09,-0.027,-0.372
2022-01-31,haiku,curve,full,yield_pnl,pp_yield,-0.11,-0.137,-0.295
2022-02-28,haiku,curve,full,yield_pnl,pp_yield,-0.175,-0.312,-1.594
2022-03-31,haiku,curve,full,yield_pnl,pp_yield,0.15,-0.162,-0.923
2022-04-30,haiku,curve,full,yield_pnl,pp_yield,0.065,-0.097,-0.692
2022-05-31,haiku,curve,full,yield_pnl,pp_yield,-0.26,-0.357,-1.476
2022-06-30,haiku,curve,full,yield_pnl,pp_yield,-0.14,-0.497,-2.383
2022-07-31,haiku,curve,full,yield_pnl,pp_yield,0.0,-0.497,-2.6
2022-08-31,haiku,curve,full,yield_pnl,pp_yield,-0.045,-0.542,-2.525
2022-09-30,haiku,curve,full,yield_pnl,pp_yield,0.02,-0.522,-2.043
2022-10-31,haiku,curve,full,yield_pnl,pp_yield,0.145,-0.377,-1.158
2022-11-30,haiku,curve,full,yield_pnl,pp_yield,0.085,-0.292,-0.79
2022-12-31,haiku,curve,full,yield_pnl,pp_yield,0.16,-0.132,-0.218
2023-01-31,haiku,curve,full,yield_pnl,pp_yield,-0.1,-0.232,-0.198
2023-02-28,haiku,curve,full,yield_pnl,pp_yield,0.155,-0.077,0.504
2023-03-31,haiku,curve,full,yield_pnl,pp_yield,-0.01,-0.087,0.169
2023-04-30,haiku,curve,full,yield_pnl,pp_yield,0.16,0.073,0.363
2023-05-31,haiku,curve,full,yield_pnl,pp_yield,-0.15,-0.077,0.689
2023-06-30,haiku,curve,full,yield_pnl,pp_yield,0.15,0.073,1.491
2023-07-31,haiku,curve,full,yield_pnl,pp_yield,-0.15,-0.077,0.979
2023-08-31,haiku,curve,full,yield_pnl,pp_yield,0.32,0.243,1.559
2023-09-30,haiku,curve,full,yield_pnl,pp_yield,0.25,0.493,1.905
2023-10-31,haiku,curve,full,yield_pnl,pp_yield,0.17,0.663,1.939
2023-11-30,haiku,curve,full,yield_pnl,pp_yield,0.01,0.673,1.781
2023-12-31,haiku,curve,full,yield_pnl,pp_yield,0.07,0.743,1.636
2024-01-31,haiku,curve,full,yield_pnl,pp_yield,0.055,0.798,2.053
2024-02-29,haiku,curve,full,yield_pnl,pp_yield,0.0,0.798,1.742
2024-03-31,haiku,curve,full,yield_pnl,pp_yield,0.0,0.798,1.768
2024-05-31,haiku,curve,full,yield_pnl,pp_yield,0.03,0.828,1.532
2024-07-31,haiku,curve,full,yield_pnl,pp_yield,0.0,0.828,2.045
2024-08-31,haiku,curve,full,yield_pnl,pp_yield,0.0,0.828,1.715
2024-09-30,haiku,curve,full,yield_pnl,pp_yield,0.03,0.858,2.475
2024-10-31,haiku,curve,full,yield_pnl,pp_yield,0.0,0.858,2.23
2024-12-31,haiku,curve,full,yield_pnl,pp_yield,0.015,0.873,2.218
2025-02-28,haiku,curve,full,yield_pnl,pp_yield,0.0,0.873,2.518
2025-04-30,haiku,curve,full,yield_pnl,pp_yield,-0.025,0.848,1.871
2025-05-31,haiku,curve,full,yield_pnl,pp_yield,0.0,0.848,1.458
2025-06-30,haiku,curve,full,yield_pnl,pp_yield,0.045,0.893,1.452
2025-07-31,haiku,curve,full,yield_pnl,pp_yield,0.0,0.893,1.452
2025-08-31,haiku,curve,full,yield_pnl,pp_yield,0.0,0.893,1.452
2025-09-30,haiku,curve,full,yield_pnl,pp_yield,0.0,0.893,1.064
2025-10-31,haiku,curve,full,yield_pnl,pp_yield,0.02,0.913,1.361
2025-12-31,haiku,curve,full,yield_pnl,pp_yield,-0.03,0.883,0.758
2026-01-31,haiku,curve,full,yield_pnl,pp_yield,-0.15,0.733,-0.751
2026-04-30,haiku,curve,full,yield_pnl,pp_yield,0.0,0.733,-0.751
2016-01-31,haiku,curve,conv,yield_pnl,pp_yield,0.0,0.0,
2016-02-29,haiku,curve,conv,yield_pnl,pp_yield,0.0,0.0,
2016-03-31,haiku,curve,conv,yield_pnl,pp_yield,0.0,0.0,
2016-04-30,haiku,curve,conv,yield_pnl,pp_yield,0.045,0.045,
2016-05-31,haiku,curve,conv,yield_pnl,pp_yield,-0.03,0.015,
2016-06-30,haiku,curve,conv,yield_pnl,pp_yield,0.0,0.015,
2016-07-31,haiku,curve,conv,yield_pnl,pp_yield,0.01,0.025,
2016-08-31,haiku,curve,conv,yield_pnl,pp_yield,0.025,0.05,
2016-09-30,haiku,curve,conv,yield_pnl,pp_yield,0.0525,0.1025,
2016-10-31,haiku,curve,conv,yield_pnl,pp_yield,0.14,0.2425,
2016-11-30,haiku,curve,conv,yield_pnl,pp_yield,-0.005,0.2375,
2016-12-31,haiku,curve,conv,yield_pnl,pp_yield,0.005,0.2425,1.596
2017-01-31,haiku,curve,conv,yield_pnl,pp_yield,0.12,0.3625,2.021
2017-02-28,haiku,curve,conv,yield_pnl,pp_yield,0.0,0.3625,2.021
2017-04-30,haiku,curve,conv,yield_pnl,pp_yield,0.08,0.4425,2.424
2017-05-31,haiku,curve,conv,yield_pnl,pp_yield,0.0,0.4425,2.139
2017-06-30,haiku,curve,conv,yield_pnl,pp_yield,0.015,0.4575,2.539
2017-08-31,haiku,curve,conv,yield_pnl,pp_yield,0.07,0.5275,2.977
2017-09-30,haiku,curve,conv,yield_pnl,pp_yield,0.0,0.5275,2.88
2017-10-31,haiku,curve,conv,yield_pnl,pp_yield,0.14,0.6675,3.109
2017-11-30,haiku,curve,conv,yield_pnl,pp_yield,0.13,0.7975,3.254
2017-12-31,haiku,curve,conv,yield_pnl,pp_yield,0.0,0.7975,2.77
2018-01-31,haiku,curve,conv,yield_pnl,pp_yield,0.02,0.8175,2.976
2018-02-28,haiku,curve,conv,yield_pnl,pp_yield,-0.075,0.7425,2.194
2018-03-31,haiku,curve,conv,yield_pnl,pp_yield,-0.01,0.7325,1.713
2018-05-31,haiku,curve,conv,yield_pnl,pp_yield,0.1,0.8325,2.104
2018-06-30,haiku,curve,conv,yield_pnl,pp_yield,0.0,0.8325,1.759
2018-07-31,haiku,curve,conv,yield_pnl,pp_yield,0.05,0.8825,2.006
2018-08-31,haiku,curve,conv,yield_pnl,pp_yield,0.0,0.8825,1.919
2018-09-30,haiku,curve,conv,yield_pnl,pp_yield,-0.04,0.8425,1.37
2018-10-31,haiku,curve,conv,yield_pnl,pp_yield,0.07,0.9125,1.661
2018-12-31,haiku,curve,conv,yield_pnl,pp_yield,0.0,0.9125,1.219
2019-01-31,haiku,curve,conv,yield_pnl,pp_yield,-0.015,0.8975,0.611
2019-03-31,haiku,curve,conv,yield_pnl,pp_yield,-0.1,0.7975,0.0
2019-04-30,haiku,curve,conv,yield_pnl,pp_yield,-0.05,0.7475,-0.348
2019-05-31,haiku,curve,conv,yield_pnl,pp_yield,-0.06,0.6875,-0.281
2019-06-30,haiku,curve,conv,yield_pnl,pp_yield,0.06,0.7475,0.073
2019-07-31,haiku,curve,conv,yield_pnl,pp_yield,0.13,0.8775,0.202
2019-08-31,haiku,curve,conv,yield_pnl,pp_yield,0.05,0.9275,0.417
2019-09-30,haiku,curve,conv,yield_pnl,pp_yield,0.12,1.0475,0.656
2019-10-31,haiku,curve,conv,yield_pnl,pp_yield,0.0,1.0475,0.656
2019-11-30,haiku,curve,conv,yield_pnl,pp_yield,0.085,1.1325,1.145
2019-12-31,haiku,curve,conv,yield_pnl,pp_yield,0.0,1.1325,0.883
2020-01-31,haiku,curve,conv,yield_pnl,pp_yield,-0.063,1.0695,0.6
2020-02-29,haiku,curve,conv,yield_pnl,pp_yield,-0.2,0.8695,-0.083
2020-03-31,haiku,curve,conv,yield_pnl,pp_yield,-0.03,0.8395,0.13
2020-04-30,haiku,curve,conv,yield_pnl,pp_yield,0.025,0.8645,0.368
2020-05-31,haiku,curve,conv,yield_pnl,pp_yield,0.005,0.8695,0.589
2020-06-30,haiku,curve,conv,yield_pnl,pp_yield,0.03,0.8995,0.498
2020-07-31,haiku,curve,conv,yield_pnl,pp_yield,0.14,1.0395,0.523
2020-08-31,haiku,curve,conv,yield_pnl,pp_yield,-0.01,1.0295,0.331
2020-09-30,haiku,curve,conv,yield_pnl,pp_yield,0.18,1.2095,0.482
2020-11-30,haiku,curve,conv,yield_pnl,pp_yield,0.12,1.3295,0.801
2020-12-31,haiku,curve,conv,yield_pnl,pp_yield,0.2,1.5295,1.017
2021-01-31,haiku,curve,conv,yield_pnl,pp_yield,0.3,1.8295,1.483
2021-02-28,haiku,curve,conv,yield_pnl,pp_yield,0.168,1.9975,2.01
2021-03-31,haiku,curve,conv,yield_pnl,pp_yield,0.09,2.0875,3.49
2021-04-30,haiku,curve,conv,yield_pnl,pp_yield,-0.05,2.0375,3.349
2021-05-31,haiku,curve,conv,yield_pnl,pp_yield,-0.24,1.7975,1.899
2021-06-30,haiku,curve,conv,yield_pnl,pp_yield,0.15,1.9475,2.203
2021-07-31,haiku,curve,conv,yield_pnl,pp_yield,-0.05,1.8975,1.971
2021-09-30,haiku,curve,conv,yield_pnl,pp_yield,0.17,2.0675,2.013
2021-10-31,haiku,curve,conv,yield_pnl,pp_yield,0.0,2.0675,2.04
2021-12-31,haiku,curve,conv,yield_pnl,pp_yield,0.18,2.2475,2.04
2022-02-28,haiku,curve,conv,yield_pnl,pp_yield,0.35,2.5975,2.212
2022-03-31,haiku,curve,conv,yield_pnl,pp_yield,0.075,2.6725,2.025
2022-04-30,haiku,curve,conv,yield_pnl,pp_yield,0.0,2.6725,1.609
2022-05-31,haiku,curve,conv,yield_pnl,pp_yield,-0.13,2.5425,0.995
2022-06-30,haiku,curve,conv,yield_pnl,pp_yield,0.28,2.8225,1.235
2022-07-31,haiku,curve,conv,yield_pnl,pp_yield,0.08,2.9025,1.484
2022-08-31,haiku,curve,conv,yield_pnl,pp_yield,-0.09,2.8125,1.99
2022-09-30,haiku,curve,conv,yield_pnl,pp_yield,0.01,2.8225,1.717
2022-10-31,haiku,curve,conv,yield_pnl,pp_yield,0.0,2.8225,1.855
2022-11-30,haiku,curve,conv,yield_pnl,pp_yield,-0.17,2.6525,1.076
2022-12-31,haiku,curve,conv,yield_pnl,pp_yield,-0.064,2.5885,0.941
2023-01-31,haiku,curve,conv,yield_pnl,pp_yield,-0.1,2.4885,0.439
2023-02-28,haiku,curve,conv,yield_pnl,pp_yield,0.31,2.7985,0.384
2023-03-31,haiku,curve,conv,yield_pnl,pp_yield,0.01,2.8085,0.262
2023-04-30,haiku,curve,conv,yield_pnl,pp_yield,-0.16,2.6485,-0.044
2023-05-31,haiku,curve,conv,yield_pnl,pp_yield,0.3,2.9485,0.673
2023-06-30,haiku,curve,conv,yield_pnl,pp_yield,0.075,3.0235,0.369
2023-07-31,haiku,curve,conv,yield_pnl,pp_yield,-0.15,2.8735,-0.051
2023-08-31,haiku,curve,conv,yield_pnl,pp_yield,0.32,3.1935,0.597
2023-09-30,haiku,curve,conv,yield_pnl,pp_yield,0.125,3.3185,0.77
2023-10-31,haiku,curve,conv,yield_pnl,pp_yield,0.17,3.4885,1.017
2023-11-30,haiku,curve,conv,yield_pnl,pp_yield,0.005,3.4935,1.377
2023-12-31,haiku,curve,conv,yield_pnl,pp_yield,0.035,3.5285,1.58
2024-01-31,haiku,curve,conv,yield_pnl,pp_yield,0.11,3.6385,2.045
2024-03-31,haiku,curve,conv,yield_pnl,pp_yield,0.0,3.6385,1.624
2024-04-30,haiku,curve,conv,yield_pnl,pp_yield,-0.015,3.6235,1.564
2024-05-31,haiku,curve,conv,yield_pnl,pp_yield,0.015,3.6385,2.135
2024-06-30,haiku,curve,conv,yield_pnl,pp_yield,0.075,3.7135,1.919
2024-07-31,haiku,curve,conv,yield_pnl,pp_yield,0.1,3.8135,1.974
2024-09-30,haiku,curve,conv,yield_pnl,pp_yield,0.0,3.8135,2.808
2024-10-31,haiku,curve,conv,yield_pnl,pp_yield,0.07,3.8835,3.338
2024-11-30,haiku,curve,conv,yield_pnl,pp_yield,0.0,3.8835,2.827
2024-12-31,haiku,curve,conv,yield_pnl,pp_yield,0.03,3.9135,2.865
2025-01-31,haiku,curve,conv,yield_pnl,pp_yield,-0.11,3.8035,1.497
2025-02-28,haiku,curve,conv,yield_pnl,pp_yield,0.0,3.8035,1.32
2025-03-31,haiku,curve,conv,yield_pnl,pp_yield,0.0,3.8035,0.887
2025-04-30,haiku,curve,conv,yield_pnl,pp_yield,0.025,3.8285,1.023
2025-05-31,haiku,curve,conv,yield_pnl,pp_yield,0.0,3.8285,1.117
2025-06-30,haiku,curve,conv,yield_pnl,pp_yield,0.0,3.8285,1.031
2025-07-31,haiku,curve,conv,yield_pnl,pp_yield,-0.21,3.6185,-0.339
2025-08-31,haiku,curve,conv,yield_pnl,pp_yield,0.0,3.6185,-0.766
2025-09-30,haiku,curve,conv,yield_pnl,pp_yield,-0.05,3.5685,-0.957
2025-10-31,haiku,curve,conv,yield_pnl,pp_yield,0.0,3.5685,-1.323
2025-11-30,haiku,curve,conv,yield_pnl,pp_yield,0.08,3.6485,-0.903
2026-01-31,haiku,curve,conv,yield_pnl,pp_yield,-0.075,3.5735,-1.31
2026-02-28,haiku,curve,conv,yield_pnl,pp_yield,-0.04,3.5335,-1.105
2026-03-31,haiku,curve,conv,yield_pnl,pp_yield,-0.005,3.5285,-1.127
2026-04-30,haiku,curve,conv,yield_pnl,pp_yield,-0.025,3.5035,-1.236
2026-05-31,haiku,curve,conv,yield_pnl,pp_yield,0.17,3.6735,-0.501
2016-01-31,haiku,curve,raw,yield_pnl,pp_yield,-0.11,-0.11,
2016-02-29,haiku,curve,raw,yield_pnl,pp_yield,-0.09,-0.2,
2016-03-31,haiku,curve,raw,yield_pnl,pp_yield,0.0,-0.2,
2016-04-30,haiku,curve,raw,yield_pnl,pp_yield,0.09,-0.11,
2016-05-31,haiku,curve,raw,yield_pnl,pp_yield,-0.06,-0.17,
2016-06-30,haiku,curve,raw,yield_pnl,pp_yield,-0.06,-0.23,
2016-07-31,haiku,curve,raw,yield_pnl,pp_yield,0.0,-0.23,
2016-08-31,haiku,curve,raw,yield_pnl,pp_yield,0.025,-0.205,
2016-09-30,haiku,curve,raw,yield_pnl,pp_yield,0.075,-0.13,
2016-10-31,haiku,curve,raw,yield_pnl,pp_yield,0.14,0.01,
2016-11-30,haiku,curve,raw,yield_pnl,pp_yield,0.005,0.015,
2016-12-31,haiku,curve,raw,yield_pnl,pp_yield,0.0,0.015,0.058
2017-01-31,haiku,curve,raw,yield_pnl,pp_yield,0.12,0.135,0.968
2017-02-28,haiku,curve,raw,yield_pnl,pp_yield,0.01,0.145,1.544
2017-03-31,haiku,curve,raw,yield_pnl,pp_yield,0.0,0.145,1.544
2017-04-30,haiku,curve,raw,yield_pnl,pp_yield,0.04,0.185,1.379
2017-05-31,haiku,curve,raw,yield_pnl,pp_yield,0.0,0.185,1.815
2017-06-30,haiku,curve,raw,yield_pnl,pp_yield,0.0,0.185,2.391
2017-07-31,haiku,curve,raw,yield_pnl,pp_yield,-0.17,0.015,0.914
2017-08-31,haiku,curve,raw,yield_pnl,pp_yield,-0.035,-0.02,0.676
2017-09-30,haiku,curve,raw,yield_pnl,pp_yield,0.0,-0.02,0.414
2017-10-31,haiku,curve,raw,yield_pnl,pp_yield,-0.14,-0.16,-0.646
2017-11-30,haiku,curve,raw,yield_pnl,pp_yield,-0.065,-0.225,-0.9
2017-12-31,haiku,curve,raw,yield_pnl,pp_yield,0.0,-0.225,-0.9
2018-01-31,haiku,curve,raw,yield_pnl,pp_yield,0.02,-0.205,-1.511
2018-02-28,haiku,curve,raw,yield_pnl,pp_yield,0.0,-0.205,-1.567
2018-03-31,haiku,curve,raw,yield_pnl,pp_yield,-0.01,-0.215,-1.62
2018-04-30,haiku,curve,raw,yield_pnl,pp_yield,-0.015,-0.23,-1.979
2018-05-31,haiku,curve,raw,yield_pnl,pp_yield,0.05,-0.18,-1.628
2018-06-30,haiku,curve,raw,yield_pnl,pp_yield,-0.04,-0.22,-1.826
2018-07-31,haiku,curve,raw,yield_pnl,pp_yield,0.025,-0.195,-1.228
2018-08-31,haiku,curve,raw,yield_pnl,pp_yield,0.0,-0.195,-1.025
2018-09-30,haiku,curve,raw,yield_pnl,pp_yield,-0.02,-0.215,-1.147
2018-11-30,haiku,curve,raw,yield_pnl,pp_yield,0.0,-0.215,-0.531
2018-12-31,haiku,curve,raw,yield_pnl,pp_yield,-0.015,-0.23,-0.061
2019-01-31,haiku,curve,raw,yield_pnl,pp_yield,0.0,-0.23,-0.061
2019-02-28,haiku,curve,raw,yield_pnl,pp_yield,-0.035,-0.265,-0.707
2019-03-31,haiku,curve,raw,yield_pnl,pp_yield,-0.1,-0.365,-1.261
2019-04-30,haiku,curve,raw,yield_pnl,pp_yield,-0.025,-0.39,-1.374
2019-05-31,haiku,curve,raw,yield_pnl,pp_yield,0.0,-0.39,-1.248
2019-06-30,haiku,curve,raw,yield_pnl,pp_yield,-0.06,-0.45,-2.338
2019-07-31,haiku,curve,raw,yield_pnl,pp_yield,-0.065,-0.515,-2.415
2019-08-31,haiku,curve,raw,yield_pnl,pp_yield,0.0,-0.515,-2.824
2019-09-30,haiku,curve,raw,yield_pnl,pp_yield,0.06,-0.455,-1.842
2019-10-31,haiku,curve,raw,yield_pnl,pp_yield,0.0,-0.455,-1.68
2019-11-30,haiku,curve,raw,yield_pnl,pp_yield,0.0,-0.455,-1.68
2019-12-31,haiku,curve,raw,yield_pnl,pp_yield,0.16,-0.295,-0.283
2020-01-31,haiku,curve,raw,yield_pnl,pp_yield,-0.09,-0.385,-0.633
2020-02-29,haiku,curve,raw,yield_pnl,pp_yield,-0.2,-0.585,-1.037
2020-03-31,haiku,curve,raw,yield_pnl,pp_yield,-0.03,-0.615,-0.839
2020-04-30,haiku,curve,raw,yield_pnl,pp_yield,0.025,-0.59,-0.663
2020-05-31,haiku,curve,raw,yield_pnl,pp_yield,-0.01,-0.6,-0.698
2020-06-30,haiku,curve,raw,yield_pnl,pp_yield,-0.06,-0.66,-0.698
2020-07-31,haiku,curve,raw,yield_pnl,pp_yield,-0.07,-0.73,-0.712
2020-08-31,haiku,curve,raw,yield_pnl,pp_yield,-0.02,-0.75,-0.78
2020-09-30,haiku,curve,raw,yield_pnl,pp_yield,0.0,-0.75,-1.018
2020-10-31,haiku,curve,raw,yield_pnl,pp_yield,-0.06,-0.81,-1.222
2020-11-30,haiku,curve,raw,yield_pnl,pp_yield,-0.06,-0.87,-1.431
2020-12-31,haiku,curve,raw,yield_pnl,pp_yield,-0.2,-1.07,-3.142
2021-01-31,haiku,curve,raw,yield_pnl,pp_yield,-0.3,-1.37,-2.885
2021-02-28,haiku,curve,raw,yield_pnl,pp_yield,-0.14,-1.51,-2.858
2021-03-31,haiku,curve,raw,yield_pnl,pp_yield,0.045,-1.465,-2.474
2021-04-30,haiku,curve,raw,yield_pnl,pp_yield,0.05,-1.415,-2.343
2021-05-31,haiku,curve,raw,yield_pnl,pp_yield,0.12,-1.295,-1.751
2021-06-30,haiku,curve,raw,yield_pnl,pp_yield,-0.075,-1.37,-1.787
2021-07-31,haiku,curve,raw,yield_pnl,pp_yield,-0.025,-1.395,-1.669
2021-08-31,haiku,curve,raw,yield_pnl,pp_yield,-0.14,-1.535,-1.939
2021-09-30,haiku,curve,raw,yield_pnl,pp_yield,-0.17,-1.705,-2.326
2021-10-31,haiku,curve,raw,yield_pnl,pp_yield,0.08,-1.625,-1.85
2021-11-30,haiku,curve,raw,yield_pnl,pp_yield,0.06,-1.565,-1.515
2021-12-31,haiku,curve,raw,yield_pnl,pp_yield,-0.09,-1.655,-1.347
2022-01-31,haiku,curve,raw,yield_pnl,pp_yield,-0.22,-1.875,-1.299
2022-02-28,haiku,curve,raw,yield_pnl,pp_yield,0.0,-1.875,-0.973
2022-03-31,haiku,curve,raw,yield_pnl,pp_yield,-0.15,-2.025,-1.462
2022-04-30,haiku,curve,raw,yield_pnl,pp_yield,0.065,-1.96,-1.407
2022-05-31,haiku,curve,raw,yield_pnl,pp_yield,0.13,-1.83,-1.364
2022-06-30,haiku,curve,raw,yield_pnl,pp_yield,-0.28,-2.11,-1.617
2022-07-31,haiku,curve,raw,yield_pnl,pp_yield,0.08,-2.03,-1.327
2022-08-31,haiku,curve,raw,yield_pnl,pp_yield,-0.045,-2.075,-1.152
2022-09-30,haiku,curve,raw,yield_pnl,pp_yield,-0.01,-2.085,-0.846
2022-10-31,haiku,curve,raw,yield_pnl,pp_yield,0.145,-1.94,-0.669
2022-11-30,haiku,curve,raw,yield_pnl,pp_yield,0.085,-1.855,-0.608
2022-12-31,haiku,curve,raw,yield_pnl,pp_yield,-0.08,-1.935,-0.589
2023-01-31,haiku,curve,raw,yield_pnl,pp_yield,0.0,-1.935,-0.141
2023-02-28,haiku,curve,raw,yield_pnl,pp_yield,0.155,-1.78,0.21
2023-03-31,haiku,curve,raw,yield_pnl,pp_yield,0.0,-1.78,0.583
2023-04-30,haiku,curve,raw,yield_pnl,pp_yield,0.0,-1.78,0.431
2023-05-31,haiku,curve,raw,yield_pnl,pp_yield,-0.15,-1.93,-0.234
2023-06-30,haiku,curve,raw,yield_pnl,pp_yield,0.15,-1.78,0.984
2023-07-31,haiku,curve,raw,yield_pnl,pp_yield,0.0,-1.78,0.755
2023-08-31,haiku,curve,raw,yield_pnl,pp_yield,-0.32,-2.1,-0.053
2023-09-30,haiku,curve,raw,yield_pnl,pp_yield,0.25,-1.85,0.438
2023-10-31,haiku,curve,raw,yield_pnl,pp_yield,-0.17,-2.02,-0.146
2023-11-30,haiku,curve,raw,yield_pnl,pp_yield,0.005,-2.015,-0.296
2023-12-31,haiku,curve,raw,yield_pnl,pp_yield,0.0,-2.015,-0.15
2024-01-31,haiku,curve,raw,yield_pnl,pp_yield,-0.055,-2.07,-0.251
2024-02-29,haiku,curve,raw,yield_pnl,pp_yield,0.0,-2.07,-0.573
2024-03-31,haiku,curve,raw,yield_pnl,pp_yield,0.04,-2.03,-0.49
2024-05-31,haiku,curve,raw,yield_pnl,pp_yield,-0.03,-2.06,-0.55
2024-06-30,haiku,curve,raw,yield_pnl,pp_yield,0.075,-1.985,-0.11
2024-07-31,haiku,curve,raw,yield_pnl,pp_yield,-0.2,-2.185,-0.806
2024-08-31,haiku,curve,raw,yield_pnl,pp_yield,-0.075,-2.26,-0.955
2024-09-30,haiku,curve,raw,yield_pnl,pp_yield,-0.03,-2.29,-0.476
2024-10-31,haiku,curve,raw,yield_pnl,pp_yield,-0.035,-2.325,-1.731
2024-11-30,haiku,curve,raw,yield_pnl,pp_yield,0.14,-2.185,-0.572
2024-12-31,haiku,curve,raw,yield_pnl,pp_yield,0.03,-2.155,-0.481
2025-01-31,haiku,curve,raw,yield_pnl,pp_yield,-0.055,-2.21,-0.663
2025-02-28,haiku,curve,raw,yield_pnl,pp_yield,0.0,-2.21,-0.481
2025-03-31,haiku,curve,raw,yield_pnl,pp_yield,-0.115,-2.325,-0.827
2025-04-30,haiku,curve,raw,yield_pnl,pp_yield,-0.025,-2.35,-1.063
2025-05-31,haiku,curve,raw,yield_pnl,pp_yield,0.0,-2.35,-0.959
2025-06-30,haiku,curve,raw,yield_pnl,pp_yield,-0.045,-2.395,-1.451
2025-07-31,haiku,curve,raw,yield_pnl,pp_yield,0.21,-2.185,0.0
2025-08-31,haiku,curve,raw,yield_pnl,pp_yield,-0.04,-2.225,0.114
2025-09-30,haiku,curve,raw,yield_pnl,pp_yield,-0.025,-2.25,0.13
2025-11-30,haiku,curve,raw,yield_pnl,pp_yield,0.16,-2.09,0.689
2025-12-31,haiku,curve,raw,yield_pnl,pp_yield,0.0,-2.09,0.302
2026-01-31,haiku,curve,raw,yield_pnl,pp_yield,-0.075,-2.165,-0.031
2026-02-28,haiku,curve,raw,yield_pnl,pp_yield,-0.08,-2.245,-0.106
2026-03-31,haiku,curve,raw,yield_pnl,pp_yield,-0.005,-2.25,-0.121
2026-04-30,haiku,curve,raw,yield_pnl,pp_yield,0.025,-2.225,0.326
2026-05-31,haiku,curve,raw,yield_pnl,pp_yield,0.0,-2.225,0.41
2016-01-31,haiku,front_end,full,yield_pnl,pp_yield,0.028,0.028,
2016-02-29,haiku,front_end,full,yield_pnl,pp_yield,0.04,0.068,
2016-03-31,haiku,front_end,full,yield_pnl,pp_yield,0.0,0.068,
2016-04-30,haiku,front_end,full,yield_pnl,pp_yield,0.032,0.1,
2016-05-31,haiku,front_end,full,yield_pnl,pp_yield,0.068,0.168,
2016-06-30,haiku,front_end,full,yield_pnl,pp_yield,-0.046,0.122,
2016-07-31,haiku,front_end,full,yield_pnl,pp_yield,-0.048,0.074,
2016-08-31,haiku,front_end,full,yield_pnl,pp_yield,-0.005,0.069,
2016-09-30,haiku,front_end,full,yield_pnl,pp_yield,0.02,0.089,
2016-10-31,haiku,front_end,full,yield_pnl,pp_yield,-0.034,0.055,
2016-11-30,haiku,front_end,full,yield_pnl,pp_yield,-0.054,0.001,
2016-12-31,haiku,front_end,full,yield_pnl,pp_yield,0.0,0.001,0.007
2017-01-31,haiku,front_end,full,yield_pnl,pp_yield,0.012,0.013,-0.113
2017-02-28,haiku,front_end,full,yield_pnl,pp_yield,-0.108,-0.095,-1.004
2017-03-31,haiku,front_end,full,yield_pnl,pp_yield,-0.01,-0.105,-1.07
2017-05-31,haiku,front_end,full,yield_pnl,pp_yield,0.01,-0.095,-1.248
2017-06-30,haiku,front_end,full,yield_pnl,pp_yield,-0.01,-0.105,-2.147
2017-08-31,haiku,front_end,full,yield_pnl,pp_yield,-0.016,-0.121,-1.949
2017-09-30,haiku,front_end,full,yield_pnl,pp_yield,0.042,-0.079,-1.134
2017-10-31,haiku,front_end,full,yield_pnl,pp_yield,-0.018,-0.097,-1.233
2017-11-30,haiku,front_end,full,yield_pnl,pp_yield,-0.03,-0.127,-1.659
2017-12-31,haiku,front_end,full,yield_pnl,pp_yield,0.0,-0.127,-1.399
2018-01-31,haiku,front_end,full,yield_pnl,pp_yield,0.02,-0.107,-0.851
2018-02-28,haiku,front_end,full,yield_pnl,pp_yield,-0.04,-0.147,-1.137
2018-03-31,haiku,front_end,full,yield_pnl,pp_yield,0.22,0.073,0.225
2018-04-30,haiku,front_end,full,yield_pnl,pp_yield,-0.075,-0.002,0.367
2018-05-31,haiku,front_end,full,yield_pnl,pp_yield,0.03,0.028,0.525
2018-06-30,haiku,front_end,full,yield_pnl,pp_yield,0.0,0.028,0.485
2018-07-31,haiku,front_end,full,yield_pnl,pp_yield,0.03,0.058,0.643
2018-08-31,haiku,front_end,full,yield_pnl,pp_yield,0.15,0.208,1.156
2018-09-30,haiku,front_end,full,yield_pnl,pp_yield,-0.054,0.154,0.789
2018-10-31,haiku,front_end,full,yield_pnl,pp_yield,0.0,0.154,0.856
2018-11-30,haiku,front_end,full,yield_pnl,pp_yield,-0.152,0.002,0.381
2018-12-31,haiku,front_end,full,yield_pnl,pp_yield,-0.006,-0.004,0.363
2019-01-31,haiku,front_end,full,yield_pnl,pp_yield,0.0,-0.004,0.304
2019-02-28,haiku,front_end,full,yield_pnl,pp_yield,0.08,0.076,0.654
2019-03-31,haiku,front_end,full,yield_pnl,pp_yield,0.0,0.076,0.012
2019-04-30,haiku,front_end,full,yield_pnl,pp_yield,-0.148,-0.072,-0.24
2019-05-31,haiku,front_end,full,yield_pnl,pp_yield,-0.028,-0.1,-0.441
2019-06-30,haiku,front_end,full,yield_pnl,pp_yield,0.08,-0.02,-0.158
2019-07-31,haiku,front_end,full,yield_pnl,pp_yield,0.15,0.13,0.212
2019-08-31,haiku,front_end,full,yield_pnl,pp_yield,-0.144,-0.014,-0.67
2019-09-30,haiku,front_end,full,yield_pnl,pp_yield,0.09,0.076,-0.226
2019-10-31,haiku,front_end,full,yield_pnl,pp_yield,0.006,0.082,-0.208
2020-01-31,haiku,front_end,full,yield_pnl,pp_yield,-0.47,-0.388,-0.687
2020-02-29,haiku,front_end,full,yield_pnl,pp_yield,-0.324,-0.712,-1.113
2020-03-31,haiku,front_end,full,yield_pnl,pp_yield,-0.01,-0.722,-1.13
2020-05-31,haiku,front_end,full,yield_pnl,pp_yield,0.0,-0.722,-1.285
2020-06-30,haiku,front_end,full,yield_pnl,pp_yield,0.014,-0.708,-1.259
2020-07-31,haiku,front_end,full,yield_pnl,pp_yield,0.0,-0.708,-1.028
2020-08-31,haiku,front_end,full,yield_pnl,pp_yield,0.0,-0.708,-0.98
2020-09-30,haiku,front_end,full,yield_pnl,pp_yield,0.01,-0.698,-1.114
2020-10-31,haiku,front_end,full,yield_pnl,pp_yield,-0.02,-0.718,-1.493
2020-11-30,haiku,front_end,full,yield_pnl,pp_yield,-0.022,-0.74,-1.288
2020-12-31,haiku,front_end,full,yield_pnl,pp_yield,0.004,-0.736,-1.49
2021-01-31,haiku,front_end,full,yield_pnl,pp_yield,0.015,-0.721,-1.47
2021-02-28,haiku,front_end,full,yield_pnl,pp_yield,0.012,-0.709,-0.981
2021-03-31,haiku,front_end,full,yield_pnl,pp_yield,-0.012,-0.721,-0.203
2021-04-30,haiku,front_end,full,yield_pnl,pp_yield,-0.008,-0.729,-0.159
2021-05-31,haiku,front_end,full,yield_pnl,pp_yield,-0.021,-0.75,-0.578
2021-06-30,haiku,front_end,full,yield_pnl,pp_yield,0.04,-0.71,-0.032
2021-08-31,haiku,front_end,full,yield_pnl,pp_yield,0.085,-0.625,0.784
2021-09-30,haiku,front_end,full,yield_pnl,pp_yield,0.116,-0.509,1.315
2021-10-31,haiku,front_end,full,yield_pnl,pp_yield,0.0,-0.509,1.242
2021-11-30,haiku,front_end,full,yield_pnl,pp_yield,0.09,-0.419,1.831
2021-12-31,haiku,front_end,full,yield_pnl,pp_yield,0.2175,-0.2015,2.207
2022-01-31,haiku,front_end,full,yield_pnl,pp_yield,0.078,-0.1235,2.535
2022-02-28,haiku,front_end,full,yield_pnl,pp_yield,0.655,0.5315,1.938
2022-04-30,haiku,front_end,full,yield_pnl,pp_yield,0.288,0.8195,2.309
2022-05-31,haiku,front_end,full,yield_pnl,pp_yield,-0.288,0.5315,1.619
2022-06-30,haiku,front_end,full,yield_pnl,pp_yield,-0.258,0.2735,1.18
2022-07-31,haiku,front_end,full,yield_pnl,pp_yield,0.15,0.4235,1.39
2022-08-31,haiku,front_end,full,yield_pnl,pp_yield,-0.222,0.2015,1.01
2022-09-30,haiku,front_end,full,yield_pnl,pp_yield,-0.3,-0.0985,0.539
2022-10-31,haiku,front_end,full,yield_pnl,pp_yield,-0.156,-0.2545,0.256
2022-11-30,haiku,front_end,full,yield_pnl,pp_yield,0.005,-0.2495,0.261
2022-12-31,haiku,front_end,full,yield_pnl,pp_yield,0.0,-0.2495,0.171
2023-02-28,haiku,front_end,full,yield_pnl,pp_yield,-0.282,-0.5315,-0.329
2023-03-31,haiku,front_end,full,yield_pnl,pp_yield,-0.158,-0.6895,-0.563
2023-04-30,haiku,front_end,full,yield_pnl,pp_yield,0.0,-0.6895,-1.851
2023-05-31,haiku,front_end,full,yield_pnl,pp_yield,0.0,-0.6895,-2.887
2023-06-30,haiku,front_end,full,yield_pnl,pp_yield,0.0,-0.6895,-2.422
2023-07-31,haiku,front_end,full,yield_pnl,pp_yield,0.022,-0.6675,-1.933
2023-08-31,haiku,front_end,full,yield_pnl,pp_yield,0.052,-0.6155,-2.336
2023-09-30,haiku,front_end,full,yield_pnl,pp_yield,0.0,-0.6155,-1.917
2023-10-31,haiku,front_end,full,yield_pnl,pp_yield,0.196,-0.4195,-0.764
2023-11-30,haiku,front_end,full,yield_pnl,pp_yield,-0.252,-0.6715,-0.904
2023-12-31,haiku,front_end,full,yield_pnl,pp_yield,0.016,-0.6555,-0.878
2024-01-31,haiku,front_end,full,yield_pnl,pp_yield,0.0,-0.6555,-0.878
2024-02-29,haiku,front_end,full,yield_pnl,pp_yield,-0.03,-0.6855,-0.41
2024-03-31,haiku,front_end,full,yield_pnl,pp_yield,0.246,-0.4395,0.595
2024-04-30,haiku,front_end,full,yield_pnl,pp_yield,0.078,-0.3615,0.776
2024-05-31,haiku,front_end,full,yield_pnl,pp_yield,0.0,-0.3615,0.776
2024-06-30,haiku,front_end,full,yield_pnl,pp_yield,-0.35,-0.7115,-0.039
2024-07-31,haiku,front_end,full,yield_pnl,pp_yield,-0.018,-0.7295,-0.109
2024-08-31,haiku,front_end,full,yield_pnl,pp_yield,-0.182,-0.9115,-0.502
2024-09-30,haiku,front_end,full,yield_pnl,pp_yield,0.254,-0.6575,-0.064
2024-11-30,haiku,front_end,full,yield_pnl,pp_yield,0.156,-0.5015,-0.128
2025-01-31,haiku,front_end,full,yield_pnl,pp_yield,-0.096,-0.5975,0.125
2025-03-31,haiku,front_end,full,yield_pnl,pp_yield,-0.168,-0.7655,-0.178
2025-04-30,haiku,front_end,full,yield_pnl,pp_yield,-0.188,-0.9535,-0.464
2025-05-31,haiku,front_end,full,yield_pnl,pp_yield,0.0,-0.9535,-0.417
2025-06-30,haiku,front_end,full,yield_pnl,pp_yield,0.136,-0.8175,-0.63
2025-08-31,haiku,front_end,full,yield_pnl,pp_yield,0.13,-0.6875,-0.532
2025-09-30,haiku,front_end,full,yield_pnl,pp_yield,-0.078,-0.7655,-0.658
2025-10-31,haiku,front_end,full,yield_pnl,pp_yield,0.072,-0.6935,0.035
2025-11-30,haiku,front_end,full,yield_pnl,pp_yield,-0.084,-0.7775,-0.092
2025-12-31,haiku,front_end,full,yield_pnl,pp_yield,-0.022,-0.7995,0.231
2026-01-31,haiku,front_end,full,yield_pnl,pp_yield,0.08,-0.7195,-0.15
2026-02-28,haiku,front_end,full,yield_pnl,pp_yield,0.146,-0.5735,-0.176
2026-03-31,haiku,front_end,full,yield_pnl,pp_yield,0.062,-0.5115,0.214
2026-04-30,haiku,front_end,full,yield_pnl,pp_yield,0.036,-0.4755,0.817
2026-05-31,haiku,front_end,full,yield_pnl,pp_yield,-0.018,-0.4935,1.668
2016-01-31,haiku,front_end,conv,yield_pnl,pp_yield,0.012,0.012,
2016-02-29,haiku,front_end,conv,yield_pnl,pp_yield,0.05,0.062,
2016-03-31,haiku,front_end,conv,yield_pnl,pp_yield,0.02,0.082,
2016-04-30,haiku,front_end,conv,yield_pnl,pp_yield,0.032,0.114,
2016-05-31,haiku,front_end,conv,yield_pnl,pp_yield,-0.096,0.018,
2016-06-30,haiku,front_end,conv,yield_pnl,pp_yield,0.0,0.018,
2016-07-31,haiku,front_end,conv,yield_pnl,pp_yield,0.0,0.018,
2016-08-31,haiku,front_end,conv,yield_pnl,pp_yield,-0.006,0.012,
2016-09-30,haiku,front_end,conv,yield_pnl,pp_yield,-0.024,-0.012,
2016-10-31,haiku,front_end,conv,yield_pnl,pp_yield,0.066,0.054,
2016-11-30,haiku,front_end,conv,yield_pnl,pp_yield,-0.054,0.0,
2017-01-31,haiku,front_end,conv,yield_pnl,pp_yield,0.012,0.012,0.079
2017-04-30,haiku,front_end,conv,yield_pnl,pp_yield,-0.054,-0.042,-0.335
2017-05-31,haiku,front_end,conv,yield_pnl,pp_yield,0.0,-0.042,-0.692
2017-06-30,haiku,front_end,conv,yield_pnl,pp_yield,0.0,-0.042,-0.842
2017-07-31,haiku,front_end,conv,yield_pnl,pp_yield,0.024,-0.018,-0.91
2017-08-31,haiku,front_end,conv,yield_pnl,pp_yield,0.054,0.036,0.144
2017-09-30,haiku,front_end,conv,yield_pnl,pp_yield,0.018,0.054,0.285
2017-10-31,haiku,front_end,conv,yield_pnl,pp_yield,0.0,0.054,0.285
2017-11-30,haiku,front_end,conv,yield_pnl,pp_yield,-0.006,0.048,0.285
2017-12-31,haiku,front_end,conv,yield_pnl,pp_yield,0.0,0.048,0.488
2018-01-31,haiku,front_end,conv,yield_pnl,pp_yield,0.0,0.048,-0.058
2018-02-28,haiku,front_end,conv,yield_pnl,pp_yield,-0.02,0.028,0.315
2018-03-31,haiku,front_end,conv,yield_pnl,pp_yield,0.088,0.116,0.841
2018-04-30,haiku,front_end,conv,yield_pnl,pp_yield,-0.09,0.026,0.464
2018-05-31,haiku,front_end,conv,yield_pnl,pp_yield,0.0,0.026,0.464
2018-06-30,haiku,front_end,conv,yield_pnl,pp_yield,-0.05,-0.024,0.115
2018-07-31,haiku,front_end,conv,yield_pnl,pp_yield,0.0,-0.024,-0.039
2018-08-31,haiku,front_end,conv,yield_pnl,pp_yield,0.066,0.042,0.038
2018-09-30,haiku,front_end,conv,yield_pnl,pp_yield,0.054,0.096,0.25
2018-10-31,haiku,front_end,conv,yield_pnl,pp_yield,0.046,0.142,0.508
2018-11-30,haiku,front_end,conv,yield_pnl,pp_yield,0.224,0.366,1.152
2018-12-31,haiku,front_end,conv,yield_pnl,pp_yield,0.01,0.376,1.192
2019-01-31,haiku,front_end,conv,yield_pnl,pp_yield,-0.026,0.35,1.081
2019-02-28,haiku,front_end,conv,yield_pnl,pp_yield,0.1,0.45,1.487
2019-05-31,haiku,front_end,conv,yield_pnl,pp_yield,0.018,0.468,1.265
2019-06-30,haiku,front_end,conv,yield_pnl,pp_yield,0.08,0.548,2.096
2019-07-31,haiku,front_end,conv,yield_pnl,pp_yield,0.09,0.638,2.466
2019-08-31,haiku,front_end,conv,yield_pnl,pp_yield,0.0,0.638,2.874
2019-09-30,haiku,front_end,conv,yield_pnl,pp_yield,-0.075,0.563,2.256
2019-10-31,haiku,front_end,conv,yield_pnl,pp_yield,-0.02,0.543,1.868
2019-11-30,haiku,front_end,conv,yield_pnl,pp_yield,-0.006,0.537,1.622
2019-12-31,haiku,front_end,conv,yield_pnl,pp_yield,-0.11,0.427,0.924
2020-01-31,haiku,front_end,conv,yield_pnl,pp_yield,-0.114,0.313,-0.213
2020-02-29,haiku,front_end,conv,yield_pnl,pp_yield,-0.165,0.148,-0.774
2020-03-31,haiku,front_end,conv,yield_pnl,pp_yield,-0.006,0.142,-0.706
2020-04-30,haiku,front_end,conv,yield_pnl,pp_yield,-0.044,0.098,-1.323
2020-05-31,haiku,front_end,conv,yield_pnl,pp_yield,0.0,0.098,-1.406
2020-06-30,haiku,front_end,conv,yield_pnl,pp_yield,-0.022,0.076,-2.013
2020-07-31,haiku,front_end,conv,yield_pnl,pp_yield,-0.006,0.07,-2.95
2020-08-31,haiku,front_end,conv,yield_pnl,pp_yield,0.0,0.07,-2.95
2020-09-30,haiku,front_end,conv,yield_pnl,pp_yield,0.012,0.082,-2.423
2020-10-31,haiku,front_end,conv,yield_pnl,pp_yield,-0.015,0.067,-2.391
2020-11-30,haiku,front_end,conv,yield_pnl,pp_yield,-0.016,0.051,-2.461
2020-12-31,haiku,front_end,conv,yield_pnl,pp_yield,-0.005,0.046,-2.063
2021-01-31,haiku,front_end,conv,yield_pnl,pp_yield,-0.03,0.016,-1.839
2021-02-28,haiku,front_end,conv,yield_pnl,pp_yield,0.018,0.034,-1.905
2021-03-31,haiku,front_end,conv,yield_pnl,pp_yield,0.01,0.044,-1.557
2021-04-30,haiku,front_end,conv,yield_pnl,pp_yield,-0.012,0.032,-1.325
2021-05-31,haiku,front_end,conv,yield_pnl,pp_yield,-0.026,0.006,-1.725
2021-06-30,haiku,front_end,conv,yield_pnl,pp_yield,-0.025,-0.019,-1.749
2021-07-31,haiku,front_end,conv,yield_pnl,pp_yield,0.012,-0.007,-1.331
2021-08-31,haiku,front_end,conv,yield_pnl,pp_yield,0.032,0.025,-0.648
2021-09-30,haiku,front_end,conv,yield_pnl,pp_yield,0.108,0.133,0.387
2021-10-31,haiku,front_end,conv,yield_pnl,pp_yield,-0.024,0.109,0.315
2021-11-30,haiku,front_end,conv,yield_pnl,pp_yield,0.122,0.231,1.023
2021-12-31,haiku,front_end,conv,yield_pnl,pp_yield,0.1885,0.4195,1.525
2022-01-31,haiku,front_end,conv,yield_pnl,pp_yield,0.06,0.4795,1.958
2022-02-28,haiku,front_end,conv,yield_pnl,pp_yield,0.436,0.9155,1.915
2022-03-31,haiku,front_end,conv,yield_pnl,pp_yield,0.1575,1.073,2.228
2022-04-30,haiku,front_end,conv,yield_pnl,pp_yield,-0.056,1.017,2.078
2022-05-31,haiku,front_end,conv,yield_pnl,pp_yield,0.0,1.017,2.16
2022-06-30,haiku,front_end,conv,yield_pnl,pp_yield,0.294,1.311,2.688
2022-07-31,haiku,front_end,conv,yield_pnl,pp_yield,0.0,1.311,2.649
2022-08-31,haiku,front_end,conv,yield_pnl,pp_yield,0.086,1.397,2.793
2022-09-30,haiku,front_end,conv,yield_pnl,pp_yield,-0.418,0.979,1.167
2022-10-31,haiku,front_end,conv,yield_pnl,pp_yield,0.0,0.979,1.205
2022-11-30,haiku,front_end,conv,yield_pnl,pp_yield,-0.01,0.969,1.019
2022-12-31,haiku,front_end,conv,yield_pnl,pp_yield,-0.248,0.721,0.391
2023-01-31,haiku,front_end,conv,yield_pnl,pp_yield,0.132,0.853,0.48
2023-02-28,haiku,front_end,conv,yield_pnl,pp_yield,0.358,1.211,0.402
2023-03-31,haiku,front_end,conv,yield_pnl,pp_yield,0.06,1.271,0.274
2023-04-30,haiku,front_end,conv,yield_pnl,pp_yield,-0.024,1.247,0.319
2023-05-31,haiku,front_end,conv,yield_pnl,pp_yield,0.336,1.583,0.72
2023-06-30,haiku,front_end,conv,yield_pnl,pp_yield,0.033,1.616,0.413
2023-07-31,haiku,front_end,conv,yield_pnl,pp_yield,0.024,1.64,0.446
2023-08-31,haiku,front_end,conv,yield_pnl,pp_yield,-0.112,1.528,0.175
2023-09-30,haiku,front_end,conv,yield_pnl,pp_yield,0.0,1.528,0.939
2023-10-31,haiku,front_end,conv,yield_pnl,pp_yield,0.09,1.618,1.094
2023-11-30,haiku,front_end,conv,yield_pnl,pp_yield,-0.27,1.348,0.569
2023-12-31,haiku,front_end,conv,yield_pnl,pp_yield,0.012,1.36,1.075
2024-01-31,haiku,front_end,conv,yield_pnl,pp_yield,-0.223,1.137,0.439
2024-02-29,haiku,front_end,conv,yield_pnl,pp_yield,-0.078,1.059,-0.282
2024-03-31,haiku,front_end,conv,yield_pnl,pp_yield,0.156,1.215,-0.1
2024-04-30,haiku,front_end,conv,yield_pnl,pp_yield,-0.09,1.125,-0.215
2024-05-31,haiku,front_end,conv,yield_pnl,pp_yield,-0.084,1.041,-1.273
2024-07-31,haiku,front_end,conv,yield_pnl,pp_yield,-0.148,0.893,-1.689
2024-08-31,haiku,front_end,conv,yield_pnl,pp_yield,-0.138,0.755,-2.088
2024-09-30,haiku,front_end,conv,yield_pnl,pp_yield,-0.27,0.485,-2.235
2024-10-31,haiku,front_end,conv,yield_pnl,pp_yield,-0.012,0.473,-2.272
2024-11-30,haiku,front_end,conv,yield_pnl,pp_yield,0.0,0.473,-2.635
2025-01-31,haiku,front_end,conv,yield_pnl,pp_yield,-0.144,0.329,-2.574
2025-02-28,haiku,front_end,conv,yield_pnl,pp_yield,-0.1,0.229,-2.964
2025-03-31,haiku,front_end,conv,yield_pnl,pp_yield,-0.285,-0.056,-2.921
2025-04-30,haiku,front_end,conv,yield_pnl,pp_yield,0.0,-0.056,-2.654
2025-05-31,haiku,front_end,conv,yield_pnl,pp_yield,-0.086,-0.142,-4.214
2025-06-30,haiku,front_end,conv,yield_pnl,pp_yield,0.1,-0.042,-3.02
2025-07-31,haiku,front_end,conv,yield_pnl,pp_yield,-0.102,-0.144,-3.068
2025-10-31,haiku,front_end,conv,yield_pnl,pp_yield,-0.072,-0.216,-2.895
2025-11-30,haiku,front_end,conv,yield_pnl,pp_yield,0.0,-0.216,-2.49
2025-12-31,haiku,front_end,conv,yield_pnl,pp_yield,-0.03,-0.246,-2.197
2026-01-31,haiku,front_end,conv,yield_pnl,pp_yield,-0.084,-0.33,-2.441
2026-02-28,haiku,front_end,conv,yield_pnl,pp_yield,-0.234,-0.564,-2.89
2026-03-31,haiku,front_end,conv,yield_pnl,pp_yield,-0.048,-0.612,-2.652
2026-04-30,haiku,front_end,conv,yield_pnl,pp_yield,0.034,-0.578,-2.176
2026-05-31,haiku,front_end,conv,yield_pnl,pp_yield,0.016,-0.562,-1.734
2016-01-31,haiku,front_end,raw,yield_pnl,pp_yield,0.0,0.0,
2016-02-29,haiku,front_end,raw,yield_pnl,pp_yield,-0.021,-0.021,
2016-03-31,haiku,front_end,raw,yield_pnl,pp_yield,-0.005,-0.026,
2016-04-30,haiku,front_end,raw,yield_pnl,pp_yield,-0.01,-0.036,
2016-05-31,haiku,front_end,raw,yield_pnl,pp_yield,-0.096,-0.132,
2016-06-30,haiku,front_end,raw,yield_pnl,pp_yield,-0.024,-0.156,
2016-07-31,haiku,front_end,raw,yield_pnl,pp_yield,0.048,-0.108,
2016-08-31,haiku,front_end,raw,yield_pnl,pp_yield,0.006,-0.102,
2016-09-30,haiku,front_end,raw,yield_pnl,pp_yield,0.0,-0.102,
2016-10-31,haiku,front_end,raw,yield_pnl,pp_yield,0.084,-0.018,
2016-11-30,haiku,front_end,raw,yield_pnl,pp_yield,-0.036,-0.054,
2016-12-31,haiku,front_end,raw,yield_pnl,pp_yield,-0.015,-0.069,-0.457
2017-03-31,haiku,front_end,raw,yield_pnl,pp_yield,0.042,-0.027,-0.171
2017-04-30,haiku,front_end,raw,yield_pnl,pp_yield,0.072,0.045,0.382
2017-05-31,haiku,front_end,raw,yield_pnl,pp_yield,0.01,0.055,0.469
2017-06-30,haiku,front_end,raw,yield_pnl,pp_yield,0.01,0.065,0.588
2017-07-31,haiku,front_end,raw,yield_pnl,pp_yield,-0.028,0.037,1.239
2017-08-31,haiku,front_end,raw,yield_pnl,pp_yield,0.054,0.091,1.831
2017-09-30,haiku,front_end,raw,yield_pnl,pp_yield,-0.03,0.061,1.207
2017-11-30,haiku,front_end,raw,yield_pnl,pp_yield,-0.012,0.049,1.061
2017-12-31,haiku,front_end,raw,yield_pnl,pp_yield,-0.138,-0.089,0.063
2018-01-31,haiku,front_end,raw,yield_pnl,pp_yield,0.014,-0.075,-0.303
2018-03-31,haiku,front_end,raw,yield_pnl,pp_yield,0.15,0.075,0.539
2018-04-30,haiku,front_end,raw,yield_pnl,pp_yield,0.09,0.165,0.937
2018-05-31,haiku,front_end,raw,yield_pnl,pp_yield,-0.054,0.111,0.534
2018-06-30,haiku,front_end,raw,yield_pnl,pp_yield,-0.05,0.061,0.062
2018-07-31,haiku,front_end,raw,yield_pnl,pp_yield,-0.039,0.022,-0.127
2018-08-31,haiku,front_end,raw,yield_pnl,pp_yield,0.15,0.172,0.355
2018-09-30,haiku,front_end,raw,yield_pnl,pp_yield,-0.054,0.118,0.265
2018-10-31,haiku,front_end,raw,yield_pnl,pp_yield,-0.07,0.048,-0.139
2018-11-30,haiku,front_end,raw,yield_pnl,pp_yield,0.252,0.3,0.599
2018-12-31,haiku,front_end,raw,yield_pnl,pp_yield,0.003,0.303,0.638
2019-01-31,haiku,front_end,raw,yield_pnl,pp_yield,0.03,0.333,1.178
2019-02-28,haiku,front_end,raw,yield_pnl,pp_yield,0.065,0.398,1.319
2019-03-31,haiku,front_end,raw,yield_pnl,pp_yield,0.009,0.407,0.981
2019-05-31,haiku,front_end,raw,yield_pnl,pp_yield,0.058,0.465,0.9
2019-06-30,haiku,front_end,raw,yield_pnl,pp_yield,0.08,0.545,1.333
2019-07-31,haiku,front_end,raw,yield_pnl,pp_yield,-0.39,0.155,0.176
2019-08-31,haiku,front_end,raw,yield_pnl,pp_yield,0.185,0.34,0.569
2019-09-30,haiku,front_end,raw,yield_pnl,pp_yield,0.112,0.452,0.508
2019-10-31,haiku,front_end,raw,yield_pnl,pp_yield,-0.024,0.428,0.566
2019-11-30,haiku,front_end,raw,yield_pnl,pp_yield,0.0,0.428,0.706
2019-12-31,haiku,front_end,raw,yield_pnl,pp_yield,-0.15,0.278,-0.043
2020-01-31,haiku,front_end,raw,yield_pnl,pp_yield,0.11,0.388,0.163
2020-02-29,haiku,front_end,raw,yield_pnl,pp_yield,0.265,0.653,0.55
2020-05-31,haiku,front_end,raw,yield_pnl,pp_yield,-0.012,0.641,0.418
2020-06-30,haiku,front_end,raw,yield_pnl,pp_yield,0.022,0.663,0.441
2020-07-31,haiku,front_end,raw,yield_pnl,pp_yield,-0.005,0.658,0.333
2020-08-31,haiku,front_end,raw,yield_pnl,pp_yield,0.006,0.664,0.207
2020-09-30,haiku,front_end,raw,yield_pnl,pp_yield,0.01,0.674,1.375
2020-10-31,haiku,front_end,raw,yield_pnl,pp_yield,0.018,0.692,1.022
2020-11-30,haiku,front_end,raw,yield_pnl,pp_yield,-0.03,0.662,0.624
2021-01-31,haiku,front_end,raw,yield_pnl,pp_yield,-0.03,0.632,0.605
2021-03-31,haiku,front_end,raw,yield_pnl,pp_yield,0.0,0.632,0.605
2021-04-30,haiku,front_end,raw,yield_pnl,pp_yield,0.0,0.632,1.239
2021-05-31,haiku,front_end,raw,yield_pnl,pp_yield,-0.02,0.612,0.814
2021-06-30,haiku,front_end,raw,yield_pnl,pp_yield,0.02,0.632,-0.332
2021-09-30,haiku,front_end,raw,yield_pnl,pp_yield,0.108,0.74,0.789
2021-10-31,haiku,front_end,raw,yield_pnl,pp_yield,0.02,0.76,0.775
2021-11-30,haiku,front_end,raw,yield_pnl,pp_yield,0.12,0.88,1.333
2021-12-31,haiku,front_end,raw,yield_pnl,pp_yield,0.225,1.105,1.67
2022-01-31,haiku,front_end,raw,yield_pnl,pp_yield,0.16,1.265,2.046
2022-02-28,haiku,front_end,raw,yield_pnl,pp_yield,-0.436,0.829,0.242
2022-03-31,haiku,front_end,raw,yield_pnl,pp_yield,0.054,0.883,0.391
2022-04-30,haiku,front_end,raw,yield_pnl,pp_yield,0.144,1.027,0.686
2022-05-31,haiku,front_end,raw,yield_pnl,pp_yield,0.039,1.066,0.755
2022-06-30,haiku,front_end,raw,yield_pnl,pp_yield,-0.43,0.636,0.005
2022-07-31,haiku,front_end,raw,yield_pnl,pp_yield,0.116,0.752,0.187
2022-09-30,haiku,front_end,raw,yield_pnl,pp_yield,-0.36,0.392,-0.287
2022-10-31,haiku,front_end,raw,yield_pnl,pp_yield,0.182,0.574,-0.195
2022-11-30,haiku,front_end,raw,yield_pnl,pp_yield,0.018,0.592,-0.197
2022-12-31,haiku,front_end,raw,yield_pnl,pp_yield,-0.34,0.252,-0.701
2023-01-31,haiku,front_end,raw,yield_pnl,pp_yield,0.132,0.384,-0.83
2023-02-28,haiku,front_end,raw,yield_pnl,pp_yield,0.0,0.384,-1.05
2023-03-31,haiku,front_end,raw,yield_pnl,pp_yield,-0.145,0.239,-0.79
2023-04-30,haiku,front_end,raw,yield_pnl,pp_yield,-0.036,0.203,-0.92
2023-05-31,haiku,front_end,raw,yield_pnl,pp_yield,0.318,0.521,-0.626
2023-06-30,haiku,front_end,raw,yield_pnl,pp_yield,0.0,0.521,-0.678
2023-07-31,haiku,front_end,raw,yield_pnl,pp_yield,0.018,0.539,-0.141
2023-08-31,haiku,front_end,raw,yield_pnl,pp_yield,-0.114,0.425,-0.481
2023-10-31,haiku,front_end,raw,yield_pnl,pp_yield,0.0,0.425,0.057
2023-11-30,haiku,front_end,raw,yield_pnl,pp_yield,-0.17,0.255,-0.567
2023-12-31,haiku,front_end,raw,yield_pnl,pp_yield,0.03,0.285,-0.544
2024-02-29,haiku,front_end,raw,yield_pnl,pp_yield,0.059,0.344,0.204
2024-03-31,haiku,front_end,raw,yield_pnl,pp_yield,0.45,0.794,0.656
2024-04-30,haiku,front_end,raw,yield_pnl,pp_yield,-0.078,0.716,0.523
2024-05-31,haiku,front_end,raw,yield_pnl,pp_yield,0.054,0.77,0.876
2024-06-30,haiku,front_end,raw,yield_pnl,pp_yield,0.325,1.095,1.353
2024-07-31,haiku,front_end,raw,yield_pnl,pp_yield,-0.108,0.987,0.746
2024-08-31,haiku,front_end,raw,yield_pnl,pp_yield,-0.156,0.831,0.474
2024-09-30,haiku,front_end,raw,yield_pnl,pp_yield,0.254,1.085,0.789
2024-10-31,haiku,front_end,raw,yield_pnl,pp_yield,0.014,1.099,1.004
2024-11-30,haiku,front_end,raw,yield_pnl,pp_yield,0.198,1.297,1.278
2024-12-31,haiku,front_end,raw,yield_pnl,pp_yield,0.015,1.312,1.667
2025-02-28,haiku,front_end,raw,yield_pnl,pp_yield,-0.04,1.272,1.531
2025-03-31,haiku,front_end,raw,yield_pnl,pp_yield,0.14,1.412,1.651
2025-04-30,haiku,front_end,raw,yield_pnl,pp_yield,-0.106,1.306,0.952
2025-05-31,haiku,front_end,raw,yield_pnl,pp_yield,0.0,1.306,1.125
2025-06-30,haiku,front_end,raw,yield_pnl,pp_yield,-0.124,1.182,0.746
2025-08-31,haiku,front_end,raw,yield_pnl,pp_yield,0.132,1.314,0.467
2025-10-31,haiku,front_end,raw,yield_pnl,pp_yield,0.058,1.372,0.858
2025-11-30,haiku,front_end,raw,yield_pnl,pp_yield,0.126,1.498,1.64
2025-12-31,haiku,front_end,raw,yield_pnl,pp_yield,0.05,1.548,1.344
2026-01-31,haiku,front_end,raw,yield_pnl,pp_yield,0.056,1.604,1.469
2026-02-28,haiku,front_end,raw,yield_pnl,pp_yield,0.338,1.942,1.498
2026-04-30,haiku,front_end,raw,yield_pnl,pp_yield,0.018,1.96,1.506
2026-05-31,haiku,front_end,raw,yield_pnl,pp_yield,0.04,2.0,1.74
2016-01-31,haiku,front_end,mech,yield_pnl,pp_yield,0.02,0.02,
2016-02-29,haiku,front_end,mech,yield_pnl,pp_yield,0.05,0.07,
2016-03-31,haiku,front_end,mech,yield_pnl,pp_yield,0.04,0.11,
2016-04-30,haiku,front_end,mech,yield_pnl,pp_yield,0.1,0.21,
2016-05-31,haiku,front_end,mech,yield_pnl,pp_yield,-0.29,-0.08,
2016-06-30,haiku,front_end,mech,yield_pnl,pp_yield,-0.09,-0.17,
2016-07-31,haiku,front_end,mech,yield_pnl,pp_yield,0.13,-0.04,
2016-08-31,haiku,front_end,mech,yield_pnl,pp_yield,0.03,-0.01,
2016-09-30,haiku,front_end,mech,yield_pnl,pp_yield,0.09,0.08,
2016-10-31,haiku,front_end,mech,yield_pnl,pp_yield,0.25,0.33,
2016-11-30,haiku,front_end,mech,yield_pnl,pp_yield,0.09,0.42,
2016-12-31,haiku,front_end,mech,yield_pnl,pp_yield,0.01,0.43,0.95
2017-01-31,haiku,front_end,mech,yield_pnl,pp_yield,0.03,0.46,0.972
2017-02-28,haiku,front_end,mech,yield_pnl,pp_yield,0.05,0.51,0.972
2017-03-31,haiku,front_end,mech,yield_pnl,pp_yield,-0.01,0.5,0.857
2017-04-30,haiku,front_end,mech,yield_pnl,pp_yield,0.0,0.5,0.645
2017-05-31,haiku,front_end,mech,yield_pnl,pp_yield,-0.1,0.4,1.461
2017-06-30,haiku,front_end,mech,yield_pnl,pp_yield,0.04,0.44,2.056
2017-07-31,haiku,front_end,mech,yield_pnl,pp_yield,0.01,0.45,1.714
2017-08-31,haiku,front_end,mech,yield_pnl,pp_yield,0.14,0.59,1.987
2017-09-30,haiku,front_end,mech,yield_pnl,pp_yield,-0.13,0.46,1.095
2017-10-31,haiku,front_end,mech,yield_pnl,pp_yield,0.18,0.64,1.022
2017-11-30,haiku,front_end,mech,yield_pnl,pp_yield,0.11,0.75,1.07
2017-12-31,haiku,front_end,mech,yield_pnl,pp_yield,0.0,0.75,1.035
2018-01-31,haiku,front_end,mech,yield_pnl,pp_yield,0.11,0.86,1.249
2018-02-28,haiku,front_end,mech,yield_pnl,pp_yield,0.02,0.88,1.156
2018-03-31,haiku,front_end,mech,yield_pnl,pp_yield,0.22,1.1,1.634
2018-04-30,haiku,front_end,mech,yield_pnl,pp_yield,-0.09,1.01,1.305
2018-05-31,haiku,front_end,mech,yield_pnl,pp_yield,0.12,1.13,2.004
2018-06-30,haiku,front_end,mech,yield_pnl,pp_yield,0.15,1.28,2.246
2018-07-31,haiku,front_end,mech,yield_pnl,pp_yield,-0.05,1.23,2.005
2018-08-31,haiku,front_end,mech,yield_pnl,pp_yield,0.19,1.42,2.062
2018-09-30,haiku,front_end,mech,yield_pnl,pp_yield,0.06,1.48,3.001
2018-10-31,haiku,front_end,mech,yield_pnl,pp_yield,-0.07,1.41,2.167
2018-11-30,haiku,front_end,mech,yield_pnl,pp_yield,0.32,1.73,2.241
2018-12-31,haiku,front_end,mech,yield_pnl,pp_yield,0.03,1.76,2.336
2019-01-31,haiku,front_end,mech,yield_pnl,pp_yield,0.07,1.83,2.248
2019-02-28,haiku,front_end,mech,yield_pnl,pp_yield,-0.25,1.58,1.289
2019-03-31,haiku,front_end,mech,yield_pnl,pp_yield,0.0,1.58,0.931
2019-04-30,haiku,front_end,mech,yield_pnl,pp_yield,-0.32,1.26,0.403
2019-05-31,haiku,front_end,mech,yield_pnl,pp_yield,-0.2,1.06,-0.108
2019-06-30,haiku,front_end,mech,yield_pnl,pp_yield,0.14,1.2,-0.124
2019-07-31,haiku,front_end,mech,yield_pnl,pp_yield,-0.39,0.81,-0.561
2019-08-31,haiku,front_end,mech,yield_pnl,pp_yield,0.13,0.94,-0.656
2019-09-30,haiku,front_end,mech,yield_pnl,pp_yield,-0.11,0.83,-0.895
2019-10-31,haiku,front_end,mech,yield_pnl,pp_yield,-0.09,0.74,-0.922
2019-11-30,haiku,front_end,mech,yield_pnl,pp_yield,-0.03,0.71,-1.691
2019-12-31,haiku,front_end,mech,yield_pnl,pp_yield,0.25,0.96,-1.17
2020-01-31,haiku,front_end,mech,yield_pnl,pp_yield,0.47,1.43,-0.463
2020-02-29,haiku,front_end,mech,yield_pnl,pp_yield,-0.63,0.8,-0.754
2020-03-31,haiku,front_end,mech,yield_pnl,pp_yield,0.03,0.83,-0.723
2020-04-30,haiku,front_end,mech,yield_pnl,pp_yield,0.04,0.87,-0.389
2020-05-31,haiku,front_end,mech,yield_pnl,pp_yield,0.0,0.87,-0.193
2020-06-30,haiku,front_end,mech,yield_pnl,pp_yield,-0.05,0.82,-0.392
2020-07-31,haiku,front_end,mech,yield_pnl,pp_yield,0.03,0.85,0.045
2020-08-31,haiku,front_end,mech,yield_pnl,pp_yield,0.01,0.86,-0.091
2020-09-30,haiku,front_end,mech,yield_pnl,pp_yield,0.01,0.87,0.046
2020-10-31,haiku,front_end,mech,yield_pnl,pp_yield,-0.02,0.85,0.127
2020-11-30,haiku,front_end,mech,yield_pnl,pp_yield,0.03,0.88,0.197
2020-12-31,haiku,front_end,mech,yield_pnl,pp_yield,0.02,0.9,-0.073
2021-01-31,haiku,front_end,mech,yield_pnl,pp_yield,-0.03,0.87,-0.87
2021-02-28,haiku,front_end,mech,yield_pnl,pp_yield,-0.02,0.85,0.508
2021-03-31,haiku,front_end,mech,yield_pnl,pp_yield,0.0,0.85,0.212
2021-04-30,haiku,front_end,mech,yield_pnl,pp_yield,0.0,0.85,-0.236
2021-05-31,haiku,front_end,mech,yield_pnl,pp_yield,0.11,0.96,0.642
2021-06-30,haiku,front_end,mech,yield_pnl,pp_yield,0.06,1.02,1.492
2021-07-31,haiku,front_end,mech,yield_pnl,pp_yield,-0.01,1.01,1.18
2021-08-31,haiku,front_end,mech,yield_pnl,pp_yield,-0.08,0.93,0.425
2021-09-30,haiku,front_end,mech,yield_pnl,pp_yield,0.2,1.13,1.02
2021-10-31,haiku,front_end,mech,yield_pnl,pp_yield,-0.04,1.09,0.926
2021-11-30,haiku,front_end,mech,yield_pnl,pp_yield,-0.21,0.88,-0.0
2021-12-31,haiku,front_end,mech,yield_pnl,pp_yield,0.45,1.33,0.756
2022-01-31,haiku,front_end,mech,yield_pnl,pp_yield,0.26,1.59,1.191
2022-02-28,haiku,front_end,mech,yield_pnl,pp_yield,0.84,2.43,1.617
2022-03-31,haiku,front_end,mech,yield_pnl,pp_yield,-0.42,2.01,1.037
2022-04-30,haiku,front_end,mech,yield_pnl,pp_yield,-0.17,1.84,0.863
2022-05-31,haiku,front_end,mech,yield_pnl,pp_yield,0.39,2.23,1.069
2022-06-30,haiku,front_end,mech,yield_pnl,pp_yield,-0.03,2.2,0.987
2022-07-31,haiku,front_end,mech,yield_pnl,pp_yield,0.56,2.76,1.375
2022-08-31,haiku,front_end,mech,yield_pnl,pp_yield,0.77,3.53,1.875
2022-09-30,haiku,front_end,mech,yield_pnl,pp_yield,0.29,3.82,1.937
2022-10-31,haiku,front_end,mech,yield_pnl,pp_yield,-0.13,3.69,1.844
2022-11-30,haiku,front_end,mech,yield_pnl,pp_yield,0.03,3.72,2.104
2022-12-31,haiku,front_end,mech,yield_pnl,pp_yield,0.2,3.92,1.948
2023-01-31,haiku,front_end,mech,yield_pnl,pp_yield,-0.6,3.32,1.111
2023-02-28,haiku,front_end,mech,yield_pnl,pp_yield,-0.75,2.57,0.088
2023-03-31,haiku,front_end,mech,yield_pnl,pp_yield,0.02,2.59,0.381
2023-04-30,haiku,front_end,mech,yield_pnl,pp_yield,0.36,2.95,0.725
2023-05-31,haiku,front_end,mech,yield_pnl,pp_yield,0.47,3.42,0.767
2023-06-30,haiku,front_end,mech,yield_pnl,pp_yield,0.01,3.43,0.795
2023-07-31,haiku,front_end,mech,yield_pnl,pp_yield,-0.03,3.4,0.436
2023-08-31,haiku,front_end,mech,yield_pnl,pp_yield,-0.18,3.22,-0.247
2023-09-30,haiku,front_end,mech,yield_pnl,pp_yield,0.04,3.26,-0.463
2023-10-31,haiku,front_end,mech,yield_pnl,pp_yield,0.34,3.6,-0.071
2023-11-30,haiku,front_end,mech,yield_pnl,pp_yield,0.5,4.1,0.279
2023-12-31,haiku,front_end,mech,yield_pnl,pp_yield,-0.04,4.06,0.104
2024-01-31,haiku,front_end,mech,yield_pnl,pp_yield,0.37,4.43,0.915
2024-02-29,haiku,front_end,mech,yield_pnl,pp_yield,-0.05,4.38,2.202
2024-03-31,haiku,front_end,mech,yield_pnl,pp_yield,0.45,4.83,2.608
2024-04-30,haiku,front_end,mech,yield_pnl,pp_yield,-0.15,4.68,1.928
2024-05-31,haiku,front_end,mech,yield_pnl,pp_yield,0.18,4.86,1.742
2024-06-30,haiku,front_end,mech,yield_pnl,pp_yield,0.42,5.28,2.132
2024-07-31,haiku,front_end,mech,yield_pnl,pp_yield,-0.38,4.9,1.488
2024-08-31,haiku,front_end,mech,yield_pnl,pp_yield,0.25,5.15,2.018
2024-09-30,haiku,front_end,mech,yield_pnl,pp_yield,-0.5,4.65,1.197
2024-10-31,haiku,front_end,mech,yield_pnl,pp_yield,-0.03,4.62,0.893
2024-11-30,haiku,front_end,mech,yield_pnl,pp_yield,0.12,4.74,0.609
2024-12-31,haiku,front_end,mech,yield_pnl,pp_yield,-0.03,4.71,0.619
2025-01-31,haiku,front_end,mech,yield_pnl,pp_yield,-0.23,4.48,0.049
2025-02-28,haiku,front_end,mech,yield_pnl,pp_yield,-0.1,4.38,-0.0
2025-03-31,haiku,front_end,mech,yield_pnl,pp_yield,-0.29,4.09,-0.789
2025-04-30,haiku,front_end,mech,yield_pnl,pp_yield,0.29,4.38,-0.302
2025-05-31,haiku,front_end,mech,yield_pnl,pp_yield,-0.17,4.21,-0.666
2025-06-30,haiku,front_end,mech,yield_pnl,pp_yield,0.22,4.43,-0.958
2025-07-31,haiku,front_end,mech,yield_pnl,pp_yield,-0.35,4.08,-0.936
2025-08-31,haiku,front_end,mech,yield_pnl,pp_yield,0.01,4.09,-1.306
2025-09-30,haiku,front_end,mech,yield_pnl,pp_yield,0.0,4.09,-0.826
2025-10-31,haiku,front_end,mech,yield_pnl,pp_yield,0.13,4.22,-0.571
2025-11-30,haiku,front_end,mech,yield_pnl,pp_yield,0.0,4.22,-0.763
2025-12-31,haiku,front_end,mech,yield_pnl,pp_yield,-0.05,4.17,-0.792
2026-01-31,haiku,front_end,mech,yield_pnl,pp_yield,0.14,4.31,-0.253
2026-02-28,haiku,front_end,mech,yield_pnl,pp_yield,-0.41,3.9,-0.616
2026-03-31,haiku,front_end,mech,yield_pnl,pp_yield,0.09,3.99,-0.136
2026-04-30,haiku,front_end,mech,yield_pnl,pp_yield,-0.1,3.89,-0.737
2026-05-31,haiku,front_end,mech,yield_pnl,pp_yield,0.13,4.02,-0.284
2016-01-31,haiku,real,full,yield_pnl,pp_yield,-0.0065,-0.0065,
2016-02-29,haiku,real,full,yield_pnl,pp_yield,0.0,-0.0065,
2016-03-31,haiku,real,full,yield_pnl,pp_yield,0.0,-0.0065,
2016-04-30,haiku,real,full,yield_pnl,pp_yield,0.085,0.0785,
2016-05-31,haiku,real,full,yield_pnl,pp_yield,0.084,0.1625,
2016-06-30,haiku,real,full,yield_pnl,pp_yield,0.0,0.1625,
2016-07-31,haiku,real,full,yield_pnl,pp_yield,0.0,0.1625,
2016-08-31,haiku,real,full,yield_pnl,pp_yield,0.0,0.1625,
2016-09-30,haiku,real,full,yield_pnl,pp_yield,0.0455,0.208,
2016-10-31,haiku,real,full,yield_pnl,pp_yield,0.0735,0.2815,
2016-11-30,haiku,real,full,yield_pnl,pp_yield,-0.004,0.2775,
2016-12-31,haiku,real,full,yield_pnl,pp_yield,-0.05,0.2275,1.54
2017-01-31,haiku,real,full,yield_pnl,pp_yield,-0.018,0.2095,1.437
2017-02-28,haiku,real,full,yield_pnl,pp_yield,0.03,0.2395,1.647
2017-03-31,haiku,real,full,yield_pnl,pp_yield,0.0,0.2395,1.647
2017-04-30,haiku,real,full,yield_pnl,pp_yield,0.0,0.2395,1.215
2017-05-31,haiku,real,full,yield_pnl,pp_yield,0.0,0.2395,0.712
2017-06-30,haiku,real,full,yield_pnl,pp_yield,0.0,0.2395,0.712
2017-07-31,haiku,real,full,yield_pnl,pp_yield,0.0,0.2395,0.712
2017-08-31,haiku,real,full,yield_pnl,pp_yield,-0.028,0.2115,0.432
2017-09-30,haiku,real,full,yield_pnl,pp_yield,-0.02,0.1915,-0.156
2017-10-31,haiku,real,full,yield_pnl,pp_yield,0.0,0.1915,-1.322
2017-11-30,haiku,real,full,yield_pnl,pp_yield,0.0,0.1915,-1.257
2017-12-31,haiku,real,full,yield_pnl,pp_yield,-0.0525,0.139,-1.261
2018-01-31,haiku,real,full,yield_pnl,pp_yield,0.0,0.139,-1.015
2018-02-28,haiku,real,full,yield_pnl,pp_yield,0.0455,0.1845,-0.694
2018-03-31,haiku,real,full,yield_pnl,pp_yield,-0.054,0.1305,-1.171
2018-04-30,haiku,real,full,yield_pnl,pp_yield,0.0,0.1305,-1.171
2018-05-31,haiku,real,full,yield_pnl,pp_yield,-0.024,0.1065,-1.421
2018-06-30,haiku,real,full,yield_pnl,pp_yield,0.0,0.1065,-1.421
2018-07-31,haiku,real,full,yield_pnl,pp_yield,0.0,0.1065,-1.421
2018-08-31,haiku,real,full,yield_pnl,pp_yield,0.0,0.1065,-1.138
2018-09-30,haiku,real,full,yield_pnl,pp_yield,0.0,0.1065,-0.926
2018-10-31,haiku,real,full,yield_pnl,pp_yield,0.04,0.1465,-0.436
2018-11-30,haiku,real,full,yield_pnl,pp_yield,0.0,0.1465,-0.436
2018-12-31,haiku,real,full,yield_pnl,pp_yield,-0.056,0.0905,-0.462
2019-01-31,haiku,real,full,yield_pnl,pp_yield,0.0,0.0905,-0.462
2019-03-31,haiku,real,full,yield_pnl,pp_yield,0.0,0.0905,-1.04
2019-04-30,haiku,real,full,yield_pnl,pp_yield,0.0,0.0905,-0.532
2019-05-31,haiku,real,full,yield_pnl,pp_yield,0.0,0.0905,-0.532
2019-06-30,haiku,real,full,yield_pnl,pp_yield,0.0,0.0905,-0.223
2019-07-31,haiku,real,full,yield_pnl,pp_yield,0.0,0.0905,-0.223
2019-08-31,haiku,real,full,yield_pnl,pp_yield,0.01,0.1005,-0.083
2019-10-31,haiku,real,full,yield_pnl,pp_yield,0.0,0.1005,-0.083
2019-11-30,haiku,real,full,yield_pnl,pp_yield,0.0,0.1005,-0.083
2019-12-31,haiku,real,full,yield_pnl,pp_yield,0.036,0.1365,-0.142
2020-01-31,haiku,real,full,yield_pnl,pp_yield,0.156,0.2925,0.849
2020-02-29,haiku,real,full,yield_pnl,pp_yield,0.162,0.4545,1.723
2020-03-31,haiku,real,full,yield_pnl,pp_yield,-0.06,0.3945,1.33
2020-04-30,haiku,real,full,yield_pnl,pp_yield,-0.048,0.3465,1.071
2020-05-31,haiku,real,full,yield_pnl,pp_yield,-0.057,0.2895,0.792
2020-06-30,haiku,real,full,yield_pnl,pp_yield,0.0,0.2895,0.792
2020-07-31,haiku,real,full,yield_pnl,pp_yield,0.0,0.2895,0.792
2020-08-31,haiku,real,full,yield_pnl,pp_yield,-0.1105,0.179,0.314
2020-09-30,haiku,real,full,yield_pnl,pp_yield,0.0,0.179,0.279
2020-10-31,haiku,real,full,yield_pnl,pp_yield,0.0,0.179,0.279
2020-11-30,haiku,real,full,yield_pnl,pp_yield,0.0,0.179,0.279
2020-12-31,haiku,real,full,yield_pnl,pp_yield,0.0,0.179,0.152
2021-01-31,haiku,real,full,yield_pnl,pp_yield,0.0,0.179,-0.504
2021-02-28,haiku,real,full,yield_pnl,pp_yield,0.0,0.179,-2.151
2021-03-31,haiku,real,full,yield_pnl,pp_yield,0.018,0.197,-1.552
2021-04-30,haiku,real,full,yield_pnl,pp_yield,-0.0065,0.1905,-1.272
2021-05-31,haiku,real,full,yield_pnl,pp_yield,0.0,0.1905,-0.874
2021-06-30,haiku,real,full,yield_pnl,pp_yield,0.0,0.1905,-0.874
2021-07-31,haiku,real,full,yield_pnl,pp_yield,0.0385,0.229,-0.494
2021-08-31,haiku,real,full,yield_pnl,pp_yield,0.0,0.229,1.182
2021-09-30,haiku,real,full,yield_pnl,pp_yield,0.0,0.229,1.182
2021-10-31,haiku,real,full,yield_pnl,pp_yield,0.0,0.229,1.182
2021-11-30,haiku,real,full,yield_pnl,pp_yield,0.0,0.229,1.182
2021-12-31,haiku,real,full,yield_pnl,pp_yield,-0.042,0.187,0.128
2022-01-31,haiku,real,full,yield_pnl,pp_yield,0.099,0.286,0.918
2022-02-28,haiku,real,full,yield_pnl,pp_yield,0.143,0.429,1.414
2022-03-31,haiku,real,full,yield_pnl,pp_yield,-0.04,0.389,1.027
2022-04-30,haiku,real,full,yield_pnl,pp_yield,0.0,0.389,1.066
2022-05-31,haiku,real,full,yield_pnl,pp_yield,0.0,0.389,1.066
2022-06-30,haiku,real,full,yield_pnl,pp_yield,0.0,0.389,1.066
2022-07-31,haiku,real,full,yield_pnl,pp_yield,-0.0175,0.3715,0.76
2022-08-31,haiku,real,full,yield_pnl,pp_yield,0.1584,0.5299,1.27
2022-10-31,haiku,real,full,yield_pnl,pp_yield,-0.063,0.4669,0.944
2022-11-30,haiku,real,full,yield_pnl,pp_yield,0.024,0.4909,1.043
2022-12-31,haiku,real,full,yield_pnl,pp_yield,0.0,0.4909,1.043
2023-01-31,haiku,real,full,yield_pnl,pp_yield,-0.114,0.3769,0.679
2023-02-28,haiku,real,full,yield_pnl,pp_yield,-0.033,0.3439,0.216
2023-03-31,haiku,real,full,yield_pnl,pp_yield,0.0,0.3439,-0.384
2023-04-30,haiku,real,full,yield_pnl,pp_yield,0.0,0.3439,-0.206
2023-05-31,haiku,real,full,yield_pnl,pp_yield,-0.016,0.3279,-0.279
2023-06-30,haiku,real,full,yield_pnl,pp_yield,0.0,0.3279,-0.279
2023-07-31,haiku,real,full,yield_pnl,pp_yield,0.0,0.3279,-0.279
2023-08-31,haiku,real,full,yield_pnl,pp_yield,-0.066,0.2619,-0.482
2023-09-30,haiku,real,full,yield_pnl,pp_yield,0.0,0.2619,-1.953
2023-10-31,haiku,real,full,yield_pnl,pp_yield,0.0665,0.3284,-0.892
2023-11-30,haiku,real,full,yield_pnl,pp_yield,0.0,0.3284,-1.076
2023-12-31,haiku,real,full,yield_pnl,pp_yield,0.0,0.3284,-1.076
2024-01-31,haiku,real,full,yield_pnl,pp_yield,-0.035,0.2934,-0.77
2024-02-29,haiku,real,full,yield_pnl,pp_yield,0.0,0.2934,-0.482
2024-03-31,haiku,real,full,yield_pnl,pp_yield,0.0,0.2934,-0.482
2024-04-30,haiku,real,full,yield_pnl,pp_yield,-0.012,0.2814,-0.596
2024-05-31,haiku,real,full,yield_pnl,pp_yield,0.0245,0.3059,-0.204
2024-06-30,haiku,real,full,yield_pnl,pp_yield,-0.014,0.2919,-0.331
2024-07-31,haiku,real,full,yield_pnl,pp_yield,0.0,0.2919,-0.331
2024-08-31,haiku,real,full,yield_pnl,pp_yield,-0.0165,0.2754,0.156
2024-09-30,haiku,real,full,yield_pnl,pp_yield,0.0,0.2754,0.156
2024-10-31,haiku,real,full,yield_pnl,pp_yield,-0.0385,0.2369,-1.543
2024-11-30,haiku,real,full,yield_pnl,pp_yield,-0.052,0.1849,-1.961
2024-12-31,haiku,real,full,yield_pnl,pp_yield,0.0,0.1849,-1.961
2025-01-31,haiku,real,full,yield_pnl,pp_yield,0.0,0.1849,-1.563
2025-02-28,haiku,real,full,yield_pnl,pp_yield,0.0,0.1849,-1.563
2025-03-31,haiku,real,full,yield_pnl,pp_yield,0.0,0.1849,-1.563
2025-04-30,haiku,real,full,yield_pnl,pp_yield,-0.0385,0.1464,-1.789
2025-05-31,haiku,real,full,yield_pnl,pp_yield,0.0,0.1464,-2.41
2025-06-30,haiku,real,full,yield_pnl,pp_yield,0.0,0.1464,-2.156
2025-07-31,haiku,real,full,yield_pnl,pp_yield,0.0,0.1464,-2.156
2025-08-31,haiku,real,full,yield_pnl,pp_yield,0.03,0.1764,-1.25
2025-09-30,haiku,real,full,yield_pnl,pp_yield,0.036,0.2124,-0.695
2025-10-31,haiku,real,full,yield_pnl,pp_yield,0.0,0.2124,-0.295
2025-11-30,haiku,real,full,yield_pnl,pp_yield,-0.01,0.2024,0.274
2025-12-31,haiku,real,full,yield_pnl,pp_yield,0.0,0.2024,0.274
2026-01-31,haiku,real,full,yield_pnl,pp_yield,0.0,0.2024,0.274
2026-02-28,haiku,real,full,yield_pnl,pp_yield,-0.02,0.1824,-0.037
2026-03-31,haiku,real,full,yield_pnl,pp_yield,-0.104,0.0784,-0.86
2026-04-30,haiku,real,full,yield_pnl,pp_yield,0.052,0.1304,-0.12
2026-05-31,haiku,real,full,yield_pnl,pp_yield,0.091,0.2214,0.463
2026-06-30,haiku,real,full,yield_pnl,pp_yield,0.0,0.2214,0.463
2016-01-31,haiku,real,conv,yield_pnl,pp_yield,-0.005,-0.005,
2016-03-31,haiku,real,conv,yield_pnl,pp_yield,0.0,-0.005,
2016-04-30,haiku,real,conv,yield_pnl,pp_yield,-0.051,-0.056,
2016-05-31,haiku,real,conv,yield_pnl,pp_yield,0.0,-0.056,
2016-06-30,haiku,real,conv,yield_pnl,pp_yield,0.0,-0.056,
2016-07-31,haiku,real,conv,yield_pnl,pp_yield,0.0,-0.056,
2016-08-31,haiku,real,conv,yield_pnl,pp_yield,0.065,0.009,
2016-09-30,haiku,real,conv,yield_pnl,pp_yield,0.0455,0.0545,
2016-10-31,haiku,real,conv,yield_pnl,pp_yield,0.0,0.0545,
2016-11-30,haiku,real,conv,yield_pnl,pp_yield,0.0035,0.058,
2016-12-31,haiku,real,conv,yield_pnl,pp_yield,0.0,0.058,
2017-01-31,haiku,real,conv,yield_pnl,pp_yield,0.0,0.058,0.597
2017-02-28,haiku,real,conv,yield_pnl,pp_yield,0.0,0.058,0.651
2017-03-31,haiku,real,conv,yield_pnl,pp_yield,0.03,0.088,0.934
2017-04-30,haiku,real,conv,yield_pnl,pp_yield,0.0,0.088,1.863
2017-05-31,haiku,real,conv,yield_pnl,pp_yield,0.0,0.088,1.863
2017-06-30,haiku,real,conv,yield_pnl,pp_yield,0.0,0.088,1.863
2017-07-31,haiku,real,conv,yield_pnl,pp_yield,0.0,0.088,1.863
2017-08-31,haiku,real,conv,yield_pnl,pp_yield,0.0,0.088,1.524
2017-09-30,haiku,real,conv,yield_pnl,pp_yield,-0.014,0.074,0.569
2017-10-31,haiku,real,conv,yield_pnl,pp_yield,0.0,0.074,0.569
2017-11-30,haiku,real,conv,yield_pnl,pp_yield,0.0,0.074,0.467
2017-12-31,haiku,real,conv,yield_pnl,pp_yield,0.0525,0.1265,1.115
2018-01-31,haiku,real,conv,yield_pnl,pp_yield,0.0,0.1265,1.115
2018-02-28,haiku,real,conv,yield_pnl,pp_yield,0.0,0.1265,1.115
2018-03-31,haiku,real,conv,yield_pnl,pp_yield,-0.078,0.0485,-0.401
2018-04-30,haiku,real,conv,yield_pnl,pp_yield,0.055,0.1035,0.135
2018-05-31,haiku,real,conv,yield_pnl,pp_yield,-0.02,0.0835,-0.039
2018-06-30,haiku,real,conv,yield_pnl,pp_yield,0.01,0.0935,0.047
2018-07-31,haiku,real,conv,yield_pnl,pp_yield,-0.022,0.0715,-0.138
2018-08-31,haiku,real,conv,yield_pnl,pp_yield,0.0,0.0715,-0.138
2018-09-30,haiku,real,conv,yield_pnl,pp_yield,0.0,0.0715,-0.021
2018-10-31,haiku,real,conv,yield_pnl,pp_yield,0.04,0.1115,0.3
2018-12-31,haiku,real,conv,yield_pnl,pp_yield,-0.091,0.0205,-0.342
2019-01-31,haiku,real,conv,yield_pnl,pp_yield,0.055,0.0755,-0.324
2019-02-28,haiku,real,conv,yield_pnl,pp_yield,-0.042,0.0335,-0.574
2019-03-31,haiku,real,conv,yield_pnl,pp_yield,0.0,0.0335,-0.574
2019-04-30,haiku,real,conv,yield_pnl,pp_yield,0.1155,0.149,0.545
2019-05-31,haiku,real,conv,yield_pnl,pp_yield,0.0175,0.1665,0.354
2019-06-30,haiku,real,conv,yield_pnl,pp_yield,-0.07,0.0965,0.068
2019-07-31,haiku,real,conv,yield_pnl,pp_yield,0.0,0.0965,0.016
2019-08-31,haiku,real,conv,yield_pnl,pp_yield,0.0,0.0965,0.131
2019-09-30,haiku,real,conv,yield_pnl,pp_yield,0.0035,0.1,0.15
2019-10-31,haiku,real,conv,yield_pnl,pp_yield,-0.07,0.03,-0.204
2019-11-30,haiku,real,conv,yield_pnl,pp_yield,0.0,0.03,-0.411
2019-12-31,haiku,real,conv,yield_pnl,pp_yield,0.0,0.03,0.054
2020-01-31,haiku,real,conv,yield_pnl,pp_yield,0.0,0.03,-0.275
2020-02-29,haiku,real,conv,yield_pnl,pp_yield,0.351,0.381,0.9
2020-03-31,haiku,real,conv,yield_pnl,pp_yield,-0.1,0.281,0.609
2020-05-31,haiku,real,conv,yield_pnl,pp_yield,-0.1045,0.1765,0.067
2020-06-30,haiku,real,conv,yield_pnl,pp_yield,0.0,0.1765,0.024
2020-07-31,haiku,real,conv,yield_pnl,pp_yield,0.0,0.1765,0.199
2020-08-31,haiku,real,conv,yield_pnl,pp_yield,-0.0595,0.117,0.05
2020-09-30,haiku,real,conv,yield_pnl,pp_yield,0.0,0.117,0.05
2020-10-31,haiku,real,conv,yield_pnl,pp_yield,0.0,0.117,0.042
2020-11-30,haiku,real,conv,yield_pnl,pp_yield,0.132,0.249,0.522
2020-12-31,haiku,real,conv,yield_pnl,pp_yield,0.0,0.249,0.522
2021-01-31,haiku,real,conv,yield_pnl,pp_yield,0.012,0.261,0.552
2021-02-28,haiku,real,conv,yield_pnl,pp_yield,-0.22,0.041,0.023
2021-03-31,haiku,real,conv,yield_pnl,pp_yield,0.016,0.057,-1.084
2021-04-30,haiku,real,conv,yield_pnl,pp_yield,0.0,0.057,-0.775
2021-05-31,haiku,real,conv,yield_pnl,pp_yield,0.0,0.057,-0.437
2021-06-30,haiku,real,conv,yield_pnl,pp_yield,0.0,0.057,-0.437
2021-08-31,haiku,real,conv,yield_pnl,pp_yield,0.0,0.057,-0.437
2021-09-30,haiku,real,conv,yield_pnl,pp_yield,0.035,0.092,-0.092
2021-10-31,haiku,real,conv,yield_pnl,pp_yield,0.0,0.092,-0.092
2021-11-30,haiku,real,conv,yield_pnl,pp_yield,0.0,0.092,-0.092
2021-12-31,haiku,real,conv,yield_pnl,pp_yield,-0.042,0.05,-0.865
2022-01-31,haiku,real,conv,yield_pnl,pp_yield,-0.117,-0.067,-1.265
2022-02-28,haiku,real,conv,yield_pnl,pp_yield,0.066,-0.001,-0.992
2022-03-31,haiku,real,conv,yield_pnl,pp_yield,0.0,-0.001,-0.277
2022-04-30,haiku,real,conv,yield_pnl,pp_yield,-0.084,-0.085,-0.837
2022-05-31,haiku,real,conv,yield_pnl,pp_yield,0.0,-0.085,-0.837
2022-06-30,haiku,real,conv,yield_pnl,pp_yield,0.0,-0.085,-0.837
2022-07-31,haiku,real,conv,yield_pnl,pp_yield,0.0,-0.085,-0.837
2022-08-31,haiku,real,conv,yield_pnl,pp_yield,0.1815,0.0965,0.153
2022-09-30,haiku,real,conv,yield_pnl,pp_yield,-0.1295,-0.033,-0.436
2022-10-31,haiku,real,conv,yield_pnl,pp_yield,0.0,-0.033,-0.436
2022-11-30,haiku,real,conv,yield_pnl,pp_yield,0.0,-0.033,-0.436
2022-12-31,haiku,real,conv,yield_pnl,pp_yield,0.018,-0.015,-0.228
2023-01-31,haiku,real,conv,yield_pnl,pp_yield,0.0,-0.015,0.201
2023-02-28,haiku,real,conv,yield_pnl,pp_yield,0.0,-0.015,-0.056
2023-03-31,haiku,real,conv,yield_pnl,pp_yield,0.084,0.069,0.265
2023-04-30,haiku,real,conv,yield_pnl,pp_yield,0.0,0.069,0.628
2023-05-31,haiku,real,conv,yield_pnl,pp_yield,-0.014,0.055,0.568
2023-06-30,haiku,real,conv,yield_pnl,pp_yield,0.0,0.055,0.568
2023-07-31,haiku,real,conv,yield_pnl,pp_yield,0.078,0.133,0.856
2023-08-31,haiku,real,conv,yield_pnl,pp_yield,-0.0715,0.0615,-0.178
2023-09-30,haiku,real,conv,yield_pnl,pp_yield,0.0455,0.107,0.967
2023-10-31,haiku,real,conv,yield_pnl,pp_yield,0.0665,0.1735,1.342
2023-11-30,haiku,real,conv,yield_pnl,pp_yield,0.035,0.2085,1.572
2023-12-31,haiku,real,conv,yield_pnl,pp_yield,0.025,0.2335,1.617
2024-01-31,haiku,real,conv,yield_pnl,pp_yield,0.0,0.2335,1.617
2024-02-29,haiku,real,conv,yield_pnl,pp_yield,0.0,0.2335,1.617
2024-03-31,haiku,real,conv,yield_pnl,pp_yield,0.0,0.2335,1.191
2024-04-30,haiku,real,conv,yield_pnl,pp_yield,-0.021,0.2125,1.011
2024-05-31,haiku,real,conv,yield_pnl,pp_yield,-0.07,0.1425,0.538
2024-06-30,haiku,real,conv,yield_pnl,pp_yield,0.024,0.1665,0.683
2024-07-31,haiku,real,conv,yield_pnl,pp_yield,0.0,0.1665,0.231
2024-08-31,haiku,real,conv,yield_pnl,pp_yield,-0.0135,0.153,0.747
2024-09-30,haiku,real,conv,yield_pnl,pp_yield,0.0,0.153,0.399
2024-10-31,haiku,real,conv,yield_pnl,pp_yield,0.0,0.153,-0.221
2024-11-30,haiku,real,conv,yield_pnl,pp_yield,-0.028,0.125,-0.961
2024-12-31,haiku,real,conv,yield_pnl,pp_yield,0.028,0.153,-0.913
2025-01-31,haiku,real,conv,yield_pnl,pp_yield,-0.022,0.131,-1.151
2025-02-28,haiku,real,conv,yield_pnl,pp_yield,0.0,0.131,-1.151
2025-03-31,haiku,real,conv,yield_pnl,pp_yield,0.0,0.131,-1.151
2025-04-30,haiku,real,conv,yield_pnl,pp_yield,0.0,0.131,-0.922
2025-05-31,haiku,real,conv,yield_pnl,pp_yield,0.0,0.131,-0.208
2025-07-31,haiku,real,conv,yield_pnl,pp_yield,-0.009,0.122,-0.919
2025-08-31,haiku,real,conv,yield_pnl,pp_yield,0.025,0.147,-0.346
2025-09-30,haiku,real,conv,yield_pnl,pp_yield,0.0,0.147,-0.109
2025-10-31,haiku,real,conv,yield_pnl,pp_yield,0.028,0.175,0.356
2025-11-30,haiku,real,conv,yield_pnl,pp_yield,0.0,0.175,0.356
2025-12-31,haiku,real,conv,yield_pnl,pp_yield,0.0,0.175,0.948
2026-01-31,haiku,real,conv,yield_pnl,pp_yield,0.0,0.175,0.479
2026-02-28,haiku,real,conv,yield_pnl,pp_yield,0.0,0.175,1.156
2026-03-31,haiku,real,conv,yield_pnl,pp_yield,0.0,0.175,1.156
2026-04-30,haiku,real,conv,yield_pnl,pp_yield,-0.032,0.143,0.23
2026-05-31,haiku,real,conv,yield_pnl,pp_yield,-0.063,0.08,-0.617
2026-06-30,haiku,real,conv,yield_pnl,pp_yield,0.0,0.08,-0.617
2016-01-31,haiku,real,raw,yield_pnl,pp_yield,-0.0075,-0.0075,
2016-02-29,haiku,real,raw,yield_pnl,pp_yield,-0.12,-0.1275,
2016-03-31,haiku,real,raw,yield_pnl,pp_yield,-0.036,-0.1635,
2016-04-30,haiku,real,raw,yield_pnl,pp_yield,0.102,-0.0615,
2016-05-31,haiku,real,raw,yield_pnl,pp_yield,0.098,0.0365,
2016-06-30,haiku,real,raw,yield_pnl,pp_yield,-0.072,-0.0355,
2016-07-31,haiku,real,raw,yield_pnl,pp_yield,0.01,-0.0255,
2016-08-31,haiku,real,raw,yield_pnl,pp_yield,-0.104,-0.1295,
2016-09-30,haiku,real,raw,yield_pnl,pp_yield,0.065,-0.0645,
2016-10-31,haiku,real,raw,yield_pnl,pp_yield,0.063,-0.0015,
2016-11-30,haiku,real,raw,yield_pnl,pp_yield,0.003,0.0015,
2016-12-31,haiku,real,raw,yield_pnl,pp_yield,0.0,0.0015,0.006
2017-01-31,haiku,real,raw,yield_pnl,pp_yield,0.021,0.0225,0.117
2017-02-28,haiku,real,raw,yield_pnl,pp_yield,-0.01,0.0125,0.635
2017-03-31,haiku,real,raw,yield_pnl,pp_yield,0.03,0.0425,0.96
2017-04-30,haiku,real,raw,yield_pnl,pp_yield,0.066,0.1085,0.843
2017-05-31,haiku,real,raw,yield_pnl,pp_yield,0.052,0.1605,0.669
2017-06-30,haiku,real,raw,yield_pnl,pp_yield,-0.054,0.1065,0.8
2017-07-31,haiku,real,raw,yield_pnl,pp_yield,0.03,0.1365,0.908
2017-08-31,haiku,real,raw,yield_pnl,pp_yield,-0.048,0.0885,1.52
2017-09-30,haiku,real,raw,yield_pnl,pp_yield,-0.02,0.0685,0.962
2017-10-31,haiku,real,raw,yield_pnl,pp_yield,-0.02,0.0485,0.388
2017-12-31,haiku,real,raw,yield_pnl,pp_yield,-0.105,-0.0565,-0.343
2018-01-31,haiku,real,raw,yield_pnl,pp_yield,0.005,-0.0515,-0.313
2018-02-28,haiku,real,raw,yield_pnl,pp_yield,0.042,-0.0095,-0.184
2018-03-31,haiku,real,raw,yield_pnl,pp_yield,-0.042,-0.0515,-0.359
2018-04-30,haiku,real,raw,yield_pnl,pp_yield,-0.035,-0.0865,-0.733
2018-05-31,haiku,real,raw,yield_pnl,pp_yield,-0.032,-0.1185,-1.46
2018-06-30,haiku,real,raw,yield_pnl,pp_yield,-0.005,-0.1235,-2.082
2018-07-31,haiku,real,raw,yield_pnl,pp_yield,0.012,-0.1115,-1.599
2018-08-31,haiku,real,raw,yield_pnl,pp_yield,-0.036,-0.1475,-2.245
2018-09-30,haiku,real,raw,yield_pnl,pp_yield,0.027,-0.1205,-1.573
2018-10-31,haiku,real,raw,yield_pnl,pp_yield,0.048,-0.0725,-0.953
2018-11-30,haiku,real,raw,yield_pnl,pp_yield,-0.078,-0.1505,-1.227
2018-12-31,haiku,real,raw,yield_pnl,pp_yield,0.0,-0.1505,-0.719
2019-01-31,haiku,real,raw,yield_pnl,pp_yield,-0.06,-0.2105,-1.139
2019-02-28,haiku,real,raw,yield_pnl,pp_yield,0.0455,-0.165,-1.102
2019-03-31,haiku,real,raw,yield_pnl,pp_yield,-0.042,-0.207,-1.102
2019-04-30,haiku,real,raw,yield_pnl,pp_yield,0.126,-0.081,0.028
2019-05-31,haiku,real,raw,yield_pnl,pp_yield,0.0,-0.081,0.195
2019-06-30,haiku,real,raw,yield_pnl,pp_yield,0.035,-0.046,0.399
2019-07-31,haiku,real,raw,yield_pnl,pp_yield,0.126,0.08,0.839
2019-08-31,haiku,real,raw,yield_pnl,pp_yield,0.0,0.08,1.024
2019-09-30,haiku,real,raw,yield_pnl,pp_yield,-0.006,0.074,0.871
2019-10-31,haiku,real,raw,yield_pnl,pp_yield,-0.042,0.032,0.46
2019-11-30,haiku,real,raw,yield_pnl,pp_yield,-0.08,-0.048,0.449
2019-12-31,haiku,real,raw,yield_pnl,pp_yield,0.0,-0.048,0.449
2020-01-31,haiku,real,raw,yield_pnl,pp_yield,0.168,0.12,1.25
2020-02-29,haiku,real,raw,yield_pnl,pp_yield,0.324,0.444,1.53
2020-03-31,haiku,real,raw,yield_pnl,pp_yield,-0.07,0.374,1.431
2020-04-30,haiku,real,raw,yield_pnl,pp_yield,-0.052,0.322,0.988
2020-05-31,haiku,real,raw,yield_pnl,pp_yield,-0.19,0.132,0.458
2020-06-30,haiku,real,raw,yield_pnl,pp_yield,-0.084,0.048,0.198
2020-07-31,haiku,real,raw,yield_pnl,pp_yield,-0.1625,-0.1145,-0.401
2020-08-31,haiku,real,raw,yield_pnl,pp_yield,-0.0425,-0.157,-0.489
2020-09-30,haiku,real,raw,yield_pnl,pp_yield,-0.049,-0.206,-0.577
2020-10-31,haiku,real,raw,yield_pnl,pp_yield,0.0,-0.206,-0.49
2020-11-30,haiku,real,raw,yield_pnl,pp_yield,-0.132,-0.338,-0.585
2020-12-31,haiku,real,raw,yield_pnl,pp_yield,-0.07,-0.408,-0.725
2021-01-31,haiku,real,raw,yield_pnl,pp_yield,-0.015,-0.423,-1.211
2021-02-28,haiku,real,raw,yield_pnl,pp_yield,-0.154,-0.577,-4.841
2021-03-31,haiku,real,raw,yield_pnl,pp_yield,-0.026,-0.603,-4.466
2021-04-30,haiku,real,raw,yield_pnl,pp_yield,0.0035,-0.5995,-3.947
2021-05-31,haiku,real,raw,yield_pnl,pp_yield,0.0,-0.5995,-3.5
2021-06-30,haiku,real,raw,yield_pnl,pp_yield,-0.04,-0.6395,-3.3
2021-07-31,haiku,real,raw,yield_pnl,pp_yield,0.0245,-0.615,-2.659
2021-08-31,haiku,real,raw,yield_pnl,pp_yield,-0.01,-0.625,-2.452
2021-09-30,haiku,real,raw,yield_pnl,pp_yield,-0.056,-0.681,-2.481
2021-10-31,haiku,real,raw,yield_pnl,pp_yield,0.005,-0.676,-2.44
2021-11-30,haiku,real,raw,yield_pnl,pp_yield,0.033,-0.643,-1.735
2021-12-31,haiku,real,raw,yield_pnl,pp_yield,0.072,-0.571,-0.845
2022-01-31,haiku,real,raw,yield_pnl,pp_yield,-0.117,-0.688,-1.21
2022-02-28,haiku,real,raw,yield_pnl,pp_yield,-0.088,-0.776,-1.09
2022-03-31,haiku,real,raw,yield_pnl,pp_yield,-0.028,-0.804,-1.1
2022-04-30,haiku,real,raw,yield_pnl,pp_yield,0.144,-0.66,-0.248
2022-05-31,haiku,real,raw,yield_pnl,pp_yield,0.155,-0.505,0.324
2022-06-30,haiku,real,raw,yield_pnl,pp_yield,-0.15,-0.655,-0.047
2022-07-31,haiku,real,raw,yield_pnl,pp_yield,0.03,-0.625,-0.03
2022-08-31,haiku,real,raw,yield_pnl,pp_yield,0.132,-0.493,0.371
2022-09-30,haiku,real,raw,yield_pnl,pp_yield,-0.148,-0.641,0.104
2022-10-31,haiku,real,raw,yield_pnl,pp_yield,0.0,-0.641,0.091
2022-11-30,haiku,real,raw,yield_pnl,pp_yield,0.022,-0.619,0.062
2022-12-31,haiku,real,raw,yield_pnl,pp_yield,0.036,-0.583,-0.032
2023-01-31,haiku,real,raw,yield_pnl,pp_yield,-0.114,-0.697,-0.024
2023-02-28,haiku,real,raw,yield_pnl,pp_yield,-0.033,-0.73,0.125
2023-03-31,haiku,real,raw,yield_pnl,pp_yield,0.112,-0.618,0.488
2023-04-30,haiku,real,raw,yield_pnl,pp_yield,0.0,-0.618,0.119
2023-05-31,haiku,real,raw,yield_pnl,pp_yield,0.0,-0.618,-0.36
2023-06-30,haiku,real,raw,yield_pnl,pp_yield,-0.0975,-0.7155,-0.208
2023-07-31,haiku,real,raw,yield_pnl,pp_yield,0.065,-0.6505,-0.086
2023-08-31,haiku,real,raw,yield_pnl,pp_yield,0.0715,-0.579,-0.315
2023-09-30,haiku,real,raw,yield_pnl,pp_yield,-0.042,-0.621,0.087
2023-10-31,haiku,real,raw,yield_pnl,pp_yield,0.057,-0.564,0.324
2023-11-30,haiku,real,raw,yield_pnl,pp_yield,0.042,-0.522,0.404
2023-12-31,haiku,real,raw,yield_pnl,pp_yield,-0.06,-0.582,0.004
2024-01-31,haiku,real,raw,yield_pnl,pp_yield,-0.042,-0.624,0.333
2024-02-29,haiku,real,raw,yield_pnl,pp_yield,0.004,-0.62,0.511
2024-03-31,haiku,real,raw,yield_pnl,pp_yield,-0.054,-0.674,-0.292
2024-04-30,haiku,real,raw,yield_pnl,pp_yield,0.039,-0.635,-0.086
2024-05-31,haiku,real,raw,yield_pnl,pp_yield,0.042,-0.593,0.124
2024-06-30,haiku,real,raw,yield_pnl,pp_yield,0.0,-0.593,0.721
2024-07-31,haiku,real,raw,yield_pnl,pp_yield,0.063,-0.53,0.712
2024-08-31,haiku,real,raw,yield_pnl,pp_yield,-0.0195,-0.5495,0.188
2024-09-30,haiku,real,raw,yield_pnl,pp_yield,-0.09,-0.6395,-0.104
2024-10-31,haiku,real,raw,yield_pnl,pp_yield,-0.0245,-0.664,-0.599
2024-11-30,haiku,real,raw,yield_pnl,pp_yield,-0.04,-0.704,-1.137
2024-12-31,haiku,real,raw,yield_pnl,pp_yield,0.028,-0.676,-0.598
2025-01-31,haiku,real,raw,yield_pnl,pp_yield,0.02,-0.656,-0.207
2025-02-28,haiku,real,raw,yield_pnl,pp_yield,0.0,-0.656,-0.233
2025-03-31,haiku,real,raw,yield_pnl,pp_yield,0.045,-0.611,0.418
2025-04-30,haiku,real,raw,yield_pnl,pp_yield,-0.0715,-0.6825,-0.29
2025-05-31,haiku,real,raw,yield_pnl,pp_yield,0.02,-0.6625,-0.439
2025-06-30,haiku,real,raw,yield_pnl,pp_yield,-0.05,-0.7125,-0.728
2025-07-31,haiku,real,raw,yield_pnl,pp_yield,-0.01,-0.7225,-1.34
2025-08-31,haiku,real,raw,yield_pnl,pp_yield,0.0325,-0.69,-0.928
2025-09-30,haiku,real,raw,yield_pnl,pp_yield,-0.021,-0.711,-0.567
2025-10-31,haiku,real,raw,yield_pnl,pp_yield,0.042,-0.669,-0.038
2025-11-30,haiku,real,raw,yield_pnl,pp_yield,-0.018,-0.687,0.133
2025-12-31,haiku,real,raw,yield_pnl,pp_yield,0.0,-0.687,-0.089
2026-01-31,haiku,real,raw,yield_pnl,pp_yield,0.044,-0.643,0.1
2026-02-28,haiku,real,raw,yield_pnl,pp_yield,-0.035,-0.678,-0.162
2026-03-31,haiku,real,raw,yield_pnl,pp_yield,-0.096,-0.774,-1.056
2026-04-30,haiku,real,raw,yield_pnl,pp_yield,0.04,-0.734,-0.346
2026-05-31,haiku,real,raw,yield_pnl,pp_yield,0.084,-0.65,0.073
2026-06-30,haiku,real,raw,yield_pnl,pp_yield,0.007,-0.643,0.426
2016-01-31,haiku,real,mech,yield_pnl,pp_yield,-0.01,-0.01,
2016-02-29,haiku,real,mech,yield_pnl,pp_yield,-0.2,-0.21,
2016-03-31,haiku,real,mech,yield_pnl,pp_yield,0.09,-0.12,
2016-04-30,haiku,real,mech,yield_pnl,pp_yield,-0.17,-0.29,
2016-05-31,haiku,real,mech,yield_pnl,pp_yield,0.14,-0.15,
2016-06-30,haiku,real,mech,yield_pnl,pp_yield,0.0,-0.15,
2016-07-31,haiku,real,mech,yield_pnl,pp_yield,0.02,-0.13,
2016-08-31,haiku,real,mech,yield_pnl,pp_yield,0.13,0.0,
2016-09-30,haiku,real,mech,yield_pnl,pp_yield,-0.13,-0.13,
2016-10-31,haiku,real,mech,yield_pnl,pp_yield,0.21,0.08,
2016-11-30,haiku,real,mech,yield_pnl,pp_yield,0.01,0.09,
2016-12-31,haiku,real,mech,yield_pnl,pp_yield,0.1,0.19,0.426
2017-01-31,haiku,real,mech,yield_pnl,pp_yield,-0.03,0.16,0.38
2017-02-28,haiku,real,mech,yield_pnl,pp_yield,-0.05,0.11,0.819
2017-03-31,haiku,real,mech,yield_pnl,pp_yield,-0.05,0.06,0.46
2017-04-30,haiku,real,mech,yield_pnl,pp_yield,0.0,0.06,1.041
2017-05-31,haiku,real,mech,yield_pnl,pp_yield,0.08,0.14,0.907
2017-06-30,haiku,real,mech,yield_pnl,pp_yield,-0.09,0.05,0.59
2017-07-31,haiku,real,mech,yield_pnl,pp_yield,0.06,0.11,0.702
2017-08-31,haiku,real,mech,yield_pnl,pp_yield,-0.08,0.03,0.09
2017-09-30,haiku,real,mech,yield_pnl,pp_yield,-0.04,-0.01,0.394
2017-10-31,haiku,real,mech,yield_pnl,pp_yield,0.0,-0.01,-0.423
2017-11-30,haiku,real,mech,yield_pnl,pp_yield,0.1,0.09,0.0
2017-12-31,haiku,real,mech,yield_pnl,pp_yield,0.15,0.24,0.189
2018-01-31,haiku,real,mech,yield_pnl,pp_yield,0.01,0.25,0.343
2018-02-28,haiku,real,mech,yield_pnl,pp_yield,0.07,0.32,0.805
2018-03-31,haiku,real,mech,yield_pnl,pp_yield,-0.12,0.2,0.485
2018-04-30,haiku,real,mech,yield_pnl,pp_yield,-0.1,0.1,0.129
2018-05-31,haiku,real,mech,yield_pnl,pp_yield,0.0,0.1,-0.134
2018-06-30,haiku,real,mech,yield_pnl,pp_yield,0.01,0.11,0.212
2018-07-31,haiku,real,mech,yield_pnl,pp_yield,0.04,0.15,0.143
2018-08-31,haiku,real,mech,yield_pnl,pp_yield,0.06,0.21,0.67
2018-09-30,haiku,real,mech,yield_pnl,pp_yield,0.09,0.3,1.144
2018-10-31,haiku,real,mech,yield_pnl,pp_yield,0.0,0.3,1.144
2018-11-30,haiku,real,mech,yield_pnl,pp_yield,0.26,0.56,1.33
2018-12-31,haiku,real,mech,yield_pnl,pp_yield,-0.14,0.42,0.483
2019-01-31,haiku,real,mech,yield_pnl,pp_yield,0.1,0.52,0.707
2019-02-28,haiku,real,mech,yield_pnl,pp_yield,-0.07,0.45,0.334
2019-03-31,haiku,real,mech,yield_pnl,pp_yield,0.07,0.52,0.878
2019-04-30,haiku,real,mech,yield_pnl,pp_yield,0.21,0.73,1.664
2019-05-31,haiku,real,mech,yield_pnl,pp_yield,-0.05,0.68,1.49
2019-06-30,haiku,real,mech,yield_pnl,pp_yield,-0.07,0.61,1.232
2019-07-31,haiku,real,mech,yield_pnl,pp_yield,0.0,0.61,1.128
2019-08-31,haiku,real,mech,yield_pnl,pp_yield,0.0,0.61,0.978
2019-09-30,haiku,real,mech,yield_pnl,pp_yield,0.01,0.62,0.791
2019-10-31,haiku,real,mech,yield_pnl,pp_yield,-0.07,0.55,0.602
2019-11-30,haiku,real,mech,yield_pnl,pp_yield,0.16,0.71,0.415
2019-12-31,haiku,real,mech,yield_pnl,pp_yield,-0.12,0.59,0.482
2020-01-31,haiku,real,mech,yield_pnl,pp_yield,0.24,0.83,0.752
2020-02-29,haiku,real,mech,yield_pnl,pp_yield,0.54,1.37,1.429
2020-03-31,haiku,real,mech,yield_pnl,pp_yield,-0.2,1.17,0.927
2020-04-30,haiku,real,mech,yield_pnl,pp_yield,-0.08,1.09,0.521
2020-05-31,haiku,real,mech,yield_pnl,pp_yield,-0.19,0.9,0.305
2020-06-30,haiku,real,mech,yield_pnl,pp_yield,-0.21,0.69,0.106
2020-07-31,haiku,real,mech,yield_pnl,pp_yield,0.25,0.94,0.417
2020-08-31,haiku,real,mech,yield_pnl,pp_yield,-0.17,0.77,0.196
2020-09-30,haiku,real,mech,yield_pnl,pp_yield,0.07,0.84,0.269
2020-10-31,haiku,real,mech,yield_pnl,pp_yield,-0.07,0.77,0.269
2020-11-30,haiku,real,mech,yield_pnl,pp_yield,0.22,0.99,0.337
2020-12-31,haiku,real,mech,yield_pnl,pp_yield,0.14,1.13,0.656
2021-01-31,haiku,real,mech,yield_pnl,pp_yield,0.02,1.15,0.403
2021-02-28,haiku,real,mech,yield_pnl,pp_yield,-0.22,0.93,-0.735
2021-03-31,haiku,real,mech,yield_pnl,pp_yield,0.04,0.97,-0.348
2021-04-30,haiku,real,mech,yield_pnl,pp_yield,0.01,0.98,-0.193
2021-05-31,haiku,real,mech,yield_pnl,pp_yield,-0.1,0.88,-0.037
2021-06-30,haiku,real,mech,yield_pnl,pp_yield,-0.08,0.8,0.217
2021-07-31,haiku,real,mech,yield_pnl,pp_yield,0.07,0.87,-0.159
2021-08-31,haiku,real,mech,yield_pnl,pp_yield,-0.04,0.83,0.148
2021-09-30,haiku,real,mech,yield_pnl,pp_yield,0.14,0.97,0.307
2021-10-31,haiku,real,mech,yield_pnl,pp_yield,0.01,0.98,0.507
2021-11-30,haiku,real,mech,yield_pnl,pp_yield,0.06,1.04,0.14
2021-12-31,haiku,real,mech,yield_pnl,pp_yield,-0.12,0.92,-0.613
2022-01-31,haiku,real,mech,yield_pnl,pp_yield,0.18,1.1,-0.127
2022-02-28,haiku,real,mech,yield_pnl,pp_yield,0.22,1.32,1.034
2022-03-31,haiku,real,mech,yield_pnl,pp_yield,-0.04,1.28,0.808
2022-04-30,haiku,real,mech,yield_pnl,pp_yield,0.24,1.52,1.231
2022-05-31,haiku,real,mech,yield_pnl,pp_yield,0.31,1.83,1.978
2022-06-30,haiku,real,mech,yield_pnl,pp_yield,0.2,2.03,2.672
2022-07-31,haiku,real,mech,yield_pnl,pp_yield,0.05,2.08,2.617
2022-08-31,haiku,real,mech,yield_pnl,pp_yield,0.33,2.41,3.246
2022-09-30,haiku,real,mech,yield_pnl,pp_yield,-0.37,2.04,1.532
2022-10-31,haiku,real,mech,yield_pnl,pp_yield,0.18,2.22,1.776
2022-11-30,haiku,real,mech,yield_pnl,pp_yield,-0.04,2.18,1.601
2022-12-31,haiku,real,mech,yield_pnl,pp_yield,0.06,2.24,1.958
2023-01-31,haiku,real,mech,yield_pnl,pp_yield,-0.19,2.05,1.299
2023-02-28,haiku,real,mech,yield_pnl,pp_yield,0.11,2.16,1.172
2023-03-31,haiku,real,mech,yield_pnl,pp_yield,0.14,2.3,1.439
2023-04-30,haiku,real,mech,yield_pnl,pp_yield,0.0,2.3,1.127
2023-05-31,haiku,real,mech,yield_pnl,pp_yield,-0.04,2.26,0.668
2023-06-30,haiku,real,mech,yield_pnl,pp_yield,-0.15,2.11,0.125
2023-07-31,haiku,real,mech,yield_pnl,pp_yield,-0.13,1.98,-0.153
2023-08-31,haiku,real,mech,yield_pnl,pp_yield,-0.11,1.87,-0.993
2023-09-30,haiku,real,mech,yield_pnl,pp_yield,0.07,1.94,-0.237
2023-10-31,haiku,real,mech,yield_pnl,pp_yield,0.19,2.13,-0.211
2023-11-30,haiku,real,mech,yield_pnl,pp_yield,0.07,2.2,0.046
2023-12-31,haiku,real,mech,yield_pnl,pp_yield,-0.1,2.1,-0.32
2024-01-31,haiku,real,mech,yield_pnl,pp_yield,-0.07,2.03,-0.05
2024-02-29,haiku,real,mech,yield_pnl,pp_yield,0.01,2.04,-0.316
2024-03-31,haiku,real,mech,yield_pnl,pp_yield,-0.09,1.95,-1.002
2024-04-30,haiku,real,mech,yield_pnl,pp_yield,0.06,2.01,-0.806
2024-05-31,haiku,real,mech,yield_pnl,pp_yield,0.07,2.08,-0.485
2024-06-30,haiku,real,mech,yield_pnl,pp_yield,0.04,2.12,0.029
2024-07-31,haiku,real,mech,yield_pnl,pp_yield,0.09,2.21,0.715
2024-08-31,haiku,real,mech,yield_pnl,pp_yield,-0.03,2.18,1.049
2024-09-30,haiku,real,mech,yield_pnl,pp_yield,-0.15,2.03,0.266
2024-10-31,haiku,real,mech,yield_pnl,pp_yield,-0.07,1.96,-0.606
2024-11-30,haiku,real,mech,yield_pnl,pp_yield,0.0,1.96,-0.903
2024-12-31,haiku,real,mech,yield_pnl,pp_yield,0.08,2.04,-0.224
2025-01-31,haiku,real,mech,yield_pnl,pp_yield,-0.04,2.0,-0.115
2025-02-28,haiku,real,mech,yield_pnl,pp_yield,0.0,2.0,-0.153
2025-03-31,haiku,real,mech,yield_pnl,pp_yield,0.15,2.15,0.706
2025-04-30,haiku,real,mech,yield_pnl,pp_yield,0.0,2.15,0.5
2025-05-31,haiku,real,mech,yield_pnl,pp_yield,0.0,2.15,0.257
2025-06-30,haiku,real,mech,yield_pnl,pp_yield,0.0,2.15,0.111
2025-07-31,haiku,real,mech,yield_pnl,pp_yield,0.02,2.17,-0.158
2025-08-31,haiku,real,mech,yield_pnl,pp_yield,0.05,2.22,0.155
2025-09-30,haiku,real,mech,yield_pnl,pp_yield,0.06,2.28,1.25
2025-10-31,haiku,real,mech,yield_pnl,pp_yield,0.07,2.35,2.184
2025-11-30,haiku,real,mech,yield_pnl,pp_yield,-0.02,2.33,2.016
2025-12-31,haiku,real,mech,yield_pnl,pp_yield,-0.11,2.22,0.81
2026-01-31,haiku,real,mech,yield_pnl,pp_yield,0.11,2.33,1.421
2026-02-28,haiku,real,mech,yield_pnl,pp_yield,-0.05,2.28,1.149
2026-03-31,haiku,real,mech,yield_pnl,pp_yield,0.16,2.44,1.162
2026-04-30,haiku,real,mech,yield_pnl,pp_yield,0.08,2.52,1.457
2026-05-31,haiku,real,mech,yield_pnl,pp_yield,-0.14,2.38,0.752
2026-06-30,haiku,real,mech,yield_pnl,pp_yield,0.01,2.39,0.786
2016-01-31,haiku,composite_5pod,full,equal_vol_10pct,scaled_return,0.000382,0.000382,
2016-02-29,haiku,composite_5pod,full,equal_vol_10pct,scaled_return,0.00413,0.004512,
2016-03-31,haiku,composite_5pod,full,equal_vol_10pct,scaled_return,0.003145,0.007657,
2016-04-30,haiku,composite_5pod,full,equal_vol_10pct,scaled_return,0.005785,0.013441,
2016-05-31,haiku,composite_5pod,full,equal_vol_10pct,scaled_return,0.024143,0.037585,
2016-06-30,haiku,composite_5pod,full,equal_vol_10pct,scaled_return,0.006019,0.043603,
2016-07-31,haiku,composite_5pod,full,equal_vol_10pct,scaled_return,-0.016701,0.026902,
2016-08-31,haiku,composite_5pod,full,equal_vol_10pct,scaled_return,-0.003205,0.023697,
2016-09-30,haiku,composite_5pod,full,equal_vol_10pct,scaled_return,-0.002641,0.021056,
2016-10-31,haiku,composite_5pod,full,equal_vol_10pct,scaled_return,0.033573,0.054628,
2016-11-30,haiku,composite_5pod,full,equal_vol_10pct,scaled_return,-0.002099,0.052529,
2016-12-31,haiku,composite_5pod,full,equal_vol_10pct,scaled_return,-0.008531,0.043998,0.938
2017-01-31,haiku,composite_5pod,full,equal_vol_10pct,scaled_return,-0.008864,0.035134,0.716
2017-02-28,haiku,composite_5pod,full,equal_vol_10pct,scaled_return,0.003931,0.039065,0.712
2017-03-31,haiku,composite_5pod,full,equal_vol_10pct,scaled_return,-0.002985,0.03608,0.582
2017-04-30,haiku,composite_5pod,full,equal_vol_10pct,scaled_return,-0.006757,0.029322,0.321
2017-05-31,haiku,composite_5pod,full,equal_vol_10pct,scaled_return,-0.001472,0.02785,-0.227
2017-06-30,haiku,composite_5pod,full,equal_vol_10pct,scaled_return,-0.000123,0.027728,-0.376
2017-07-31,haiku,composite_5pod,full,equal_vol_10pct,scaled_return,0.010658,0.038385,0.286
2017-08-31,haiku,composite_5pod,full,equal_vol_10pct,scaled_return,-0.004575,0.03381,0.251
2017-09-30,haiku,composite_5pod,full,equal_vol_10pct,scaled_return,-0.010652,0.023158,0.05
2017-10-31,haiku,composite_5pod,full,equal_vol_10pct,scaled_return,-0.005637,0.01752,-1.792
2017-11-30,haiku,composite_5pod,full,equal_vol_10pct,scaled_return,0.006824,0.024345,-1.227
2017-12-31,haiku,composite_5pod,full,equal_vol_10pct,scaled_return,-0.010321,0.014024,-1.272
2018-01-31,haiku,composite_5pod,full,equal_vol_10pct,scaled_return,-0.002798,0.011226,-1.061
2018-02-28,haiku,composite_5pod,full,equal_vol_10pct,scaled_return,0.011426,0.022652,-0.639
2018-03-31,haiku,composite_5pod,full,equal_vol_10pct,scaled_return,0.002811,0.025462,-0.409
2018-04-30,haiku,composite_5pod,full,equal_vol_10pct,scaled_return,-0.005643,0.019819,-0.37
2018-05-31,haiku,composite_5pod,full,equal_vol_10pct,scaled_return,0.003996,0.023815,-0.154
2018-06-30,haiku,composite_5pod,full,equal_vol_10pct,scaled_return,0.002198,0.026013,-0.065
2018-07-31,haiku,composite_5pod,full,equal_vol_10pct,scaled_return,-0.005213,0.0208,-0.739
2018-08-31,haiku,composite_5pod,full,equal_vol_10pct,scaled_return,0.014722,0.035522,0.06
2018-09-30,haiku,composite_5pod,full,equal_vol_10pct,scaled_return,-0.004647,0.030876,0.291
2018-10-31,haiku,composite_5pod,full,equal_vol_10pct,scaled_return,0.000691,0.031567,0.548
2018-11-30,haiku,composite_5pod,full,equal_vol_10pct,scaled_return,-0.02215,0.009417,-0.442
2018-12-31,haiku,composite_5pod,full,equal_vol_10pct,scaled_return,-0.009775,-0.000358,-0.428
2019-01-31,haiku,composite_5pod,full,equal_vol_10pct,scaled_return,-0.017607,-0.017964,-0.78
2019-02-28,haiku,composite_5pod,full,equal_vol_10pct,scaled_return,0.021693,0.003729,-0.444
2019-03-31,haiku,composite_5pod,full,equal_vol_10pct,scaled_return,-0.002355,0.001374,-0.569
2019-04-30,haiku,composite_5pod,full,equal_vol_10pct,scaled_return,-0.016324,-0.01495,-0.779
2019-05-31,haiku,composite_5pod,full,equal_vol_10pct,scaled_return,-0.013391,-0.028341,-1.157
2019-06-30,haiku,composite_5pod,full,equal_vol_10pct,scaled_return,-0.001853,-0.030194,-1.26
2019-07-31,haiku,composite_5pod,full,equal_vol_10pct,scaled_return,0.003421,-0.026773,-1.05
2019-08-31,haiku,composite_5pod,full,equal_vol_10pct,scaled_return,-0.005791,-0.032564,-1.682
2019-09-30,haiku,composite_5pod,full,equal_vol_10pct,scaled_return,0.001184,-0.03138,-1.516
2019-10-31,haiku,composite_5pod,full,equal_vol_10pct,scaled_return,0.002384,-0.028997,-1.464
2019-11-30,haiku,composite_5pod,full,equal_vol_10pct,scaled_return,0.020254,-0.008743,-0.414
2019-12-31,haiku,composite_5pod,full,equal_vol_10pct,scaled_return,0.002871,-0.005872,-0.128
2020-01-31,haiku,composite_5pod,full,equal_vol_10pct,scaled_return,0.017417,0.011545,0.7
2020-02-29,haiku,composite_5pod,full,equal_vol_10pct,scaled_return,0.05413,0.065675,0.957
2020-03-31,haiku,composite_5pod,full,equal_vol_10pct,scaled_return,0.008671,0.074346,1.136
2020-04-30,haiku,composite_5pod,full,equal_vol_10pct,scaled_return,-0.003854,0.070492,1.409
2020-05-31,haiku,composite_5pod,full,equal_vol_10pct,scaled_return,-0.017385,0.053106,1.309
2020-06-30,haiku,composite_5pod,full,equal_vol_10pct,scaled_return,-0.000186,0.052921,1.341
2020-07-31,haiku,composite_5pod,full,equal_vol_10pct,scaled_return,-0.014932,0.037988,0.986
2020-08-31,haiku,composite_5pod,full,equal_vol_10pct,scaled_return,-0.015018,0.02297,0.816
2020-09-30,haiku,composite_5pod,full,equal_vol_10pct,scaled_return,0.011557,0.034527,0.966
2020-10-31,haiku,composite_5pod,full,equal_vol_10pct,scaled_return,-0.002973,0.031554,0.881
2020-11-30,haiku,composite_5pod,full,equal_vol_10pct,scaled_return,-0.029696,0.001859,0.142
2020-12-31,haiku,composite_5pod,full,equal_vol_10pct,scaled_return,-0.001447,0.000411,0.084
2021-01-31,haiku,composite_5pod,full,equal_vol_10pct,scaled_return,-0.003141,-0.00273,-0.197
2021-02-28,haiku,composite_5pod,full,equal_vol_10pct,scaled_return,0.017699,0.014969,-1.092
2021-03-31,haiku,composite_5pod,full,equal_vol_10pct,scaled_return,-0.000572,0.014397,-1.347
2021-04-30,haiku,composite_5pod,full,equal_vol_10pct,scaled_return,-0.008272,0.006125,-1.443
2021-05-31,haiku,composite_5pod,full,equal_vol_10pct,scaled_return,0.004633,0.010758,-0.972
2021-06-30,haiku,composite_5pod,full,equal_vol_10pct,scaled_return,0.013564,0.024322,-0.612
2021-07-31,haiku,composite_5pod,full,equal_vol_10pct,scaled_return,0.00871,0.033032,-0.108
2021-08-31,haiku,composite_5pod,full,equal_vol_10pct,scaled_return,-0.006574,0.026458,0.08
2021-09-30,haiku,composite_5pod,full,equal_vol_10pct,scaled_return,-0.003345,0.023113,-0.272
2021-10-31,haiku,composite_5pod,full,equal_vol_10pct,scaled_return,-0.012154,0.01096,-0.475
2021-11-30,haiku,composite_5pod,full,equal_vol_10pct,scaled_return,-0.003399,0.007561,0.183
2021-12-31,haiku,composite_5pod,full,equal_vol_10pct,scaled_return,-0.000328,0.007233,0.22
2022-01-31,haiku,composite_5pod,full,equal_vol_10pct,scaled_return,0.020785,0.028017,0.839
2022-02-28,haiku,composite_5pod,full,equal_vol_10pct,scaled_return,0.019959,0.047976,0.875
2022-03-31,haiku,composite_5pod,full,equal_vol_10pct,scaled_return,0.020279,0.068255,1.304
2022-04-30,haiku,composite_5pod,full,equal_vol_10pct,scaled_return,0.00544,0.073695,1.738
2022-05-31,haiku,composite_5pod,full,equal_vol_10pct,scaled_return,-0.022984,0.050711,0.827
2022-06-30,haiku,composite_5pod,full,equal_vol_10pct,scaled_return,-0.020124,0.030587,0.12
2022-07-31,haiku,composite_5pod,full,equal_vol_10pct,scaled_return,-0.018969,0.011617,-0.392
2022-08-31,haiku,composite_5pod,full,equal_vol_10pct,scaled_return,0.009579,0.021196,-0.095
2022-09-30,haiku,composite_5pod,full,equal_vol_10pct,scaled_return,0.010567,0.031763,0.153
2022-10-31,haiku,composite_5pod,full,equal_vol_10pct,scaled_return,-0.023436,0.008327,-0.044
2022-11-30,haiku,composite_5pod,full,equal_vol_10pct,scaled_return,0.013425,0.021751,0.23
2022-12-31,haiku,composite_5pod,full,equal_vol_10pct,scaled_return,0.011062,0.032813,0.41
2023-01-31,haiku,composite_5pod,full,equal_vol_10pct,scaled_return,-0.045875,-0.013062,-0.548
2023-02-28,haiku,composite_5pod,full,equal_vol_10pct,scaled_return,-0.020747,-0.033809,-1.134
2023-03-31,haiku,composite_5pod,full,equal_vol_10pct,scaled_return,-0.018938,-0.052747,-1.82
2023-04-30,haiku,composite_5pod,full,equal_vol_10pct,scaled_return,0.017092,-0.035655,-1.554
2023-05-31,haiku,composite_5pod,full,equal_vol_10pct,scaled_return,-0.008587,-0.044242,-1.382
2023-06-30,haiku,composite_5pod,full,equal_vol_10pct,scaled_return,0.003139,-0.041103,-1.052
2023-07-31,haiku,composite_5pod,full,equal_vol_10pct,scaled_return,-0.006107,-0.047209,-0.882
2023-08-31,haiku,composite_5pod,full,equal_vol_10pct,scaled_return,0.005656,-0.041554,-0.953
2023-09-30,haiku,composite_5pod,full,equal_vol_10pct,scaled_return,0.027311,-0.014242,-0.638
2023-10-31,haiku,composite_5pod,full,equal_vol_10pct,scaled_return,0.040718,0.026476,0.224
2023-11-30,haiku,composite_5pod,full,equal_vol_10pct,scaled_return,-0.012828,0.013648,-0.1
2023-12-31,haiku,composite_5pod,full,equal_vol_10pct,scaled_return,0.009259,0.022907,-0.123
2024-01-31,haiku,composite_5pod,full,equal_vol_10pct,scaled_return,-0.00462,0.018287,0.485
2024-02-29,haiku,composite_5pod,full,equal_vol_10pct,scaled_return,-0.006083,0.012204,0.762
2024-03-31,haiku,composite_5pod,full,equal_vol_10pct,scaled_return,0.019207,0.031411,1.487
2024-04-30,haiku,composite_5pod,full,equal_vol_10pct,scaled_return,0.001599,0.03301,1.233
2024-05-31,haiku,composite_5pod,full,equal_vol_10pct,scaled_return,0.003476,0.036486,1.507
2024-06-30,haiku,composite_5pod,full,equal_vol_10pct,scaled_return,-0.010715,0.025771,1.187
2024-07-31,haiku,composite_5pod,full,equal_vol_10pct,scaled_return,-0.006646,0.019125,1.175
2024-08-31,haiku,composite_5pod,full,equal_vol_10pct,scaled_return,-0.003769,0.015356,0.995
2024-09-30,haiku,composite_5pod,full,equal_vol_10pct,scaled_return,0.026112,0.041468,0.983
2024-10-31,haiku,composite_5pod,full,equal_vol_10pct,scaled_return,-0.007385,0.034083,0.182
2024-11-30,haiku,composite_5pod,full,equal_vol_10pct,scaled_return,-0.0167,0.017383,0.086
2024-12-31,haiku,composite_5pod,full,equal_vol_10pct,scaled_return,0.000463,0.017846,-0.12
2025-01-31,haiku,composite_5pod,full,equal_vol_10pct,scaled_return,-0.016875,0.000971,-0.383
2025-02-28,haiku,composite_5pod,full,equal_vol_10pct,scaled_return,0.007082,0.008052,-0.091
2025-03-31,haiku,composite_5pod,full,equal_vol_10pct,scaled_return,-0.012002,-0.003949,-0.852
2025-04-30,haiku,composite_5pod,full,equal_vol_10pct,scaled_return,-0.016484,-0.020433,-1.236
2025-05-31,haiku,composite_5pod,full,equal_vol_10pct,scaled_return,-0.01325,-0.033683,-1.627
2025-06-30,haiku,composite_5pod,full,equal_vol_10pct,scaled_return,0.009317,-0.024367,-1.108
2025-07-31,haiku,composite_5pod,full,equal_vol_10pct,scaled_return,-0.002836,-0.027203,-1.025
2025-08-31,haiku,composite_5pod,full,equal_vol_10pct,scaled_return,0.009999,-0.017204,-0.689
2025-09-30,haiku,composite_5pod,full,equal_vol_10pct,scaled_return,0.000403,-0.016801,-1.63
2025-10-31,haiku,composite_5pod,full,equal_vol_10pct,scaled_return,0.001046,-0.015755,-1.381
2025-11-30,haiku,composite_5pod,full,equal_vol_10pct,scaled_return,-0.002661,-0.018417,-1.072
2025-12-31,haiku,composite_5pod,full,equal_vol_10pct,scaled_return,-0.004558,-0.022975,-1.229
2026-01-31,haiku,composite_5pod,full,equal_vol_10pct,scaled_return,-0.013314,-0.036289,-1.172
2026-02-28,haiku,composite_5pod,full,equal_vol_10pct,scaled_return,0.009833,-0.026456,-1.05
2026-03-31,haiku,composite_5pod,full,equal_vol_10pct,scaled_return,-0.003556,-0.030012,-0.831
2026-04-30,haiku,composite_5pod,full,equal_vol_10pct,scaled_return,0.00034,-0.029672,-0.339
2026-05-31,haiku,composite_5pod,full,equal_vol_10pct,scaled_return,0.022381,-0.00729,0.818
2026-06-30,haiku,composite_5pod,full,equal_vol_10pct,scaled_return,0.009204,0.001913,0.816
2016-01-31,haiku,composite_5pod,conv,equal_vol_10pct,scaled_return,-0.002298,-0.002298,
2016-02-29,haiku,composite_5pod,conv,equal_vol_10pct,scaled_return,0.002858,0.00056,
2016-03-31,haiku,composite_5pod,conv,equal_vol_10pct,scaled_return,0.001899,0.002459,
2016-04-30,haiku,composite_5pod,conv,equal_vol_10pct,scaled_return,0.000343,0.002802,
2016-05-31,haiku,composite_5pod,conv,equal_vol_10pct,scaled_return,-0.003016,-0.000214,
2016-06-30,haiku,composite_5pod,conv,equal_vol_10pct,scaled_return,0.005014,0.0048,
2016-07-31,haiku,composite_5pod,conv,equal_vol_10pct,scaled_return,-0.019356,-0.014556,
2016-08-31,haiku,composite_5pod,conv,equal_vol_10pct,scaled_return,0.007569,-0.006987,
2016-09-30,haiku,composite_5pod,conv,equal_vol_10pct,scaled_return,0.005991,-0.000995,
2016-10-31,haiku,composite_5pod,conv,equal_vol_10pct,scaled_return,0.024677,0.023682,
2016-11-30,haiku,composite_5pod,conv,equal_vol_10pct,scaled_return,-0.004159,0.019524,
2016-12-31,haiku,composite_5pod,conv,equal_vol_10pct,scaled_return,0.000418,0.019941,0.572
2017-01-31,haiku,composite_5pod,conv,equal_vol_10pct,scaled_return,0.003387,0.023329,0.741
2017-02-28,haiku,composite_5pod,conv,equal_vol_10pct,scaled_return,0.007003,0.030332,0.852
2017-03-31,haiku,composite_5pod,conv,equal_vol_10pct,scaled_return,0.007834,0.038165,1.011
2017-04-30,haiku,composite_5pod,conv,equal_vol_10pct,scaled_return,0.001909,0.040074,1.058
2017-05-31,haiku,composite_5pod,conv,equal_vol_10pct,scaled_return,-0.004478,0.035596,1.007
2017-06-30,haiku,composite_5pod,conv,equal_vol_10pct,scaled_return,0.000396,0.035992,0.877
2017-07-31,haiku,composite_5pod,conv,equal_vol_10pct,scaled_return,0.003274,0.039266,2.045
2017-08-31,haiku,composite_5pod,conv,equal_vol_10pct,scaled_return,0.01056,0.049826,2.115
2017-09-30,haiku,composite_5pod,conv,equal_vol_10pct,scaled_return,-0.001968,0.047858,1.769
2017-10-31,haiku,composite_5pod,conv,equal_vol_10pct,scaled_return,0.008142,0.056,1.888
2017-11-30,haiku,composite_5pod,conv,equal_vol_10pct,scaled_return,0.005807,0.061808,2.711
2017-12-31,haiku,composite_5pod,conv,equal_vol_10pct,scaled_return,0.004103,0.06591,3.018
2018-01-31,haiku,composite_5pod,conv,equal_vol_10pct,scaled_return,-0.000881,0.06503,2.615
2018-02-28,haiku,composite_5pod,conv,equal_vol_10pct,scaled_return,-0.006369,0.05866,1.559
2018-03-31,haiku,composite_5pod,conv,equal_vol_10pct,scaled_return,-0.002662,0.055998,1.005
2018-04-30,haiku,composite_5pod,conv,equal_vol_10pct,scaled_return,-0.004646,0.051352,0.601
2018-05-31,haiku,composite_5pod,conv,equal_vol_10pct,scaled_return,0.000609,0.05196,0.918
2018-06-30,haiku,composite_5pod,conv,equal_vol_10pct,scaled_return,0.001999,0.053959,1.009
2018-07-31,haiku,composite_5pod,conv,equal_vol_10pct,scaled_return,-0.002714,0.051245,0.66
2018-08-31,haiku,composite_5pod,conv,equal_vol_10pct,scaled_return,0.011007,0.062251,0.675
2018-09-30,haiku,composite_5pod,conv,equal_vol_10pct,scaled_return,0.000368,0.062619,0.814
2018-10-31,haiku,composite_5pod,conv,equal_vol_10pct,scaled_return,0.013544,0.076163,0.961
2018-11-30,haiku,composite_5pod,conv,equal_vol_10pct,scaled_return,0.01441,0.090573,1.183
2018-12-31,haiku,composite_5pod,conv,equal_vol_10pct,scaled_return,-0.008943,0.08163,0.589
2019-01-31,haiku,composite_5pod,conv,equal_vol_10pct,scaled_return,-0.014719,0.066912,0.06
2019-02-28,haiku,composite_5pod,conv,equal_vol_10pct,scaled_return,-0.000727,0.066185,0.248
2019-03-31,haiku,composite_5pod,conv,equal_vol_10pct,scaled_return,-0.007068,0.059116,0.1
2019-04-30,haiku,composite_5pod,conv,equal_vol_10pct,scaled_return,0.015991,0.075107,0.692
2019-05-31,haiku,composite_5pod,conv,equal_vol_10pct,scaled_return,-0.003566,0.071541,0.563
2019-06-30,haiku,composite_5pod,conv,equal_vol_10pct,scaled_return,-0.001157,0.070384,0.471
2019-07-31,haiku,composite_5pod,conv,equal_vol_10pct,scaled_return,0.026289,0.096673,1.071
2019-08-31,haiku,composite_5pod,conv,equal_vol_10pct,scaled_return,0.005666,0.102339,0.96
2019-09-30,haiku,composite_5pod,conv,equal_vol_10pct,scaled_return,-0.000115,0.102224,0.948
2019-10-31,haiku,composite_5pod,conv,equal_vol_10pct,scaled_return,-0.006185,0.096039,0.483
2019-11-30,haiku,composite_5pod,conv,equal_vol_10pct,scaled_return,0.012371,0.10841,0.44
2019-12-31,haiku,composite_5pod,conv,equal_vol_10pct,scaled_return,-0.014678,0.093733,0.285
2020-01-31,haiku,composite_5pod,conv,equal_vol_10pct,scaled_return,-0.010854,0.082879,0.389
2020-02-29,haiku,composite_5pod,conv,equal_vol_10pct,scaled_return,0.020648,0.103526,0.825
2020-03-31,haiku,composite_5pod,conv,equal_vol_10pct,scaled_return,0.001053,0.10458,1.034
2020-04-30,haiku,composite_5pod,conv,equal_vol_10pct,scaled_return,-0.002067,0.102513,0.65
2020-05-31,haiku,composite_5pod,conv,equal_vol_10pct,scaled_return,-0.005673,0.09684,0.595
2020-06-30,haiku,composite_5pod,conv,equal_vol_10pct,scaled_return,-0.001207,0.095633,0.593
2020-07-31,haiku,composite_5pod,conv,equal_vol_10pct,scaled_return,-0.005679,0.089954,-0.198
2020-08-31,haiku,composite_5pod,conv,equal_vol_10pct,scaled_return,0.001505,0.091459,-0.327
2020-09-30,haiku,composite_5pod,conv,equal_vol_10pct,scaled_return,0.007391,0.09885,-0.098
2020-10-31,haiku,composite_5pod,conv,equal_vol_10pct,scaled_return,-0.001036,0.097814,0.053
2020-11-30,haiku,composite_5pod,conv,equal_vol_10pct,scaled_return,-0.002955,0.094859,-0.437
2020-12-31,haiku,composite_5pod,conv,equal_vol_10pct,scaled_return,0.010567,0.105426,0.4
2021-01-31,haiku,composite_5pod,conv,equal_vol_10pct,scaled_return,0.016222,0.121648,1.301
2021-02-28,haiku,composite_5pod,conv,equal_vol_10pct,scaled_return,-0.021438,0.10021,-0.102
2021-03-31,haiku,composite_5pod,conv,equal_vol_10pct,scaled_return,0.006723,0.106933,0.071
2021-04-30,haiku,composite_5pod,conv,equal_vol_10pct,scaled_return,-0.006937,0.099995,-0.074
2021-05-31,haiku,composite_5pod,conv,equal_vol_10pct,scaled_return,-0.015193,0.084802,-0.326
2021-06-30,haiku,composite_5pod,conv,equal_vol_10pct,scaled_return,0.008915,0.093717,-0.05
2021-07-31,haiku,composite_5pod,conv,equal_vol_10pct,scaled_return,-0.004407,0.089309,-0.017
2021-08-31,haiku,composite_5pod,conv,equal_vol_10pct,scaled_return,-0.007476,0.081834,-0.249
2021-09-30,haiku,composite_5pod,conv,equal_vol_10pct,scaled_return,0.022155,0.103989,0.116
2021-10-31,haiku,composite_5pod,conv,equal_vol_10pct,scaled_return,-0.002218,0.101771,0.089
2021-11-30,haiku,composite_5pod,conv,equal_vol_10pct,scaled_return,0.012595,0.114366,0.424
2021-12-31,haiku,composite_5pod,conv,equal_vol_10pct,scaled_return,0.017794,0.13216,0.557
2022-01-31,haiku,composite_5pod,conv,equal_vol_10pct,scaled_return,-0.000982,0.131179,0.209
2022-02-28,haiku,composite_5pod,conv,equal_vol_10pct,scaled_return,0.046445,0.177624,1.329
2022-03-31,haiku,composite_5pod,conv,equal_vol_10pct,scaled_return,0.023677,0.201301,1.554
2022-04-30,haiku,composite_5pod,conv,equal_vol_10pct,scaled_return,-0.015565,0.185737,1.349
2022-05-31,haiku,composite_5pod,conv,equal_vol_10pct,scaled_return,-0.002256,0.183481,1.65
2022-06-30,haiku,composite_5pod,conv,equal_vol_10pct,scaled_return,0.032491,0.215972,1.893
2022-07-31,haiku,composite_5pod,conv,equal_vol_10pct,scaled_return,-0.018643,0.197328,1.555
2022-08-31,haiku,composite_5pod,conv,equal_vol_10pct,scaled_return,-0.003334,0.193994,1.637
2022-09-30,haiku,composite_5pod,conv,equal_vol_10pct,scaled_return,-0.013712,0.180282,1.081
2022-10-31,haiku,composite_5pod,conv,equal_vol_10pct,scaled_return,-0.021121,0.159161,0.761
2022-11-30,haiku,composite_5pod,conv,equal_vol_10pct,scaled_return,-0.002862,0.156299,0.557
2022-12-31,haiku,composite_5pod,conv,equal_vol_10pct,scaled_return,-0.033276,0.123023,-0.112
2023-01-31,haiku,composite_5pod,conv,equal_vol_10pct,scaled_return,-0.001141,0.121882,-0.114
2023-02-28,haiku,composite_5pod,conv,equal_vol_10pct,scaled_return,0.031888,0.15377,-0.325
2023-03-31,haiku,composite_5pod,conv,equal_vol_10pct,scaled_return,0.004249,0.158019,-0.633
2023-04-30,haiku,composite_5pod,conv,equal_vol_10pct,scaled_return,-0.009572,0.148446,-0.552
2023-05-31,haiku,composite_5pod,conv,equal_vol_10pct,scaled_return,0.02126,0.169706,-0.192
2023-06-30,haiku,composite_5pod,conv,equal_vol_10pct,scaled_return,-0.004087,0.165619,-0.816
2023-07-31,haiku,composite_5pod,conv,equal_vol_10pct,scaled_return,0.002575,0.168194,-0.486
2023-08-31,haiku,composite_5pod,conv,equal_vol_10pct,scaled_return,0.020902,0.189097,-0.076
2023-09-30,haiku,composite_5pod,conv,equal_vol_10pct,scaled_return,0.023725,0.212822,0.488
2023-10-31,haiku,composite_5pod,conv,equal_vol_10pct,scaled_return,0.012179,0.225001,1.065
2023-11-30,haiku,composite_5pod,conv,equal_vol_10pct,scaled_return,-0.010045,0.214956,0.927
2023-12-31,haiku,composite_5pod,conv,equal_vol_10pct,scaled_return,0.013275,0.228232,2.195
2024-01-31,haiku,composite_5pod,conv,equal_vol_10pct,scaled_return,0.002701,0.230933,2.31
2024-02-29,haiku,composite_5pod,conv,equal_vol_10pct,scaled_return,-0.009534,0.221399,1.558
2024-03-31,haiku,composite_5pod,conv,equal_vol_10pct,scaled_return,0.020765,0.242164,1.833
2024-04-30,haiku,composite_5pod,conv,equal_vol_10pct,scaled_return,-0.008148,0.234016,1.886
2024-05-31,haiku,composite_5pod,conv,equal_vol_10pct,scaled_return,-0.019885,0.214131,0.892
2024-06-30,haiku,composite_5pod,conv,equal_vol_10pct,scaled_return,-0.001937,0.212194,0.941
2024-07-31,haiku,composite_5pod,conv,equal_vol_10pct,scaled_return,-0.008271,0.203924,0.701
2024-08-31,haiku,composite_5pod,conv,equal_vol_10pct,scaled_return,-0.018631,0.185292,-0.074
2024-09-30,haiku,composite_5pod,conv,equal_vol_10pct,scaled_return,-0.014353,0.170939,-0.921
2024-10-31,haiku,composite_5pod,conv,equal_vol_10pct,scaled_return,0.001634,0.172573,-1.229
2024-11-30,haiku,composite_5pod,conv,equal_vol_10pct,scaled_return,0.008274,0.180847,-0.777
2024-12-31,haiku,composite_5pod,conv,equal_vol_10pct,scaled_return,0.005941,0.186788,-0.998
2025-01-31,haiku,composite_5pod,conv,equal_vol_10pct,scaled_return,-0.025795,0.160993,-1.507
2025-02-28,haiku,composite_5pod,conv,equal_vol_10pct,scaled_return,-0.003043,0.157951,-1.371
2025-03-31,haiku,composite_5pod,conv,equal_vol_10pct,scaled_return,-0.015904,0.142047,-2.673
2025-04-30,haiku,composite_5pod,conv,equal_vol_10pct,scaled_return,-0.005019,0.137028,-2.579
2025-05-31,haiku,composite_5pod,conv,equal_vol_10pct,scaled_return,-0.019277,0.117751,-2.577
2025-06-30,haiku,composite_5pod,conv,equal_vol_10pct,scaled_return,0.02023,0.137981,-1.588
2025-07-31,haiku,composite_5pod,conv,equal_vol_10pct,scaled_return,-0.018447,0.119534,-1.747
2025-08-31,haiku,composite_5pod,conv,equal_vol_10pct,scaled_return,0.001219,0.120753,-1.368
2025-09-30,haiku,composite_5pod,conv,equal_vol_10pct,scaled_return,-0.003003,0.11775,-1.152
2025-10-31,haiku,composite_5pod,conv,equal_vol_10pct,scaled_return,-0.001423,0.116327,-1.227
2025-11-30,haiku,composite_5pod,conv,equal_vol_10pct,scaled_return,0.006975,0.123302,-1.266
2025-12-31,haiku,composite_5pod,conv,equal_vol_10pct,scaled_return,-0.004744,0.118558,-1.553
2026-01-31,haiku,composite_5pod,conv,equal_vol_10pct,scaled_return,-0.001937,0.116621,-1.164
2026-02-28,haiku,composite_5pod,conv,equal_vol_10pct,scaled_return,-0.018783,0.097838,-1.467
2026-03-31,haiku,composite_5pod,conv,equal_vol_10pct,scaled_return,0.00526,0.103099,-0.967
2026-04-30,haiku,composite_5pod,conv,equal_vol_10pct,scaled_return,-0.011367,0.091731,-1.103
2026-05-31,haiku,composite_5pod,conv,equal_vol_10pct,scaled_return,0.008035,0.099766,-0.463
2026-06-30,haiku,composite_5pod,conv,equal_vol_10pct,scaled_return,0.007071,0.106836,-0.957
2016-01-31,haiku,composite_5pod,raw,equal_vol_10pct,scaled_return,-0.013479,-0.013479,
2016-02-29,haiku,composite_5pod,raw,equal_vol_10pct,scaled_return,-0.015641,-0.02912,
2016-03-31,haiku,composite_5pod,raw,equal_vol_10pct,scaled_return,-0.005201,-0.034321,
2016-04-30,haiku,composite_5pod,raw,equal_vol_10pct,scaled_return,0.013381,-0.02094,
2016-05-31,haiku,composite_5pod,raw,equal_vol_10pct,scaled_return,-0.004575,-0.025516,
2016-06-30,haiku,composite_5pod,raw,equal_vol_10pct,scaled_return,-0.012452,-0.037967,
2016-07-31,haiku,composite_5pod,raw,equal_vol_10pct,scaled_return,-0.011604,-0.049571,
2016-08-31,haiku,composite_5pod,raw,equal_vol_10pct,scaled_return,-0.006591,-0.056162,
2016-09-30,haiku,composite_5pod,raw,equal_vol_10pct,scaled_return,0.014613,-0.04155,
2016-10-31,haiku,composite_5pod,raw,equal_vol_10pct,scaled_return,0.031449,-0.010101,
2016-11-30,haiku,composite_5pod,raw,equal_vol_10pct,scaled_return,-0.003474,-0.013575,
2016-12-31,haiku,composite_5pod,raw,equal_vol_10pct,scaled_return,-0.000836,-0.014411,-0.295
2017-01-31,haiku,composite_5pod,raw,equal_vol_10pct,scaled_return,0.016861,0.00245,0.319
2017-02-28,haiku,composite_5pod,raw,equal_vol_10pct,scaled_return,-0.002824,-0.000374,0.616
2017-03-31,haiku,composite_5pod,raw,equal_vol_10pct,scaled_return,0.002396,0.002022,0.791
2017-04-30,haiku,composite_5pod,raw,equal_vol_10pct,scaled_return,0.008386,0.010407,0.697
2017-05-31,haiku,composite_5pod,raw,equal_vol_10pct,scaled_return,0.001198,0.011605,0.837
2017-06-30,haiku,composite_5pod,raw,equal_vol_10pct,scaled_return,-0.003798,0.007807,1.095
2017-07-31,haiku,composite_5pod,raw,equal_vol_10pct,scaled_return,-0.008909,-0.001102,1.188
2017-08-31,haiku,composite_5pod,raw,equal_vol_10pct,scaled_return,-0.009528,-0.01063,1.091
2017-09-30,haiku,composite_5pod,raw,equal_vol_10pct,scaled_return,-0.004717,-0.015347,0.643
2017-10-31,haiku,composite_5pod,raw,equal_vol_10pct,scaled_return,-0.00688,-0.022227,-0.465
2017-11-30,haiku,composite_5pod,raw,equal_vol_10pct,scaled_return,-0.006583,-0.02881,-0.573
2017-12-31,haiku,composite_5pod,raw,equal_vol_10pct,scaled_return,-0.013951,-0.04276,-0.963
2018-01-31,haiku,composite_5pod,raw,equal_vol_10pct,scaled_return,0.003529,-0.039231,-1.891
2018-02-28,haiku,composite_5pod,raw,equal_vol_10pct,scaled_return,0.003245,-0.035986,-1.545
2018-03-31,haiku,composite_5pod,raw,equal_vol_10pct,scaled_return,0.009768,-0.026218,-1.09
2018-04-30,haiku,composite_5pod,raw,equal_vol_10pct,scaled_return,-0.004354,-0.030572,-1.771
2018-05-31,haiku,composite_5pod,raw,equal_vol_10pct,scaled_return,-0.002221,-0.032793,-1.96
2018-06-30,haiku,composite_5pod,raw,equal_vol_10pct,scaled_return,-0.000551,-0.033345,-1.8
2018-07-31,haiku,composite_5pod,raw,equal_vol_10pct,scaled_return,-0.002194,-0.035538,-1.56
2018-08-31,haiku,composite_5pod,raw,equal_vol_10pct,scaled_return,0.006739,-0.028799,-0.8
2018-09-30,haiku,composite_5pod,raw,equal_vol_10pct,scaled_return,0.000973,-0.027826,-0.553
2018-10-31,haiku,composite_5pod,raw,equal_vol_10pct,scaled_return,0.000358,-0.027469,-0.242
2018-11-30,haiku,composite_5pod,raw,equal_vol_10pct,scaled_return,0.012056,-0.015413,0.563
2018-12-31,haiku,composite_5pod,raw,equal_vol_10pct,scaled_return,0.014995,-0.000418,1.991
2019-01-31,haiku,composite_5pod,raw,equal_vol_10pct,scaled_return,-0.016535,-0.016953,0.762
2019-02-28,haiku,composite_5pod,raw,equal_vol_10pct,scaled_return,0.009582,-0.007371,0.946
2019-03-31,haiku,composite_5pod,raw,equal_vol_10pct,scaled_return,-0.008813,-0.016184,0.324
2019-04-30,haiku,composite_5pod,raw,equal_vol_10pct,scaled_return,0.029717,0.013532,1.059
2019-05-31,haiku,composite_5pod,raw,equal_vol_10pct,scaled_return,0.010076,0.023609,1.357
2019-06-30,haiku,composite_5pod,raw,equal_vol_10pct,scaled_return,-0.008829,0.014779,1.106
2019-07-31,haiku,composite_5pod,raw,equal_vol_10pct,scaled_return,-0.010537,0.004243,0.873
2019-08-31,haiku,composite_5pod,raw,equal_vol_10pct,scaled_return,0.007964,0.012207,0.898
2019-09-30,haiku,composite_5pod,raw,equal_vol_10pct,scaled_return,0.003487,0.015694,0.955
2019-10-31,haiku,composite_5pod,raw,equal_vol_10pct,scaled_return,-0.009912,0.005782,0.7
2019-11-30,haiku,composite_5pod,raw,equal_vol_10pct,scaled_return,-5.1e-05,0.005731,0.455
2019-12-31,haiku,composite_5pod,raw,equal_vol_10pct,scaled_return,0.0009,0.006631,0.16
2020-01-31,haiku,composite_5pod,raw,equal_vol_10pct,scaled_return,0.0016,0.008231,0.629
2020-02-29,haiku,composite_5pod,raw,equal_vol_10pct,scaled_return,0.024953,0.033185,0.888
2020-03-31,haiku,composite_5pod,raw,equal_vol_10pct,scaled_return,-0.024257,0.008928,0.48
2020-04-30,haiku,composite_5pod,raw,equal_vol_10pct,scaled_return,-0.025014,-0.016086,-0.6
2020-05-31,haiku,composite_5pod,raw,equal_vol_10pct,scaled_return,-0.025926,-0.042012,-1.252
2020-06-30,haiku,composite_5pod,raw,equal_vol_10pct,scaled_return,-0.006201,-0.048214,-1.205
2020-07-31,haiku,composite_5pod,raw,equal_vol_10pct,scaled_return,-0.027005,-0.075219,-1.406
2020-08-31,haiku,composite_5pod,raw,equal_vol_10pct,scaled_return,-0.007726,-0.082944,-1.755
2020-09-30,haiku,composite_5pod,raw,equal_vol_10pct,scaled_return,-0.008795,-0.091739,-2.036
2020-10-31,haiku,composite_5pod,raw,equal_vol_10pct,scaled_return,-0.003491,-0.09523,-1.904
2020-11-30,haiku,composite_5pod,raw,equal_vol_10pct,scaled_return,-0.022103,-0.117333,-2.286
2020-12-31,haiku,composite_5pod,raw,equal_vol_10pct,scaled_return,-0.018361,-0.135694,-2.69
2021-01-31,haiku,composite_5pod,raw,equal_vol_10pct,scaled_return,-0.013892,-0.149586,-3.104
2021-02-28,haiku,composite_5pod,raw,equal_vol_10pct,scaled_return,-0.025631,-0.175217,-6.806
2021-03-31,haiku,composite_5pod,raw,equal_vol_10pct,scaled_return,-0.007404,-0.182621,-6.156
2021-04-30,haiku,composite_5pod,raw,equal_vol_10pct,scaled_return,0.004673,-0.177948,-4.554
2021-05-31,haiku,composite_5pod,raw,equal_vol_10pct,scaled_return,0.002871,-0.175077,-3.675
2021-06-30,haiku,composite_5pod,raw,equal_vol_10pct,scaled_return,-0.008816,-0.183893,-3.777
2021-07-31,haiku,composite_5pod,raw,equal_vol_10pct,scaled_return,0.004617,-0.179276,-2.995
2021-08-31,haiku,composite_5pod,raw,equal_vol_10pct,scaled_return,-0.008612,-0.187888,-3.022
2021-09-30,haiku,composite_5pod,raw,equal_vol_10pct,scaled_return,-0.012564,-0.200452,-3.112
2021-10-31,haiku,composite_5pod,raw,equal_vol_10pct,scaled_return,-0.003508,-0.203959,-3.112
2021-11-30,haiku,composite_5pod,raw,equal_vol_10pct,scaled_return,0.007438,-0.196521,-2.238
2021-12-31,haiku,composite_5pod,raw,equal_vol_10pct,scaled_return,0.016892,-0.179629,-1.102
2022-01-31,haiku,composite_5pod,raw,equal_vol_10pct,scaled_return,-0.005532,-0.185161,-0.927
2022-02-28,haiku,composite_5pod,raw,equal_vol_10pct,scaled_return,-0.005562,-0.190723,-0.521
2022-03-31,haiku,composite_5pod,raw,equal_vol_10pct,scaled_return,0.001376,-0.189346,-0.231
2022-04-30,haiku,composite_5pod,raw,equal_vol_10pct,scaled_return,0.029364,-0.159983,0.431
2022-05-31,haiku,composite_5pod,raw,equal_vol_10pct,scaled_return,0.028145,-0.131838,0.874
2022-06-30,haiku,composite_5pod,raw,equal_vol_10pct,scaled_return,-0.031827,-0.163665,0.337
2022-07-31,haiku,composite_5pod,raw,equal_vol_10pct,scaled_return,0.001361,-0.162304,0.283
2022-08-31,haiku,composite_5pod,raw,equal_vol_10pct,scaled_return,0.012749,-0.149555,0.64
2022-09-30,haiku,composite_5pod,raw,equal_vol_10pct,scaled_return,-0.007857,-0.157412,0.734
2022-10-31,haiku,composite_5pod,raw,equal_vol_10pct,scaled_return,0.00799,-0.149422,0.936
2022-11-30,haiku,composite_5pod,raw,equal_vol_10pct,scaled_return,0.010607,-0.138815,0.986
2022-12-31,haiku,composite_5pod,raw,equal_vol_10pct,scaled_return,-0.007703,-0.146518,0.569
2023-01-31,haiku,composite_5pod,raw,equal_vol_10pct,scaled_return,-0.018222,-0.16474,0.332
2023-02-28,haiku,composite_5pod,raw,equal_vol_10pct,scaled_return,0.022978,-0.141762,0.761
2023-03-31,haiku,composite_5pod,raw,equal_vol_10pct,scaled_return,-0.002443,-0.144205,0.699
2023-04-30,haiku,composite_5pod,raw,equal_vol_10pct,scaled_return,-0.010018,-0.154223,0.097
2023-05-31,haiku,composite_5pod,raw,equal_vol_10pct,scaled_return,-0.004682,-0.158905,-0.529
2023-06-30,haiku,composite_5pod,raw,equal_vol_10pct,scaled_return,0.002072,-0.156834,0.172
2023-07-31,haiku,composite_5pod,raw,equal_vol_10pct,scaled_return,0.013411,-0.143423,0.452
2023-08-31,haiku,composite_5pod,raw,equal_vol_10pct,scaled_return,-0.002056,-0.145479,0.102
2023-09-30,haiku,composite_5pod,raw,equal_vol_10pct,scaled_return,0.025579,-0.1199,0.813
2023-10-31,haiku,composite_5pod,raw,equal_vol_10pct,scaled_return,0.007195,-0.112705,0.798
2023-11-30,haiku,composite_5pod,raw,equal_vol_10pct,scaled_return,-0.015127,-0.127832,0.226
2023-12-31,haiku,composite_5pod,raw,equal_vol_10pct,scaled_return,0.002498,-0.125334,0.445
2024-01-31,haiku,composite_5pod,raw,equal_vol_10pct,scaled_return,-0.017922,-0.143256,0.452
2024-02-29,haiku,composite_5pod,raw,equal_vol_10pct,scaled_return,0.001594,-0.141662,0.002
2024-03-31,haiku,composite_5pod,raw,equal_vol_10pct,scaled_return,0.030236,-0.111426,0.641
2024-04-30,haiku,composite_5pod,raw,equal_vol_10pct,scaled_return,-0.005249,-0.116675,0.75
2024-05-31,haiku,composite_5pod,raw,equal_vol_10pct,scaled_return,0.002791,-0.113884,0.912
2024-06-30,haiku,composite_5pod,raw,equal_vol_10pct,scaled_return,0.023226,-0.090657,1.249
2024-07-31,haiku,composite_5pod,raw,equal_vol_10pct,scaled_return,-0.00525,-0.095907,0.893
2024-08-31,haiku,composite_5pod,raw,equal_vol_10pct,scaled_return,-0.007825,-0.103732,0.77
2024-09-30,haiku,composite_5pod,raw,equal_vol_10pct,scaled_return,-0.013019,-0.116751,0.062
2024-10-31,haiku,composite_5pod,raw,equal_vol_10pct,scaled_return,-0.003847,-0.120598,-0.157
2024-11-30,haiku,composite_5pod,raw,equal_vol_10pct,scaled_return,0.005315,-0.115282,0.262
2024-12-31,haiku,composite_5pod,raw,equal_vol_10pct,scaled_return,0.003494,-0.111789,0.282
2025-01-31,haiku,composite_5pod,raw,equal_vol_10pct,scaled_return,-0.015057,-0.126846,0.351
2025-02-28,haiku,composite_5pod,raw,equal_vol_10pct,scaled_return,0.003175,-0.123671,0.384
2025-03-31,haiku,composite_5pod,raw,equal_vol_10pct,scaled_return,0.013793,-0.109877,0.041
2025-04-30,haiku,composite_5pod,raw,equal_vol_10pct,scaled_return,-0.020267,-0.130145,-0.314
2025-05-31,haiku,composite_5pod,raw,equal_vol_10pct,scaled_return,-0.001915,-0.132059,-0.426
2025-06-30,haiku,composite_5pod,raw,equal_vol_10pct,scaled_return,-0.007963,-0.140022,-1.483
2025-07-31,haiku,composite_5pod,raw,equal_vol_10pct,scaled_return,0.003051,-0.136972,-1.208
2025-08-31,haiku,composite_5pod,raw,equal_vol_10pct,scaled_return,0.006982,-0.129989,-0.748
2025-09-30,haiku,composite_5pod,raw,equal_vol_10pct,scaled_return,-0.003082,-0.133072,-0.493
2025-10-31,haiku,composite_5pod,raw,equal_vol_10pct,scaled_return,0.004649,-0.128423,-0.234
2025-11-30,haiku,composite_5pod,raw,equal_vol_10pct,scaled_return,0.016426,-0.111997,0.088
2025-12-31,haiku,composite_5pod,raw,equal_vol_10pct,scaled_return,0.002981,-0.109016,0.074
2026-01-31,haiku,composite_5pod,raw,equal_vol_10pct,scaled_return,-0.005679,-0.114695,0.356
2026-02-28,haiku,composite_5pod,raw,equal_vol_10pct,scaled_return,0.00676,-0.107935,0.456
2026-03-31,haiku,composite_5pod,raw,equal_vol_10pct,scaled_return,0.003611,-0.104324,0.174
2026-04-30,haiku,composite_5pod,raw,equal_vol_10pct,scaled_return,-0.026869,-0.131193,-0.028
2026-05-31,haiku,composite_5pod,raw,equal_vol_10pct,scaled_return,0.010797,-0.120396,0.304
2026-06-30,haiku,composite_5pod,raw,equal_vol_10pct,scaled_return,0.002912,-0.117485,0.607
2016-01-31,haiku,composite_5pod,mech,equal_vol_10pct,scaled_return,-0.003697,-0.003697,
2016-02-29,haiku,composite_5pod,mech,equal_vol_10pct,scaled_return,-0.009517,-0.013214,
2016-03-31,haiku,composite_5pod,mech,equal_vol_10pct,scaled_return,0.008582,-0.004632,
2016-04-30,haiku,composite_5pod,mech,equal_vol_10pct,scaled_return,-0.004166,-0.008798,
2016-05-31,haiku,composite_5pod,mech,equal_vol_10pct,scaled_return,-0.006646,-0.015443,
2016-06-30,haiku,composite_5pod,mech,equal_vol_10pct,scaled_return,0.002684,-0.012759,
2016-07-31,haiku,composite_5pod,mech,equal_vol_10pct,scaled_return,-0.011906,-0.024666,
2016-08-31,haiku,composite_5pod,mech,equal_vol_10pct,scaled_return,0.008216,-0.01645,
2016-09-30,haiku,composite_5pod,mech,equal_vol_10pct,scaled_return,0.000311,-0.016139,
2016-10-31,haiku,composite_5pod,mech,equal_vol_10pct,scaled_return,0.032837,0.016699,
2016-11-30,haiku,composite_5pod,mech,equal_vol_10pct,scaled_return,0.004504,0.021203,
2016-12-31,haiku,composite_5pod,mech,equal_vol_10pct,scaled_return,0.006066,0.027269,0.668
2017-01-31,haiku,composite_5pod,mech,equal_vol_10pct,scaled_return,-0.004294,0.022975,0.651
2017-02-28,haiku,composite_5pod,mech,equal_vol_10pct,scaled_return,0.005502,0.028477,1.07
2017-03-31,haiku,composite_5pod,mech,equal_vol_10pct,scaled_return,-0.001474,0.027003,0.815
2017-04-30,haiku,composite_5pod,mech,equal_vol_10pct,scaled_return,-4.1e-05,0.026961,0.935
2017-05-31,haiku,composite_5pod,mech,equal_vol_10pct,scaled_return,-0.003904,0.023057,1.025
2017-06-30,haiku,composite_5pod,mech,equal_vol_10pct,scaled_return,-0.003536,0.019522,0.845
2017-07-31,haiku,composite_5pod,mech,equal_vol_10pct,scaled_return,0.01121,0.030731,1.563
2017-08-31,haiku,composite_5pod,mech,equal_vol_10pct,scaled_return,-0.006672,0.02406,1.098
2017-09-30,haiku,composite_5pod,mech,equal_vol_10pct,scaled_return,-0.01227,0.01179,0.697
2017-10-31,haiku,composite_5pod,mech,equal_vol_10pct,scaled_return,0.009855,0.021645,0.202
2017-11-30,haiku,composite_5pod,mech,equal_vol_10pct,scaled_return,0.010012,0.031657,0.401
2017-12-31,haiku,composite_5pod,mech,equal_vol_10pct,scaled_return,0.006819,0.038476,0.427
2018-01-31,haiku,composite_5pod,mech,equal_vol_10pct,scaled_return,0.002255,0.040731,0.692
2018-02-28,haiku,composite_5pod,mech,equal_vol_10pct,scaled_return,0.003113,0.043844,0.606
2018-03-31,haiku,composite_5pod,mech,equal_vol_10pct,scaled_return,0.007627,0.051471,0.944
2018-04-30,haiku,composite_5pod,mech,equal_vol_10pct,scaled_return,-0.013904,0.037567,0.348
2018-05-31,haiku,composite_5pod,mech,equal_vol_10pct,scaled_return,-9.8e-05,0.03747,0.48
2018-06-30,haiku,composite_5pod,mech,equal_vol_10pct,scaled_return,0.009138,0.046607,0.888
2018-07-31,haiku,composite_5pod,mech,equal_vol_10pct,scaled_return,-0.005598,0.04101,0.345
2018-08-31,haiku,composite_5pod,mech,equal_vol_10pct,scaled_return,0.016871,0.057881,1.042
2018-09-30,haiku,composite_5pod,mech,equal_vol_10pct,scaled_return,0.009085,0.066966,1.944
2018-10-31,haiku,composite_5pod,mech,equal_vol_10pct,scaled_return,-0.005665,0.061301,1.346
2018-11-30,haiku,composite_5pod,mech,equal_vol_10pct,scaled_return,0.020161,0.081462,1.488
2018-12-31,haiku,composite_5pod,mech,equal_vol_10pct,scaled_return,-0.015902,0.06556,0.698
2019-01-31,haiku,composite_5pod,mech,equal_vol_10pct,scaled_return,-0.01249,0.05307,0.297
2019-02-28,haiku,composite_5pod,mech,equal_vol_10pct,scaled_return,-0.01243,0.04064,-0.074
2019-03-31,haiku,composite_5pod,mech,equal_vol_10pct,scaled_return,0.003427,0.044067,-0.173
2019-04-30,haiku,composite_5pod,mech,equal_vol_10pct,scaled_return,-0.009029,0.035038,-0.061
2019-05-31,haiku,composite_5pod,mech,equal_vol_10pct,scaled_return,-0.02309,0.011948,-0.539
2019-06-30,haiku,composite_5pod,mech,equal_vol_10pct,scaled_return,-0.000409,0.01154,-0.765
2019-07-31,haiku,composite_5pod,mech,equal_vol_10pct,scaled_return,-0.022761,-0.011221,-1.046
2019-08-31,haiku,composite_5pod,mech,equal_vol_10pct,scaled_return,0.006797,-0.004424,-1.35
2019-09-30,haiku,composite_5pod,mech,equal_vol_10pct,scaled_return,-0.007045,-0.011469,-1.806
2019-10-31,haiku,composite_5pod,mech,equal_vol_10pct,scaled_return,-0.007026,-0.018496,-1.837
2019-11-30,haiku,composite_5pod,mech,equal_vol_10pct,scaled_return,0.017466,-0.00103,-1.98
2019-12-31,haiku,composite_5pod,mech,equal_vol_10pct,scaled_return,-0.007458,-0.008487,-1.828
2020-01-31,haiku,composite_5pod,mech,equal_vol_10pct,scaled_return,0.040752,0.032265,-0.34
2020-02-29,haiku,composite_5pod,mech,equal_vol_10pct,scaled_return,0.054349,0.086614,0.564
2020-03-31,haiku,composite_5pod,mech,equal_vol_10pct,scaled_return,0.010546,0.09716,0.649
2020-04-30,haiku,composite_5pod,mech,equal_vol_10pct,scaled_return,-0.003494,0.093666,0.724
2020-05-31,haiku,composite_5pod,mech,equal_vol_10pct,scaled_return,-0.002683,0.090983,1.044
2020-06-30,haiku,composite_5pod,mech,equal_vol_10pct,scaled_return,-0.014998,0.075985,0.821
2020-07-31,haiku,composite_5pod,mech,equal_vol_10pct,scaled_return,0.011176,0.087161,1.36
2020-08-31,haiku,composite_5pod,mech,equal_vol_10pct,scaled_return,-0.001205,0.085956,1.239
2020-09-30,haiku,composite_5pod,mech,equal_vol_10pct,scaled_return,0.006008,0.091964,1.452
2020-10-31,haiku,composite_5pod,mech,equal_vol_10pct,scaled_return,-0.004007,0.087957,1.508
2020-11-30,haiku,composite_5pod,mech,equal_vol_10pct,scaled_return,-0.01475,0.073207,1.009
2020-12-31,haiku,composite_5pod,mech,equal_vol_10pct,scaled_return,0.0093,0.082507,1.262
2021-01-31,haiku,composite_5pod,mech,equal_vol_10pct,scaled_return,0.006534,0.089041,0.91
2021-02-28,haiku,composite_5pod,mech,equal_vol_10pct,scaled_return,-0.022538,0.066503,-0.523
2021-03-31,haiku,composite_5pod,mech,equal_vol_10pct,scaled_return,0.004687,0.07119,-0.705
2021-04-30,haiku,composite_5pod,mech,equal_vol_10pct,scaled_return,-0.00101,0.07018,-0.638
2021-05-31,haiku,composite_5pod,mech,equal_vol_10pct,scaled_return,-0.002788,0.067393,-0.641
2021-06-30,haiku,composite_5pod,mech,equal_vol_10pct,scaled_return,0.000623,0.068016,-0.234
2021-07-31,haiku,composite_5pod,mech,equal_vol_10pct,scaled_return,0.002419,0.070435,-0.527
2021-08-31,haiku,composite_5pod,mech,equal_vol_10pct,scaled_return,-0.016345,0.054089,-0.909
2021-09-30,haiku,composite_5pod,mech,equal_vol_10pct,scaled_return,0.016773,0.070862,-0.536
2021-10-31,haiku,composite_5pod,mech,equal_vol_10pct,scaled_return,-0.002752,0.06811,-0.505
2021-11-30,haiku,composite_5pod,mech,equal_vol_10pct,scaled_return,-0.007466,0.060644,-0.337
2021-12-31,haiku,composite_5pod,mech,equal_vol_10pct,scaled_return,0.010269,0.070913,-0.309
2022-01-31,haiku,composite_5pod,mech,equal_vol_10pct,scaled_return,0.029478,0.10039,0.236
2022-02-28,haiku,composite_5pod,mech,equal_vol_10pct,scaled_return,0.057511,0.157901,1.345
2022-03-31,haiku,composite_5pod,mech,equal_vol_10pct,scaled_return,-0.001285,0.156616,1.247
2022-04-30,haiku,composite_5pod,mech,equal_vol_10pct,scaled_return,0.002265,0.158881,1.301
2022-05-31,haiku,composite_5pod,mech,equal_vol_10pct,scaled_return,0.034892,0.193772,1.748
2022-06-30,haiku,composite_5pod,mech,equal_vol_10pct,scaled_return,0.008582,0.202355,1.877
2022-07-31,haiku,composite_5pod,mech,equal_vol_10pct,scaled_return,0.023921,0.226275,2.167
2022-08-31,haiku,composite_5pod,mech,equal_vol_10pct,scaled_return,0.061592,0.287867,2.955
2022-09-30,haiku,composite_5pod,mech,equal_vol_10pct,scaled_return,0.013839,0.301706,2.912
2022-10-31,haiku,composite_5pod,mech,equal_vol_10pct,scaled_return,-0.028891,0.272814,2.258
2022-11-30,haiku,composite_5pod,mech,equal_vol_10pct,scaled_return,0.00517,0.277984,2.476
2022-12-31,haiku,composite_5pod,mech,equal_vol_10pct,scaled_return,-0.011827,0.266158,2.109
2023-01-31,haiku,composite_5pod,mech,equal_vol_10pct,scaled_return,-0.041861,0.224296,1.15
2023-02-28,haiku,composite_5pod,mech,equal_vol_10pct,scaled_return,-0.037618,0.186679,0.276
2023-03-31,haiku,composite_5pod,mech,equal_vol_10pct,scaled_return,-0.000294,0.186385,0.286
2023-04-30,haiku,composite_5pod,mech,equal_vol_10pct,scaled_return,0.020168,0.206553,0.451
2023-05-31,haiku,composite_5pod,mech,equal_vol_10pct,scaled_return,0.021969,0.228522,0.34
2023-06-30,haiku,composite_5pod,mech,equal_vol_10pct,scaled_return,-0.01364,0.214883,0.121
2023-07-31,haiku,composite_5pod,mech,equal_vol_10pct,scaled_return,-0.006452,0.208431,-0.178
2023-08-31,haiku,composite_5pod,mech,equal_vol_10pct,scaled_return,-0.018717,0.189714,-1.326
2023-09-30,haiku,composite_5pod,mech,equal_vol_10pct,scaled_return,0.019111,0.208825,-1.224
2023-10-31,haiku,composite_5pod,mech,equal_vol_10pct,scaled_return,0.010405,0.219231,-0.723
2023-11-30,haiku,composite_5pod,mech,equal_vol_10pct,scaled_return,0.015163,0.234394,-0.572
2023-12-31,haiku,composite_5pod,mech,equal_vol_10pct,scaled_return,0.000138,0.234532,-0.418
2024-01-31,haiku,composite_5pod,mech,equal_vol_10pct,scaled_return,-0.001616,0.232916,0.138
2024-02-29,haiku,composite_5pod,mech,equal_vol_10pct,scaled_return,-0.005559,0.227357,0.857
2024-03-31,haiku,composite_5pod,mech,equal_vol_10pct,scaled_return,0.018924,0.246281,1.205
2024-04-30,haiku,composite_5pod,mech,equal_vol_10pct,scaled_return,-0.003347,0.242934,0.768
2024-05-31,haiku,composite_5pod,mech,equal_vol_10pct,scaled_return,-0.002859,0.240076,0.27
2024-06-30,haiku,composite_5pod,mech,equal_vol_10pct,scaled_return,0.025526,0.265601,1.101
2024-07-31,haiku,composite_5pod,mech,equal_vol_10pct,scaled_return,-0.01465,0.250952,0.872
2024-08-31,haiku,composite_5pod,mech,equal_vol_10pct,scaled_return,0.01087,0.261822,1.692
2024-09-30,haiku,composite_5pod,mech,equal_vol_10pct,scaled_return,-0.039809,0.222013,0.22
2024-10-31,haiku,composite_5pod,mech,equal_vol_10pct,scaled_return,-0.00538,0.216633,-0.044
2024-11-30,haiku,composite_5pod,mech,equal_vol_10pct,scaled_return,0.009463,0.226096,-0.143
2024-12-31,haiku,composite_5pod,mech,equal_vol_10pct,scaled_return,0.003169,0.229266,-0.09
2025-01-31,haiku,composite_5pod,mech,equal_vol_10pct,scaled_return,-0.018557,0.210709,-0.364
2025-02-28,haiku,composite_5pod,mech,equal_vol_10pct,scaled_return,-0.001991,0.208718,-0.306
2025-03-31,haiku,composite_5pod,mech,equal_vol_10pct,scaled_return,-0.008096,0.200622,-0.804
2025-04-30,haiku,composite_5pod,mech,equal_vol_10pct,scaled_return,0.017558,0.21818,-0.408
2025-05-31,haiku,composite_5pod,mech,equal_vol_10pct,scaled_return,-0.024333,0.193846,-0.715
2025-06-30,haiku,composite_5pod,mech,equal_vol_10pct,scaled_return,0.013337,0.207183,-0.981
2025-07-31,haiku,composite_5pod,mech,equal_vol_10pct,scaled_return,-0.016749,0.190433,-1.009
2025-08-31,haiku,composite_5pod,mech,equal_vol_10pct,scaled_return,0.003339,0.193773,-1.168
2025-09-30,haiku,composite_5pod,mech,equal_vol_10pct,scaled_return,0.005134,0.198907,-0.508
2025-10-31,haiku,composite_5pod,mech,equal_vol_10pct,scaled_return,0.011404,0.210311,-0.134
2025-11-30,haiku,composite_5pod,mech,equal_vol_10pct,scaled_return,-0.00348,0.206831,-0.42
2025-12-31,haiku,composite_5pod,mech,equal_vol_10pct,scaled_return,-0.010891,0.195941,-0.717
2026-01-31,haiku,composite_5pod,mech,equal_vol_10pct,scaled_return,0.016762,0.212703,0.043
2026-02-28,haiku,composite_5pod,mech,equal_vol_10pct,scaled_return,-0.02345,0.189253,-0.371
2026-03-31,haiku,composite_5pod,mech,equal_vol_10pct,scaled_return,0.020216,0.209469,0.158
2026-04-30,haiku,composite_5pod,mech,equal_vol_10pct,scaled_return,-0.012633,0.196836,-0.393
2026-05-31,haiku,composite_5pod,mech,equal_vol_10pct,scaled_return,0.001031,0.197868,0.083
2026-06-30,haiku,composite_5pod,mech,equal_vol_10pct,scaled_return,0.008186,0.206053,-0.024
2021-08-31,sonnet,equities,full,mapped,excess_return,-0.014932,-0.014932,
2021-09-30,sonnet,equities,full,mapped,excess_return,-0.000821,-0.01574,
2021-10-31,sonnet,equities,full,mapped,excess_return,-0.008681,-0.024285,
2021-11-30,sonnet,equities,full,mapped,excess_return,0.000172,-0.024116,
2021-12-31,sonnet,equities,full,mapped,excess_return,-0.017102,-0.040805,
2022-01-31,sonnet,equities,full,mapped,excess_return,0.009888,-0.031321,
2022-02-28,sonnet,equities,full,mapped,excess_return,-7e-05,-0.031388,
2022-03-31,sonnet,equities,full,mapped,excess_return,-0.011397,-0.042428,
2022-04-30,sonnet,equities,full,mapped,excess_return,-0.005608,-0.047798,
2022-05-31,sonnet,equities,full,mapped,excess_return,-0.003881,-0.051494,
2022-06-30,sonnet,equities,full,mapped,excess_return,0.005868,-0.045928,
2022-07-31,sonnet,equities,full,mapped,excess_return,-0.026265,-0.070986,-2.058
2022-08-31,sonnet,equities,full,mapped,excess_return,-0.003838,-0.074551,-1.812
2022-09-30,sonnet,equities,full,mapped,excess_return,0.042331,-0.035376,-0.317
2022-10-31,sonnet,equities,full,mapped,excess_return,-0.054412,-0.087863,-0.815
2022-11-30,sonnet,equities,full,mapped,excess_return,0.006525,-0.081911,-0.727
2022-12-31,sonnet,equities,full,mapped,excess_return,-0.024853,-0.104729,-0.808
2023-01-31,sonnet,equities,full,mapped,excess_return,-0.004328,-0.108603,-1.004
2023-02-28,sonnet,equities,full,mapped,excess_return,-0.006188,-0.114119,-1.085
2023-03-31,sonnet,equities,full,mapped,excess_return,-0.016965,-0.129148,-1.147
2023-04-30,sonnet,equities,full,mapped,excess_return,0.001749,-0.127625,-1.048
2023-05-31,sonnet,equities,full,mapped,excess_return,0.000462,-0.127222,-0.99
2023-06-30,sonnet,equities,full,mapped,excess_return,-0.012204,-0.137873,-1.23
2023-07-31,sonnet,equities,full,mapped,excess_return,0.001901,-0.136235,-0.9
2023-08-31,sonnet,equities,full,mapped,excess_return,0.006259,-0.130828,-0.76
2023-09-30,sonnet,equities,full,mapped,excess_return,0.016396,-0.116577,-1.327
2023-10-31,sonnet,equities,full,mapped,excess_return,0.008183,-0.109348,-0.572
2023-11-30,sonnet,equities,full,mapped,excess_return,-0.046248,-0.150539,-1.293
2023-12-31,sonnet,equities,full,mapped,excess_return,0.016978,-0.136117,-0.575
2024-01-31,sonnet,equities,full,mapped,excess_return,0.002958,-0.133561,-0.45
2024-02-29,sonnet,equities,full,mapped,excess_return,-0.004936,-0.137838,-0.429
2024-03-31,sonnet,equities,full,mapped,excess_return,-0.008689,-0.14533,-0.298
2024-04-30,sonnet,equities,full,mapped,excess_return,0.001247,-0.144264,-0.307
2024-05-31,sonnet,equities,full,mapped,excess_return,-0.012992,-0.155381,-0.531
2024-06-30,sonnet,equities,full,mapped,excess_return,0.001957,-0.153728,-0.294
2024-07-31,sonnet,equities,full,mapped,excess_return,0.00061,-0.153212,-0.316
2024-08-31,sonnet,equities,full,mapped,excess_return,-0.002215,-0.155088,-0.468
2024-09-30,sonnet,equities,full,mapped,excess_return,-0.00333,-0.157901,-0.87
2024-10-31,sonnet,equities,full,mapped,excess_return,0.002899,-0.15546,-0.989
2024-12-31,sonnet,equities,full,mapped,excess_return,0.002783,-0.15311,-0.106
2025-01-31,sonnet,equities,full,mapped,excess_return,-0.003524,-0.156095,-1.323
2025-02-28,sonnet,equities,full,mapped,excess_return,0.006551,-0.150566,-1.036
2025-03-31,sonnet,equities,full,mapped,excess_return,-0.006529,-0.156112,-1.098
2025-04-30,sonnet,equities,full,mapped,excess_return,0.005661,-0.151335,-0.361
2025-05-31,sonnet,equities,full,mapped,excess_return,-0.027994,-0.175093,-1.088
2025-06-30,sonnet,equities,full,mapped,excess_return,0.016181,-0.161745,-0.192
2025-07-31,sonnet,equities,full,mapped,excess_return,0.000402,-0.161409,-0.235
2025-08-31,sonnet,equities,full,mapped,excess_return,-0.000985,-0.162235,-0.279
2025-09-30,sonnet,equities,full,mapped,excess_return,0.001804,-0.160723,-0.168
2025-10-31,sonnet,equities,full,mapped,excess_return,0.000337,-0.160441,-0.067
2025-11-30,sonnet,equities,full,mapped,excess_return,0.000233,-0.160245,-0.141
2025-12-31,sonnet,equities,full,mapped,excess_return,-0.002556,-0.162391,-0.291
2026-01-31,sonnet,equities,full,mapped,excess_return,-0.000299,-0.162642,-0.201
2026-02-28,sonnet,equities,full,mapped,excess_return,0.005564,-0.157983,-0.23
2026-03-31,sonnet,equities,full,mapped,excess_return,0.011818,-0.148032,0.275
2026-04-30,sonnet,equities,full,mapped,excess_return,-0.025759,-0.169978,-0.473
2026-05-31,sonnet,equities,full,mapped,excess_return,0.01401,-0.158349,0.558
2026-06-30,sonnet,equities,full,mapped,excess_return,0.007143,-0.152337,0.341
2021-08-31,sonnet,equities,full,pm_trade,excess_return,-0.012217,-0.012217,
2021-09-30,sonnet,equities,full,pm_trade,excess_return,-0.002735,-0.014919,
2021-10-31,sonnet,equities,full,pm_trade,excess_return,-0.010417,-0.025181,
2021-11-30,sonnet,equities,full,pm_trade,excess_return,0.000292,-0.024896,
2021-12-31,sonnet,equities,full,pm_trade,excess_return,-0.017391,-0.041854,
2022-01-31,sonnet,equities,full,pm_trade,excess_return,0.020817,-0.021908,
2022-02-28,sonnet,equities,full,pm_trade,excess_return,0.002329,-0.01963,
2022-03-31,sonnet,equities,full,pm_trade,excess_return,-0.013079,-0.032452,
2022-04-30,sonnet,equities,full,pm_trade,excess_return,-0.022432,-0.054156,
2022-05-31,sonnet,equities,full,pm_trade,excess_return,-0.003493,-0.05746,
2022-06-30,sonnet,equities,full,pm_trade,excess_return,0.01467,-0.043633,
2022-07-31,sonnet,equities,full,pm_trade,excess_return,-0.025282,-0.067811,-1.423
2022-08-31,sonnet,equities,full,pm_trade,excess_return,-0.006321,-0.073703,-1.315
2022-09-30,sonnet,equities,full,pm_trade,excess_return,0.040871,-0.035844,-0.292
2022-10-31,sonnet,equities,full,pm_trade,excess_return,-0.043356,-0.077646,-0.667
2022-11-30,sonnet,equities,full,pm_trade,excess_return,0.009212,-0.06915,-0.546
2022-12-31,sonnet,equities,full,pm_trade,excess_return,-0.021611,-0.089267,-0.593
2023-01-31,sonnet,equities,full,pm_trade,excess_return,-0.008656,-0.09715,-1.018
2023-02-28,sonnet,equities,full,pm_trade,excess_return,-0.010762,-0.106866,-1.199
2023-03-31,sonnet,equities,full,pm_trade,excess_return,-0.011586,-0.117213,-1.18
2023-04-30,sonnet,equities,full,pm_trade,excess_return,0.00408,-0.113611,-0.84
2023-05-31,sonnet,equities,full,pm_trade,excess_return,0.00132,-0.112441,-0.772
2023-06-30,sonnet,equities,full,pm_trade,excess_return,-0.016642,-0.127211,-1.233
2023-07-31,sonnet,equities,full,pm_trade,excess_return,0.009175,-0.119203,-0.766
2023-08-31,sonnet,equities,full,pm_trade,excess_return,0.010432,-0.110015,-0.519
2023-09-30,sonnet,equities,full,pm_trade,excess_return,0.010434,-0.100729,-1.194
2023-10-31,sonnet,equities,full,pm_trade,excess_return,0.010911,-0.090917,-0.33
2023-11-30,sonnet,equities,full,pm_trade,excess_return,-0.047032,-0.133673,-1.163
2023-12-31,sonnet,equities,full,pm_trade,excess_return,0.017303,-0.118683,-0.504
2024-01-31,sonnet,equities,full,pm_trade,excess_return,0.006024,-0.113374,-0.265
2024-02-29,sonnet,equities,full,pm_trade,excess_return,-0.009314,-0.121632,-0.242
2024-03-31,sonnet,equities,full,pm_trade,excess_return,-0.007364,-0.1281,-0.175
2024-04-30,sonnet,equities,full,pm_trade,excess_return,0.006653,-0.1223,-0.132
2024-05-31,sonnet,equities,full,pm_trade,excess_return,-0.009565,-0.130695,-0.308
2024-06-30,sonnet,equities,full,pm_trade,excess_return,0.006263,-0.12525,0.066
2024-07-31,sonnet,equities,full,pm_trade,excess_return,0.001016,-0.124361,-0.072
2024-08-31,sonnet,equities,full,pm_trade,excess_return,-0.007909,-0.131287,-0.387
2024-09-30,sonnet,equities,full,pm_trade,excess_return,-0.003735,-0.134532,-0.648
2024-10-31,sonnet,equities,full,pm_trade,excess_return,0.004014,-0.131057,-0.79
2024-12-31,sonnet,equities,full,pm_trade,excess_return,0.003274,-0.128213,0.232
2025-01-31,sonnet,equities,full,pm_trade,excess_return,-0.003123,-0.130935,-0.621
2025-02-28,sonnet,equities,full,pm_trade,excess_return,0.00751,-0.124408,-0.54
2025-04-30,sonnet,equities,full,pm_trade,excess_return,0.002558,-0.122168,-0.019
2025-05-31,sonnet,equities,full,pm_trade,excess_return,-0.023753,-0.143019,-0.538
2025-06-30,sonnet,equities,full,pm_trade,excess_return,0.016703,-0.128705,-0.191
2025-07-31,sonnet,equities,full,pm_trade,excess_return,0.009641,-0.120305,0.353
2025-08-31,sonnet,equities,full,pm_trade,excess_return,-0.001751,-0.121845,0.127
2025-09-30,sonnet,equities,full,pm_trade,excess_return,0.006444,-0.116186,0.279
2025-10-31,sonnet,equities,full,pm_trade,excess_return,-0.005384,-0.120945,0.356
2025-11-30,sonnet,equities,full,pm_trade,excess_return,0.000326,-0.120658,0.478
2025-12-31,sonnet,equities,full,pm_trade,excess_return,-0.002367,-0.122739,0.292
2026-01-31,sonnet,equities,full,pm_trade,excess_return,-0.000303,-0.123005,0.189
2026-02-28,sonnet,equities,full,pm_trade,excess_return,0.003745,-0.11972,0.39
2026-03-31,sonnet,equities,full,pm_trade,excess_return,0.026685,-0.09623,0.765
2026-04-30,sonnet,equities,full,pm_trade,excess_return,-0.055197,-0.146116,-0.351
2026-05-31,sonnet,equities,full,pm_trade,excess_return,0.016812,-0.13176,0.219
2026-06-30,sonnet,equities,full,pm_trade,excess_return,0.008572,-0.124318,0.105
2021-08-31,sonnet,equities,conv,mapped,excess_return,-0.014932,-0.014932,
2021-09-30,sonnet,equities,conv,mapped,excess_return,-0.000957,-0.015875,
2021-10-31,sonnet,equities,conv,mapped,excess_return,-0.006511,-0.022282,
2021-11-30,sonnet,equities,conv,mapped,excess_return,0.000187,-0.022099,
2021-12-31,sonnet,equities,conv,mapped,excess_return,-0.018068,-0.039768,
2022-01-31,sonnet,equities,conv,mapped,excess_return,0.017001,-0.023443,
2022-02-28,sonnet,equities,conv,mapped,excess_return,-0.000419,-0.023853,
2022-03-31,sonnet,equities,conv,mapped,excess_return,-0.004391,-0.028139,
2022-04-30,sonnet,equities,conv,mapped,excess_return,-0.005608,-0.033589,
2022-05-31,sonnet,equities,conv,mapped,excess_return,-0.003881,-0.03734,
2022-06-30,sonnet,equities,conv,mapped,excess_return,0.007628,-0.029996,
2022-07-31,sonnet,equities,conv,mapped,excess_return,-0.026967,-0.056154,-1.425
2022-08-31,sonnet,equities,conv,mapped,excess_return,-0.004154,-0.060074,-1.202
2022-09-30,sonnet,equities,conv,mapped,excess_return,0.035033,-0.027146,-0.185
2022-10-31,sonnet,equities,conv,mapped,excess_return,-0.054412,-0.080081,-0.757
2022-11-30,sonnet,equities,conv,mapped,excess_return,0.005988,-0.074573,-0.676
2022-12-31,sonnet,equities,conv,mapped,excess_return,-0.025333,-0.098017,-0.753
2023-01-31,sonnet,equities,conv,mapped,excess_return,0.004039,-0.094374,-0.952
2023-02-28,sonnet,equities,conv,mapped,excess_return,-0.006188,-0.099978,-1.031
2023-03-31,sonnet,equities,conv,mapped,excess_return,-0.019695,-0.117704,-1.216
2023-04-30,sonnet,equities,conv,mapped,excess_return,0.001661,-0.116238,-1.113
2023-05-31,sonnet,equities,conv,mapped,excess_return,0.000676,-0.11564,-1.05
2023-06-30,sonnet,equities,conv,mapped,excess_return,-0.016919,-0.130603,-1.384
2023-07-31,sonnet,equities,conv,mapped,excess_return,0.000459,-0.130204,-1.057
2023-08-31,sonnet,equities,conv,mapped,excess_return,0.006781,-0.124306,-0.897
2023-09-30,sonnet,equities,conv,mapped,excess_return,0.018334,-0.108251,-1.257
2023-10-31,sonnet,equities,conv,mapped,excess_return,0.008401,-0.100759,-0.489
2023-11-30,sonnet,equities,conv,mapped,excess_return,-0.044158,-0.140468,-1.191
2023-12-31,sonnet,equities,conv,mapped,excess_return,0.018925,-0.124201,-0.453
2024-01-31,sonnet,equities,conv,mapped,excess_return,0.00242,-0.122082,-0.48
2024-02-29,sonnet,equities,conv,mapped,excess_return,-0.006333,-0.127642,-0.483
2024-03-31,sonnet,equities,conv,mapped,excess_return,-0.008321,-0.134901,-0.309
2024-04-30,sonnet,equities,conv,mapped,excess_return,0.005987,-0.129721,-0.233
2024-05-31,sonnet,equities,conv,mapped,excess_return,-0.014985,-0.142762,-0.486
2024-06-30,sonnet,equities,conv,mapped,excess_return,0.000313,-0.142493,-0.209
2024-07-31,sonnet,equities,conv,mapped,excess_return,0.00066,-0.141927,-0.205
2024-08-31,sonnet,equities,conv,mapped,excess_return,-0.000633,-0.14247,-0.336
2024-09-30,sonnet,equities,conv,mapped,excess_return,-0.003175,-0.145193,-0.764
2024-10-31,sonnet,equities,conv,mapped,excess_return,0.003011,-0.142619,-0.882
2024-11-30,sonnet,equities,conv,mapped,excess_return,-0.004515,-0.14649,-0.229
2024-12-31,sonnet,equities,conv,mapped,excess_return,0.000917,-0.145708,-1.233
2025-01-31,sonnet,equities,conv,mapped,excess_return,-0.002074,-0.14748,-1.503
2025-02-28,sonnet,equities,conv,mapped,excess_return,0.005508,-0.142785,-0.849
2025-03-31,sonnet,equities,conv,mapped,excess_return,-0.004897,-0.146982,-0.716
2025-04-30,sonnet,equities,conv,mapped,excess_return,0.003102,-0.144336,-0.911
2025-05-31,sonnet,equities,conv,mapped,excess_return,-0.028842,-0.169015,-0.998
2025-07-31,sonnet,equities,conv,mapped,excess_return,0.010846,-0.160003,-0.601
2025-08-31,sonnet,equities,conv,mapped,excess_return,-0.001423,-0.161198,-0.665
2025-09-30,sonnet,equities,conv,mapped,excess_return,0.002127,-0.159414,-0.578
2025-10-31,sonnet,equities,conv,mapped,excess_return,0.000538,-0.158961,-0.467
2025-11-30,sonnet,equities,conv,mapped,excess_return,0.000256,-0.158746,-0.554
2025-12-31,sonnet,equities,conv,mapped,excess_return,-0.002674,-0.160995,-0.501
2026-01-31,sonnet,equities,conv,mapped,excess_return,-0.000344,-0.161284,-0.54
2026-02-28,sonnet,equities,conv,mapped,excess_return,0.006099,-0.156169,-0.286
2026-03-31,sonnet,equities,conv,mapped,excess_return,0.014295,-0.144106,-0.025
2026-04-30,sonnet,equities,conv,mapped,excess_return,-0.024226,-0.164841,-0.461
2026-05-31,sonnet,equities,conv,mapped,excess_return,0.007285,-0.158756,-0.36
2026-06-30,sonnet,equities,conv,mapped,excess_return,0.006929,-0.152927,0.588
2021-08-31,sonnet,equities,conv,pm_trade,excess_return,-0.014932,-0.014932,
2021-10-31,sonnet,equities,conv,pm_trade,excess_return,0.006945,-0.008091,
2021-11-30,sonnet,equities,conv,pm_trade,excess_return,0.000409,-0.007685,
2021-12-31,sonnet,equities,conv,pm_trade,excess_return,-0.015459,-0.023025,
2022-01-31,sonnet,equities,conv,pm_trade,excess_return,0.024287,0.000702,
2022-02-28,sonnet,equities,conv,pm_trade,excess_return,-0.003261,-0.002561,
2022-03-31,sonnet,equities,conv,pm_trade,excess_return,-0.013079,-0.015606,
2022-04-30,sonnet,equities,conv,pm_trade,excess_return,-0.026918,-0.042104,
2022-06-30,sonnet,equities,conv,pm_trade,excess_return,0.020538,-0.022431,
2022-07-31,sonnet,equities,conv,pm_trade,excess_return,-0.025282,-0.047145,
2022-08-31,sonnet,equities,conv,pm_trade,excess_return,0.005418,-0.041983,
2022-09-30,sonnet,equities,conv,pm_trade,excess_return,0.040871,-0.002827,-0.006
2022-10-31,sonnet,equities,conv,pm_trade,excess_return,-0.047692,-0.050384,-0.388
2022-11-30,sonnet,equities,conv,pm_trade,excess_return,0.007676,-0.043094,-0.379
2022-12-31,sonnet,equities,conv,pm_trade,excess_return,-0.026414,-0.06837,-0.668
2023-01-31,sonnet,equities,conv,pm_trade,excess_return,0.00577,-0.062994,-0.43
2023-02-28,sonnet,equities,conv,pm_trade,excess_return,-0.009416,-0.071817,-0.86
2023-03-31,sonnet,equities,conv,pm_trade,excess_return,-0.014896,-0.085643,-0.994
2023-05-31,sonnet,equities,conv,pm_trade,excess_return,-0.00099,-0.086548,-0.851
2023-06-30,sonnet,equities,conv,pm_trade,excess_return,-0.019415,-0.104283,-0.778
2023-07-31,sonnet,equities,conv,pm_trade,excess_return,-0.009175,-0.112502,-1.214
2023-08-31,sonnet,equities,conv,pm_trade,excess_return,0.010432,-0.103243,-0.756
2023-09-30,sonnet,equities,conv,pm_trade,excess_return,0.013415,-0.091213,-0.638
2023-10-31,sonnet,equities,conv,pm_trade,excess_return,0.013093,-0.079314,-1.206
2023-11-30,sonnet,equities,conv,pm_trade,excess_return,-0.041807,-0.117805,-1.188
2023-12-31,sonnet,equities,conv,pm_trade,excess_return,0.019465,-0.100633,-0.932
2024-01-31,sonnet,equities,conv,pm_trade,excess_return,0.006024,-0.095215,-0.454
2024-02-29,sonnet,equities,conv,pm_trade,excess_return,-0.009314,-0.103641,-0.706
2024-03-31,sonnet,equities,conv,pm_trade,excess_return,-0.008837,-0.111562,-0.697
2024-04-30,sonnet,equities,conv,pm_trade,excess_return,0.009979,-0.102697,-0.284
2024-06-30,sonnet,equities,conv,pm_trade,excess_return,-0.01096,-0.112531,-0.444
2024-07-31,sonnet,equities,conv,pm_trade,excess_return,0.001016,-0.11163,-0.115
2024-08-31,sonnet,equities,conv,pm_trade,excess_return,-0.006327,-0.117251,-0.066
2024-09-30,sonnet,equities,conv,pm_trade,excess_return,-0.003735,-0.120548,-0.318
2024-10-31,sonnet,equities,conv,pm_trade,excess_return,0.003122,-0.117802,-0.519
2024-11-30,sonnet,equities,conv,pm_trade,excess_return,-0.005418,-0.122582,-0.903
2024-12-31,sonnet,equities,conv,pm_trade,excess_return,0.003274,-0.119709,-0.054
2025-01-31,sonnet,equities,conv,pm_trade,excess_return,-0.002231,-0.121673,-1.018
2025-02-28,sonnet,equities,conv,pm_trade,excess_return,0.005007,-0.117275,-1.079
2025-03-31,sonnet,equities,conv,pm_trade,excess_return,0.019587,-0.099986,0.15
2025-04-30,sonnet,equities,conv,pm_trade,excess_return,0.003198,-0.097107,0.587
2025-05-31,sonnet,equities,conv,pm_trade,excess_return,-0.023753,-0.118553,-0.478
2025-07-31,sonnet,equities,conv,pm_trade,excess_return,0.011248,-0.108639,0.137
2025-08-31,sonnet,equities,conv,pm_trade,excess_return,-0.003064,-0.11137,0.025
2025-09-30,sonnet,equities,conv,pm_trade,excess_return,-0.006444,-0.117097,0.022
2025-10-31,sonnet,equities,conv,pm_trade,excess_return,-0.00673,-0.123039,-0.059
2025-11-30,sonnet,equities,conv,pm_trade,excess_return,0.000326,-0.122753,-0.135
2025-12-31,sonnet,equities,conv,pm_trade,excess_return,-0.003313,-0.12566,-0.079
2026-01-31,sonnet,equities,conv,pm_trade,excess_return,-0.00039,-0.126,-0.18
2026-03-31,sonnet,equities,conv,pm_trade,excess_return,0.030497,-0.099346,0.548
2026-04-30,sonnet,equities,conv,pm_trade,excess_return,-0.042931,-0.138012,-0.333
2026-05-31,sonnet,equities,conv,pm_trade,excess_return,0.016812,-0.12352,-0.381
2026-06-30,sonnet,equities,conv,pm_trade,excess_return,0.008572,-0.116007,-0.294
2021-08-31,sonnet,equities,raw,mapped,excess_return,-0.00509,-0.00509,
2021-09-30,sonnet,equities,raw,mapped,excess_return,0.002462,-0.002641,
2021-10-31,sonnet,equities,raw,mapped,excess_return,-0.005209,-0.007836,
2021-11-30,sonnet,equities,raw,mapped,excess_return,-0.000438,-0.008271,
2021-12-31,sonnet,equities,raw,mapped,excess_return,-0.010145,-0.018332,
2022-01-31,sonnet,equities,raw,mapped,excess_return,0.013011,-0.00556,
2022-02-28,sonnet,equities,raw,mapped,excess_return,0.004891,-0.000696,
2022-03-31,sonnet,equities,raw,mapped,excess_return,-0.008875,-0.009565,
2022-04-30,sonnet,equities,raw,mapped,excess_return,0.010094,0.000433,
2022-05-31,sonnet,equities,raw,mapped,excess_return,-0.003493,-0.003061,
2022-06-30,sonnet,equities,raw,mapped,excess_return,0.016137,0.013026,
2022-07-31,sonnet,equities,raw,mapped,excess_return,-0.025282,-0.012585,-0.302
2022-08-31,sonnet,equities,raw,mapped,excess_return,-0.002257,-0.014814,-0.231
2022-09-30,sonnet,equities,raw,mapped,excess_return,-0.014597,-0.029194,-0.631
2022-10-31,sonnet,equities,raw,mapped,excess_return,-0.032517,-0.060762,-1.039
2022-11-30,sonnet,equities,raw,mapped,excess_return,-0.003454,-0.064007,-1.102
2022-12-31,sonnet,equities,raw,mapped,excess_return,-0.026414,-0.08873,-1.31
2023-01-31,sonnet,equities,raw,mapped,excess_return,0.014426,-0.075584,-1.272
2023-02-28,sonnet,equities,raw,mapped,excess_return,-0.005381,-0.080558,-1.487
2023-03-31,sonnet,equities,raw,mapped,excess_return,-0.00662,-0.086645,-1.448
2023-04-30,sonnet,equities,raw,mapped,excess_return,-0.00204,-0.088508,-1.757
2023-05-31,sonnet,equities,raw,mapped,excess_return,0.00066,-0.087907,-1.661
2023-06-30,sonnet,equities,raw,mapped,excess_return,-0.009708,-0.096761,-2.463
2023-07-31,sonnet,equities,raw,mapped,excess_return,-0.000983,-0.097649,-2.059
2023-08-31,sonnet,equities,raw,mapped,excess_return,-0.022429,-0.117888,-2.413
2023-09-30,sonnet,equities,raw,mapped,excess_return,0.004472,-0.113943,-1.929
2023-10-31,sonnet,equities,raw,mapped,excess_return,0.013639,-0.101859,-1.037
2023-11-30,sonnet,equities,raw,mapped,excess_return,-0.053565,-0.149967,-1.436
2023-12-31,sonnet,equities,raw,mapped,excess_return,0.01568,-0.136638,-0.787
2024-01-31,sonnet,equities,raw,mapped,excess_return,0.010488,-0.127583,-0.861
2024-02-29,sonnet,equities,raw,mapped,excess_return,0.001397,-0.126364,-0.753
2024-03-31,sonnet,equities,raw,mapped,excess_return,0.001473,-0.125078,-0.627
2024-04-30,sonnet,equities,raw,mapped,excess_return,-0.002911,-0.127624,-0.641
2024-05-31,sonnet,equities,raw,mapped,excess_return,-0.005579,-0.132491,-0.738
2024-06-30,sonnet,equities,raw,mapped,excess_return,0.004306,-0.128756,-0.521
2024-07-31,sonnet,equities,raw,mapped,excess_return,0.000508,-0.128314,-0.498
2024-08-31,sonnet,equities,raw,mapped,excess_return,-0.002373,-0.130382,-0.202
2024-09-30,sonnet,equities,raw,mapped,excess_return,0.002179,-0.128487,-0.24
2024-10-31,sonnet,equities,raw,mapped,excess_return,0.002007,-0.126738,-0.444
2024-11-30,sonnet,equities,raw,mapped,excess_return,0.012642,-0.115698,1.776
2024-12-31,sonnet,equities,raw,mapped,excess_return,-0.005074,-0.120185,0.987
2025-01-31,sonnet,equities,raw,mapped,excess_return,-0.003569,-0.123325,0.29
2025-02-28,sonnet,equities,raw,mapped,excess_return,0.004381,-0.119485,0.451
2025-03-31,sonnet,equities,raw,mapped,excess_return,0.027748,-0.095052,1.057
2025-04-30,sonnet,equities,raw,mapped,excess_return,0.001759,-0.093461,1.223
2025-05-31,sonnet,equities,raw,mapped,excess_return,-0.002545,-0.095768,1.352
2025-06-30,sonnet,equities,raw,mapped,excess_return,0.014615,-0.082553,1.585
2025-07-31,sonnet,equities,raw,mapped,excess_return,0.009239,-0.074076,1.847
2025-08-31,sonnet,equities,raw,mapped,excess_return,0.004596,-0.06982,2.122
2025-09-30,sonnet,equities,raw,mapped,excess_return,0.007089,-0.063226,2.29
2025-10-31,sonnet,equities,raw,mapped,excess_return,-0.009086,-0.071737,1.759
2025-11-30,sonnet,equities,raw,mapped,excess_return,0.000256,-0.071499,1.435
2025-12-31,sonnet,equities,raw,mapped,excess_return,0.000118,-0.07139,1.64
2026-01-31,sonnet,equities,raw,mapped,excess_return,-0.000325,-0.071691,1.776
2026-02-28,sonnet,equities,raw,mapped,excess_return,0.001204,-0.070574,1.668
2026-03-31,sonnet,equities,raw,mapped,excess_return,0.022873,-0.049315,1.706
2026-04-30,sonnet,equities,raw,mapped,excess_return,-0.068997,-0.114909,-0.266
2026-05-31,sonnet,equities,raw,mapped,excess_return,0.017513,-0.099409,-0.011
2026-06-30,sonnet,equities,raw,mapped,excess_return,-0.007857,-0.106485,-0.293
2021-08-31,sonnet,equities,raw,pm_trade,excess_return,-0.00543,-0.00543,
2021-10-31,sonnet,equities,raw,pm_trade,excess_return,-0.006945,-0.012337,
2021-12-31,sonnet,equities,raw,pm_trade,excess_return,0.013527,0.001023,
2022-02-28,sonnet,equities,raw,pm_trade,excess_return,0.001863,0.002888,
2022-04-30,sonnet,equities,raw,pm_trade,excess_return,0.031404,0.034383,
2022-06-30,sonnet,equities,raw,pm_trade,excess_return,0.020538,0.055627,
2022-07-31,sonnet,equities,raw,pm_trade,excess_return,-0.019663,0.03487,
2022-08-31,sonnet,equities,raw,pm_trade,excess_return,-0.003612,0.031132,
2022-09-30,sonnet,equities,raw,pm_trade,excess_return,-0.023355,0.00705,
2023-03-31,sonnet,equities,raw,pm_trade,excess_return,-0.011586,-0.004617,
2023-04-30,sonnet,equities,raw,pm_trade,excess_return,-0.002915,-0.007518,
2023-05-31,sonnet,equities,raw,pm_trade,excess_return,-0.00165,-0.009156,-0.143
2023-06-30,sonnet,equities,raw,pm_trade,excess_return,-0.013868,-0.022897,-0.289
2023-07-31,sonnet,equities,raw,pm_trade,excess_return,0.007864,-0.015212,-0.026
2023-08-31,sonnet,equities,raw,pm_trade,excess_return,-0.014605,-0.029595,-0.526
2023-09-30,sonnet,equities,raw,pm_trade,excess_return,0.005962,-0.02381,-0.449
2023-10-31,sonnet,equities,raw,pm_trade,excess_return,0.013093,-0.011028,-0.931
2024-01-31,sonnet,equities,raw,pm_trade,excess_return,-0.00753,-0.018475,-1.845
2024-02-29,sonnet,equities,raw,pm_trade,excess_return,-0.005588,-0.02396,-1.605
2024-04-30,sonnet,equities,raw,pm_trade,excess_return,-0.009979,-0.0337,-1.766
2024-05-31,sonnet,equities,raw,pm_trade,excess_return,-0.006376,-0.039861,-1.538
2024-06-30,sonnet,equities,raw,pm_trade,excess_return,0.007829,-0.032345,-0.881
2024-08-31,sonnet,equities,raw,pm_trade,excess_return,0.007909,-0.024691,-0.511
2024-10-31,sonnet,equities,raw,pm_trade,excess_return,0.00223,-0.022516,-0.392
2024-11-30,sonnet,equities,raw,pm_trade,excess_return,0.012642,-0.010159,0.411
2024-12-31,sonnet,equities,raw,pm_trade,excess_return,-0.004583,-0.014696,0.031
2025-01-31,sonnet,equities,raw,pm_trade,excess_return,-0.002231,-0.016894,0.472
2025-04-30,sonnet,equities,raw,pm_trade,excess_return,0.003198,-0.01375,0.38
2025-05-31,sonnet,equities,raw,pm_trade,excess_return,-0.013573,-0.027136,-0.574
2025-06-30,sonnet,equities,raw,pm_trade,excess_return,0.016703,-0.010886,0.254
2025-07-31,sonnet,equities,raw,pm_trade,excess_return,0.014461,0.003417,0.826
2025-08-31,sonnet,equities,raw,pm_trade,excess_return,0.00394,0.007371,1.341
2025-09-30,sonnet,equities,raw,pm_trade,excess_return,0.007733,0.015161,1.894
2025-10-31,sonnet,equities,raw,pm_trade,excess_return,0.00673,0.021993,1.864
2026-01-31,sonnet,equities,raw,pm_trade,excess_return,0.000217,0.022214,1.601
2026-02-28,sonnet,equities,raw,pm_trade,excess_return,-0.002675,0.01948,1.402
2026-03-31,sonnet,equities,raw,pm_trade,excess_return,0.019061,0.038912,1.483
2026-05-31,sonnet,equities,raw,pm_trade,excess_return,-0.019614,0.018534,0.849
2026-06-30,sonnet,equities,raw,pm_trade,excess_return,-0.01,0.008348,0.626
2021-08-31,sonnet,equities,mech,mapped,excess_return,-0.014593,-0.014593,
2021-09-30,sonnet,equities,mech,mapped,excess_return,-0.000957,-0.015536,
2021-10-31,sonnet,equities,mech,mapped,excess_return,-0.006945,-0.022373,
2021-11-30,sonnet,equities,mech,mapped,excess_return,0.000187,-0.02219,
2021-12-31,sonnet,equities,mech,mapped,excess_return,-0.015652,-0.037495,
2022-01-31,sonnet,equities,mech,mapped,excess_return,0.014746,-0.023302,
2022-02-28,sonnet,equities,mech,mapped,excess_return,-0.000419,-0.023712,
2022-03-31,sonnet,equities,mech,mapped,excess_return,-0.004391,-0.027998,
2022-04-30,sonnet,equities,mech,mapped,excess_return,-0.005608,-0.033449,
2022-05-31,sonnet,equities,mech,mapped,excess_return,-0.003881,-0.037201,
2022-06-30,sonnet,equities,mech,mapped,excess_return,0.007628,-0.029856,
2022-07-31,sonnet,equities,mech,mapped,excess_return,-0.023877,-0.05302,-1.5
2022-08-31,sonnet,equities,mech,mapped,excess_return,-0.004154,-0.056953,-1.27
2022-09-30,sonnet,equities,mech,mapped,excess_return,0.035033,-0.023916,-0.142
2022-10-31,sonnet,equities,mech,mapped,excess_return,-0.054412,-0.077027,-0.734
2022-11-30,sonnet,equities,mech,mapped,excess_return,0.005988,-0.0715,-0.651
2022-12-31,sonnet,equities,mech,mapped,excess_return,-0.025333,-0.095022,-0.757
2023-01-31,sonnet,equities,mech,mapped,excess_return,0.004039,-0.091367,-0.922
2023-02-28,sonnet,equities,mech,mapped,excess_return,-0.006188,-0.096989,-1.002
2023-03-31,sonnet,equities,mech,mapped,excess_return,-0.019695,-0.114774,-1.188
2023-04-30,sonnet,equities,mech,mapped,excess_return,0.001661,-0.113304,-1.084
2023-05-31,sonnet,equities,mech,mapped,excess_return,0.000676,-0.112704,-1.021
2023-06-30,sonnet,equities,mech,mapped,excess_return,-0.017058,-0.127839,-1.359
2023-07-31,sonnet,equities,mech,mapped,excess_return,0.000459,-0.127439,-1.059
2023-08-31,sonnet,equities,mech,mapped,excess_return,0.006781,-0.121522,-0.898
2023-09-30,sonnet,equities,mech,mapped,excess_return,0.018334,-0.105416,-1.258
2023-10-31,sonnet,equities,mech,mapped,excess_return,0.006437,-0.099657,-0.541
2023-11-30,sonnet,equities,mech,mapped,excess_return,-0.038932,-0.13471,-1.219
2023-12-31,sonnet,equities,mech,mapped,excess_return,0.018925,-0.118334,-0.43
2024-01-31,sonnet,equities,mech,mapped,excess_return,0.00242,-0.1162,-0.46
2024-02-29,sonnet,equities,mech,mapped,excess_return,-0.006333,-0.121798,-0.463
2024-03-31,sonnet,equities,mech,mapped,excess_return,-0.008321,-0.129105,-0.276
2024-04-30,sonnet,equities,mech,mapped,excess_return,0.005987,-0.123891,-0.195
2024-05-31,sonnet,equities,mech,mapped,excess_return,-0.014187,-0.136321,-0.454
2024-06-30,sonnet,equities,mech,mapped,excess_return,0.000313,-0.13605,-0.151
2024-07-31,sonnet,equities,mech,mapped,excess_return,0.00066,-0.13548,-0.147
2024-08-31,sonnet,equities,mech,mapped,excess_return,-0.000633,-0.136027,-0.289
2024-09-30,sonnet,equities,mech,mapped,excess_return,-0.00333,-0.138904,-0.761
2024-10-31,sonnet,equities,mech,mapped,excess_return,0.002899,-0.136408,-0.845
2024-11-30,sonnet,equities,mech,mapped,excess_return,-0.004515,-0.140307,-0.214
2024-12-31,sonnet,equities,mech,mapped,excess_return,0.000196,-0.140138,-1.287
2025-01-31,sonnet,equities,mech,mapped,excess_return,-0.001361,-0.141308,-1.53
2025-02-28,sonnet,equities,mech,mapped,excess_return,0.005508,-0.136579,-0.852
2025-03-31,sonnet,equities,mech,mapped,excess_return,-0.004897,-0.140807,-0.716
2025-04-30,sonnet,equities,mech,mapped,excess_return,0.001503,-0.139515,-1.032
2025-05-31,sonnet,equities,mech,mapped,excess_return,-0.028842,-0.164334,-1.072
2025-06-30,sonnet,equities,mech,mapped,excess_return,0.014093,-0.152557,-0.54
2025-07-31,sonnet,equities,mech,mapped,excess_return,0.000241,-0.152352,-0.553
2025-08-31,sonnet,equities,mech,mapped,excess_return,-0.001357,-0.153503,-0.574
2025-09-30,sonnet,equities,mech,mapped,excess_return,0.002127,-0.151703,-0.415
2025-10-31,sonnet,equities,mech,mapped,excess_return,0.000538,-0.151246,-0.486
2025-11-30,sonnet,equities,mech,mapped,excess_return,0.000256,-0.151028,-0.349
2025-12-31,sonnet,equities,mech,mapped,excess_return,-0.002674,-0.153299,-0.432
2026-01-31,sonnet,equities,mech,mapped,excess_return,-0.000344,-0.15359,-0.403
2026-02-28,sonnet,equities,mech,mapped,excess_return,0.006099,-0.148428,-0.384
2026-03-31,sonnet,equities,mech,mapped,excess_return,0.011818,-0.138364,0.095
2026-04-30,sonnet,equities,mech,mapped,excess_return,-0.024226,-0.159238,-0.507
2026-05-31,sonnet,equities,mech,mapped,excess_return,0.007285,-0.153113,0.417
2026-06-30,sonnet,equities,mech,mapped,excess_return,0.007286,-0.146942,0.228
2021-08-31,sonnet,equities,mech,pm_trade,excess_return,-0.027149,-0.027149,
2021-09-30,sonnet,equities,mech,pm_trade,excess_return,-0.010941,-0.037793,
2021-10-31,sonnet,equities,mech,pm_trade,excess_return,-0.034724,-0.071205,
2021-11-30,sonnet,equities,mech,pm_trade,excess_return,0.001169,-0.070119,
2021-12-31,sonnet,equities,mech,pm_trade,excess_return,-0.038648,-0.106056,
2022-01-31,sonnet,equities,mech,pm_trade,excess_return,0.069391,-0.044025,
2022-02-28,sonnet,equities,mech,pm_trade,excess_return,-0.009317,-0.052932,
2022-03-31,sonnet,equities,mech,pm_trade,excess_return,-0.037368,-0.088322,
2022-04-30,sonnet,equities,mech,pm_trade,excess_return,-0.089727,-0.170124,
2022-05-31,sonnet,equities,mech,pm_trade,excess_return,-0.007762,-0.176565,
2022-06-30,sonnet,equities,mech,pm_trade,excess_return,0.058681,-0.128246,
2022-07-31,sonnet,equities,mech,pm_trade,excess_return,-0.056181,-0.177222,-1.184
2022-08-31,sonnet,equities,mech,pm_trade,excess_return,-0.018059,-0.192081,-1.129
2022-09-30,sonnet,equities,mech,pm_trade,excess_return,0.116776,-0.097736,-0.226
2022-10-31,sonnet,equities,mech,pm_trade,excess_return,-0.086712,-0.175973,-0.45
2022-11-30,sonnet,equities,mech,pm_trade,excess_return,0.030706,-0.150671,-0.309
2022-12-31,sonnet,equities,mech,pm_trade,excess_return,-0.048025,-0.19146,-0.349
2023-01-31,sonnet,equities,mech,pm_trade,excess_return,0.057705,-0.144803,-0.409
2023-02-28,sonnet,equities,mech,pm_trade,excess_return,-0.026904,-0.167811,-0.488
2023-03-31,sonnet,equities,mech,pm_trade,excess_return,-0.033102,-0.195358,-0.47
2023-04-30,sonnet,equities,mech,pm_trade,excess_return,0.011658,-0.185977,-0.006
2023-05-31,sonnet,equities,mech,pm_trade,excess_return,0.0066,-0.180605,0.066
2023-06-30,sonnet,equities,mech,pm_trade,excess_return,-0.055472,-0.226059,-0.514
2023-07-31,sonnet,equities,mech,pm_trade,excess_return,0.026215,-0.20577,-0.097
2023-08-31,sonnet,equities,mech,pm_trade,excess_return,0.041729,-0.172627,0.21
2023-09-30,sonnet,equities,mech,pm_trade,excess_return,0.029811,-0.147962,-0.293
2023-10-31,sonnet,equities,mech,pm_trade,excess_return,0.043644,-0.110776,0.635
2023-11-30,sonnet,equities,mech,pm_trade,excess_return,-0.104516,-0.203714,-0.297
2023-12-31,sonnet,equities,mech,pm_trade,excess_return,0.043256,-0.16927,0.24
2024-01-31,sonnet,equities,mech,pm_trade,excess_return,0.021515,-0.151397,0.028
2024-02-29,sonnet,equities,mech,pm_trade,excess_return,-0.037254,-0.183011,-0.036
2024-03-31,sonnet,equities,mech,pm_trade,excess_return,-0.029456,-0.207076,-0.014
2024-04-30,sonnet,equities,mech,pm_trade,excess_return,0.033263,-0.180701,0.117
2024-05-31,sonnet,equities,mech,pm_trade,excess_return,-0.031882,-0.206822,-0.114
2024-06-30,sonnet,equities,mech,pm_trade,excess_return,0.031315,-0.181983,0.423
2024-07-31,sonnet,equities,mech,pm_trade,excess_return,0.004064,-0.178659,0.287
2024-08-31,sonnet,equities,mech,pm_trade,excess_return,-0.031637,-0.204644,-0.178
2024-09-30,sonnet,equities,mech,pm_trade,excess_return,-0.01245,-0.214546,-0.46
2024-10-31,sonnet,equities,mech,pm_trade,excess_return,0.008921,-0.207539,-0.729
2024-11-30,sonnet,equities,mech,pm_trade,excess_return,-0.03612,-0.236163,-0.347
2024-12-31,sonnet,equities,mech,pm_trade,excess_return,0.013095,-0.22616,-0.705
2025-01-31,sonnet,equities,mech,pm_trade,excess_return,-0.008922,-0.233064,-1.082
2025-02-28,sonnet,equities,mech,pm_trade,excess_return,0.01669,-0.220264,-0.497
2025-03-31,sonnet,equities,mech,pm_trade,excess_return,-0.065289,-0.271172,-0.758
2025-04-30,sonnet,equities,mech,pm_trade,excess_return,0.012792,-0.261849,-1.021
2025-05-31,sonnet,equities,mech,pm_trade,excess_return,-0.067865,-0.311943,-1.205
2025-06-30,sonnet,equities,mech,pm_trade,excess_return,0.041757,-0.283212,-1.068
2025-07-31,sonnet,equities,mech,pm_trade,excess_return,0.032136,-0.260178,-0.781
2025-08-31,sonnet,equities,mech,pm_trade,excess_return,-0.008755,-0.266655,-0.61
2025-09-30,sonnet,equities,mech,pm_trade,excess_return,0.025777,-0.247751,-0.286
2025-10-31,sonnet,equities,mech,pm_trade,excess_return,0.02692,-0.227501,-0.139
2025-11-30,sonnet,equities,mech,pm_trade,excess_return,0.000932,-0.226781,0.157
2025-12-31,sonnet,equities,mech,pm_trade,excess_return,-0.009467,-0.2341,-0.027
2026-01-31,sonnet,equities,mech,pm_trade,excess_return,-0.000866,-0.234764,0.039
2026-02-28,sonnet,equities,mech,pm_trade,excess_return,0.0107,-0.226576,-0.01
2026-03-31,sonnet,equities,mech,pm_trade,excess_return,0.076242,-0.167608,1.161
2026-04-30,sonnet,equities,mech,pm_trade,excess_return,-0.122661,-0.26971,0.027
2026-05-31,sonnet,equities,mech,pm_trade,excess_return,0.056041,-0.228784,0.749
2026-06-30,sonnet,equities,mech,pm_trade,excess_return,0.028572,-0.206748,0.681
2021-08-31,sonnet,equities,board_mean,mapped,excess_return,-0.014593,-0.014593,
2021-09-30,sonnet,equities,board_mean,mapped,excess_return,-0.000957,-0.015536,
2021-10-31,sonnet,equities,board_mean,mapped,excess_return,-0.006945,-0.022373,
2021-11-30,sonnet,equities,board_mean,mapped,excess_return,0.000187,-0.02219,
2021-12-31,sonnet,equities,board_mean,mapped,excess_return,-0.015652,-0.037495,
2022-01-31,sonnet,equities,board_mean,mapped,excess_return,0.014746,-0.023302,
2022-02-28,sonnet,equities,board_mean,mapped,excess_return,-0.000419,-0.023712,
2022-03-31,sonnet,equities,board_mean,mapped,excess_return,-0.004391,-0.027998,
2022-04-30,sonnet,equities,board_mean,mapped,excess_return,-0.005608,-0.033449,
2022-05-31,sonnet,equities,board_mean,mapped,excess_return,-0.003881,-0.037201,
2022-06-30,sonnet,equities,board_mean,mapped,excess_return,0.007628,-0.029856,
2022-07-31,sonnet,equities,board_mean,mapped,excess_return,-0.023877,-0.05302,-1.5
2022-08-31,sonnet,equities,board_mean,mapped,excess_return,-0.004154,-0.056953,-1.27
2022-09-30,sonnet,equities,board_mean,mapped,excess_return,0.035033,-0.023916,-0.142
2022-10-31,sonnet,equities,board_mean,mapped,excess_return,-0.054412,-0.077027,-0.734
2022-11-30,sonnet,equities,board_mean,mapped,excess_return,0.005988,-0.0715,-0.651
2022-12-31,sonnet,equities,board_mean,mapped,excess_return,-0.025333,-0.095022,-0.757
2023-01-31,sonnet,equities,board_mean,mapped,excess_return,0.004039,-0.091367,-0.922
2023-02-28,sonnet,equities,board_mean,mapped,excess_return,-0.006188,-0.096989,-1.002
2023-03-31,sonnet,equities,board_mean,mapped,excess_return,-0.019695,-0.114774,-1.188
2023-04-30,sonnet,equities,board_mean,mapped,excess_return,0.001661,-0.113304,-1.084
2023-05-31,sonnet,equities,board_mean,mapped,excess_return,0.000676,-0.112704,-1.021
2023-06-30,sonnet,equities,board_mean,mapped,excess_return,-0.017058,-0.127839,-1.359
2023-07-31,sonnet,equities,board_mean,mapped,excess_return,0.000459,-0.127439,-1.059
2023-08-31,sonnet,equities,board_mean,mapped,excess_return,0.006781,-0.121522,-0.898
2023-09-30,sonnet,equities,board_mean,mapped,excess_return,0.018334,-0.105416,-1.258
2023-10-31,sonnet,equities,board_mean,mapped,excess_return,0.006437,-0.099657,-0.541
2023-11-30,sonnet,equities,board_mean,mapped,excess_return,-0.038932,-0.13471,-1.219
2023-12-31,sonnet,equities,board_mean,mapped,excess_return,0.018925,-0.118334,-0.43
2024-01-31,sonnet,equities,board_mean,mapped,excess_return,0.00242,-0.1162,-0.46
2024-02-29,sonnet,equities,board_mean,mapped,excess_return,-0.006333,-0.121798,-0.463
2024-03-31,sonnet,equities,board_mean,mapped,excess_return,-0.008321,-0.129105,-0.276
2024-04-30,sonnet,equities,board_mean,mapped,excess_return,0.005987,-0.123891,-0.195
2024-05-31,sonnet,equities,board_mean,mapped,excess_return,-0.014187,-0.136321,-0.454
2024-06-30,sonnet,equities,board_mean,mapped,excess_return,0.000313,-0.13605,-0.151
2024-07-31,sonnet,equities,board_mean,mapped,excess_return,0.00066,-0.13548,-0.147
2024-08-31,sonnet,equities,board_mean,mapped,excess_return,-0.000633,-0.136027,-0.289
2024-09-30,sonnet,equities,board_mean,mapped,excess_return,-0.00333,-0.138904,-0.761
2024-10-31,sonnet,equities,board_mean,mapped,excess_return,0.002899,-0.136408,-0.845
2024-11-30,sonnet,equities,board_mean,mapped,excess_return,-0.004515,-0.140307,-0.214
2024-12-31,sonnet,equities,board_mean,mapped,excess_return,0.000196,-0.140138,-1.287
2025-01-31,sonnet,equities,board_mean,mapped,excess_return,-0.001361,-0.141308,-1.53
2025-02-28,sonnet,equities,board_mean,mapped,excess_return,0.005508,-0.136579,-0.852
2025-03-31,sonnet,equities,board_mean,mapped,excess_return,-0.004897,-0.140807,-0.716
2025-04-30,sonnet,equities,board_mean,mapped,excess_return,0.001503,-0.139515,-1.032
2025-05-31,sonnet,equities,board_mean,mapped,excess_return,-0.028842,-0.164334,-1.072
2025-06-30,sonnet,equities,board_mean,mapped,excess_return,0.014093,-0.152557,-0.54
2025-07-31,sonnet,equities,board_mean,mapped,excess_return,0.000241,-0.152352,-0.553
2025-08-31,sonnet,equities,board_mean,mapped,excess_return,-0.001357,-0.153503,-0.574
2025-09-30,sonnet,equities,board_mean,mapped,excess_return,0.002127,-0.151703,-0.415
2025-10-31,sonnet,equities,board_mean,mapped,excess_return,0.000538,-0.151246,-0.486
2025-11-30,sonnet,equities,board_mean,mapped,excess_return,0.000256,-0.151028,-0.349
2025-12-31,sonnet,equities,board_mean,mapped,excess_return,-0.002674,-0.153299,-0.432
2026-01-31,sonnet,equities,board_mean,mapped,excess_return,-0.000344,-0.15359,-0.403
2026-02-28,sonnet,equities,board_mean,mapped,excess_return,0.006099,-0.148428,-0.384
2026-03-31,sonnet,equities,board_mean,mapped,excess_return,0.011818,-0.138364,0.095
2026-04-30,sonnet,equities,board_mean,mapped,excess_return,-0.024226,-0.159238,-0.507
2026-05-31,sonnet,equities,board_mean,mapped,excess_return,0.007285,-0.153113,0.417
2026-06-30,sonnet,equities,board_mean,mapped,excess_return,0.007286,-0.146942,0.228
2024-08-31,sonnet,equities,ridge,mapped,excess_return,-0.017056,-0.017056,
2024-09-30,sonnet,equities,ridge,mapped,excess_return,0.00406,-0.013065,
2024-10-31,sonnet,equities,ridge,mapped,excess_return,-0.00285,-0.015879,
2024-11-30,sonnet,equities,ridge,mapped,excess_return,-0.002411,-0.018251,
2024-12-31,sonnet,equities,ridge,mapped,excess_return,0.001891,-0.016395,
2025-01-31,sonnet,equities,ridge,mapped,excess_return,0.00563,-0.010857,
2025-02-28,sonnet,equities,ridge,mapped,excess_return,-0.003699,-0.014516,
2025-03-31,sonnet,equities,ridge,mapped,excess_return,-0.016367,-0.030645,
2025-04-30,sonnet,equities,ridge,mapped,excess_return,-0.000599,-0.031226,
2025-05-31,sonnet,equities,ridge,mapped,excess_return,0.034234,0.001939,
2025-06-30,sonnet,equities,ridge,mapped,excess_return,-0.016791,-0.014884,
2025-07-31,sonnet,equities,ridge,mapped,excess_return,0.004083,-0.010863,-0.206
2025-08-31,sonnet,equities,ridge,mapped,excess_return,0.004248,-0.006661,0.256
2025-09-30,sonnet,equities,ridge,mapped,excess_return,0.001442,-0.005229,0.198
2025-10-31,sonnet,equities,ridge,mapped,excess_return,0.003777,-0.001472,0.348
2025-11-30,sonnet,equities,ridge,mapped,excess_return,-0.000577,-0.002048,0.39
2025-12-31,sonnet,equities,ridge,mapped,excess_return,0.001023,-0.001027,0.37
2026-01-31,sonnet,equities,ridge,mapped,excess_return,0.000326,-0.000701,0.252
2026-02-28,sonnet,equities,ridge,mapped,excess_return,-0.00523,-0.005928,0.216
2026-03-31,sonnet,equities,ridge,mapped,excess_return,-0.00804,-0.013919,0.432
2026-04-30,sonnet,equities,ridge,mapped,excess_return,0.071423,0.05651,1.109
2026-05-31,sonnet,equities,ridge,mapped,excess_return,0.024782,0.082692,1.029
2026-06-30,sonnet,equities,ridge,mapped,excess_return,-0.007863,0.074179,1.181
2021-08-31,sonnet,equities,buy_hold,mapped,excess_return,0.027149,0.027149,
2021-09-30,sonnet,equities,buy_hold,mapped,excess_return,-0.010941,0.015911,
2021-10-31,sonnet,equities,buy_hold,mapped,excess_return,0.034724,0.051188,
2021-11-30,sonnet,equities,buy_hold,mapped,excess_return,-0.001169,0.049959,
2021-12-31,sonnet,equities,buy_hold,mapped,excess_return,0.038648,0.090537,
2022-01-31,sonnet,equities,buy_hold,mapped,excess_return,-0.069391,0.014864,
2022-02-28,sonnet,equities,buy_hold,mapped,excess_return,-0.009317,0.005408,
2022-03-31,sonnet,equities,buy_hold,mapped,excess_return,0.037368,0.042979,
2022-04-30,sonnet,equities,buy_hold,mapped,excess_return,-0.089727,-0.050604,
2022-05-31,sonnet,equities,buy_hold,mapped,excess_return,0.007762,-0.043235,
2022-06-30,sonnet,equities,buy_hold,mapped,excess_return,-0.058681,-0.099378,
2022-07-31,sonnet,equities,buy_hold,mapped,excess_return,0.056181,-0.04878,-0.229
2022-08-31,sonnet,equities,buy_hold,mapped,excess_return,-0.018059,-0.065958,-0.515
2022-09-30,sonnet,equities,buy_hold,mapped,excess_return,-0.116776,-0.175032,-0.968
2022-10-31,sonnet,equities,buy_hold,mapped,excess_return,0.086712,-0.103497,-0.634
2022-11-30,sonnet,equities,buy_hold,mapped,excess_return,0.030706,-0.075969,-0.477
2022-12-31,sonnet,equities,buy_hold,mapped,excess_return,-0.048025,-0.120346,-0.886
2023-01-31,sonnet,equities,buy_hold,mapped,excess_return,0.057705,-0.069586,-0.293
2023-02-28,sonnet,equities,buy_hold,mapped,excess_return,-0.026904,-0.094618,-0.372
2023-03-31,sonnet,equities,buy_hold,mapped,excess_return,0.033102,-0.064648,-0.393
2023-04-30,sonnet,equities,buy_hold,mapped,excess_return,0.011658,-0.053743,0.077
2023-05-31,sonnet,equities,buy_hold,mapped,excess_return,0.0066,-0.047498,0.071
2023-06-30,sonnet,equities,buy_hold,mapped,excess_return,0.055472,0.005339,0.658
2023-07-31,sonnet,equities,buy_hold,mapped,excess_return,0.026215,0.031694,0.519
2023-08-31,sonnet,equities,buy_hold,mapped,excess_return,-0.041729,-0.011357,0.384
2023-09-30,sonnet,equities,buy_hold,mapped,excess_return,-0.029811,-0.04083,1.086
2023-10-31,sonnet,equities,buy_hold,mapped,excess_return,-0.043644,-0.082692,0.232
2023-11-30,sonnet,equities,buy_hold,mapped,excess_return,0.104516,0.013181,0.625
2023-12-31,sonnet,equities,buy_hold,mapped,excess_return,0.043256,0.057008,1.235
2024-01-31,sonnet,equities,buy_hold,mapped,excess_return,0.021515,0.079749,1.048
2024-02-29,sonnet,equities,buy_hold,mapped,excess_return,0.037254,0.119974,1.518
2024-03-31,sonnet,equities,buy_hold,mapped,excess_return,0.029456,0.152964,1.497
2024-04-30,sonnet,equities,buy_hold,mapped,excess_return,-0.033263,0.114612,1.125
2024-05-31,sonnet,equities,buy_hold,mapped,excess_return,0.031882,0.150148,1.282
2024-06-30,sonnet,equities,buy_hold,mapped,excess_return,0.031315,0.186166,1.163
2024-07-31,sonnet,equities,buy_hold,mapped,excess_return,-0.004064,0.181346,0.961
2024-08-31,sonnet,equities,buy_hold,mapped,excess_return,0.031637,0.21872,1.553
2024-09-30,sonnet,equities,buy_hold,mapped,excess_return,0.01245,0.233893,1.988
2024-10-31,sonnet,equities,buy_hold,mapped,excess_return,0.008921,0.2449,2.798
2024-11-30,sonnet,equities,buy_hold,mapped,excess_return,0.03612,0.289866,3.277
2024-12-31,sonnet,equities,buy_hold,mapped,excess_return,-0.013095,0.272975,2.446
2025-01-31,sonnet,equities,buy_hold,mapped,excess_return,0.008922,0.284332,2.284
2025-02-28,sonnet,equities,buy_hold,mapped,excess_return,-0.01669,0.262897,1.556
2025-03-31,sonnet,equities,buy_hold,mapped,excess_return,-0.065289,0.180444,0.271
2025-04-30,sonnet,equities,buy_hold,mapped,excess_return,-0.012792,0.165344,0.489
2025-05-31,sonnet,equities,buy_hold,mapped,excess_return,0.067865,0.244429,0.731
2025-06-30,sonnet,equities,buy_hold,mapped,excess_return,0.041757,0.296392,0.801
2025-07-31,sonnet,equities,buy_hold,mapped,excess_return,0.032136,0.338053,1.09
2025-08-31,sonnet,equities,buy_hold,mapped,excess_return,0.008755,0.349768,0.917
2025-09-30,sonnet,equities,buy_hold,mapped,excess_return,0.025777,0.384561,1.019
2025-10-31,sonnet,equities,buy_hold,mapped,excess_return,0.02692,0.421834,1.158
2025-11-30,sonnet,equities,buy_hold,mapped,excess_return,-0.000932,0.420508,0.871
2025-12-31,sonnet,equities,buy_hold,mapped,excess_return,0.009467,0.433956,1.082
2026-01-31,sonnet,equities,buy_hold,mapped,excess_return,-0.000866,0.432714,0.993
2026-02-28,sonnet,equities,buy_hold,mapped,excess_return,-0.0107,0.417384,1.057
2026-03-31,sonnet,equities,buy_hold,mapped,excess_return,-0.076242,0.30932,0.899
2026-04-30,sonnet,equities,buy_hold,mapped,excess_return,0.122661,0.469922,1.498
2026-05-31,sonnet,equities,buy_hold,mapped,excess_return,0.056041,0.552298,1.455
2026-06-30,sonnet,equities,buy_hold,mapped,excess_return,-0.028572,0.507946,0.991
2021-07-31,sonnet,duration,full,yield_pnl,pp_yield,-0.0135,-0.0135,
2021-08-31,sonnet,duration,full,yield_pnl,pp_yield,-0.082,-0.0955,
2021-09-30,sonnet,duration,full,yield_pnl,pp_yield,0.068,-0.0275,
2021-10-31,sonnet,duration,full,yield_pnl,pp_yield,0.032,0.0045,
2022-01-31,sonnet,duration,full,yield_pnl,pp_yield,0.116,0.1205,
2022-02-28,sonnet,duration,full,yield_pnl,pp_yield,0.4655,0.586,
2022-03-31,sonnet,duration,full,yield_pnl,pp_yield,0.51,1.096,
2022-04-30,sonnet,duration,full,yield_pnl,pp_yield,-0.092,1.004,
2022-06-30,sonnet,duration,full,yield_pnl,pp_yield,0.164,1.168,
2022-07-31,sonnet,duration,full,yield_pnl,pp_yield,-0.308,0.86,
2022-08-31,sonnet,duration,full,yield_pnl,pp_yield,0.3195,1.1795,
2022-09-30,sonnet,duration,full,yield_pnl,pp_yield,0.2365,1.416,1.716
2022-10-31,sonnet,duration,full,yield_pnl,pp_yield,-0.2345,1.1815,1.342
2022-11-30,sonnet,duration,full,yield_pnl,pp_yield,0.089,1.2705,1.573
2022-12-31,sonnet,duration,full,yield_pnl,pp_yield,-0.25,1.0205,1.113
2023-01-31,sonnet,duration,full,yield_pnl,pp_yield,-0.48,0.5405,0.487
2023-02-28,sonnet,duration,full,yield_pnl,pp_yield,-0.5045,0.036,-0.069
2023-03-31,sonnet,duration,full,yield_pnl,pp_yield,0.028,0.064,-0.469
2023-04-30,sonnet,duration,full,yield_pnl,pp_yield,0.208,0.272,-0.838
2023-06-30,sonnet,duration,full,yield_pnl,pp_yield,0.1,0.372,-0.634
2023-07-31,sonnet,duration,full,yield_pnl,pp_yield,0.0555,0.4275,-0.758
2023-08-31,sonnet,duration,full,yield_pnl,pp_yield,-0.22,0.2075,-0.682
2023-09-30,sonnet,duration,full,yield_pnl,pp_yield,0.19,0.3975,-0.861
2023-11-30,sonnet,duration,full,yield_pnl,pp_yield,0.3705,0.768,-0.671
2024-03-31,sonnet,duration,full,yield_pnl,pp_yield,0.378,1.146,-0.034
2024-05-31,sonnet,duration,full,yield_pnl,pp_yield,-0.0975,1.0485,-0.215
2024-06-30,sonnet,duration,full,yield_pnl,pp_yield,0.249,1.2975,0.269
2024-07-31,sonnet,duration,full,yield_pnl,pp_yield,0.186,1.4835,1.073
2024-08-31,sonnet,duration,full,yield_pnl,pp_yield,0.135,1.6185,2.608
2024-09-30,sonnet,duration,full,yield_pnl,pp_yield,0.3865,2.005,3.012
2024-10-31,sonnet,duration,full,yield_pnl,pp_yield,-0.064,1.941,2.456
2024-11-30,sonnet,duration,full,yield_pnl,pp_yield,0.17,2.111,2.562
2024-12-31,sonnet,duration,full,yield_pnl,pp_yield,-0.0105,2.1005,2.42
2025-01-31,sonnet,duration,full,yield_pnl,pp_yield,-0.2675,1.833,2.259
2025-02-28,sonnet,duration,full,yield_pnl,pp_yield,0.0395,1.8725,2.041
2025-03-31,sonnet,duration,full,yield_pnl,pp_yield,-0.108,1.7645,1.42
2025-04-30,sonnet,duration,full,yield_pnl,pp_yield,-0.2095,1.555,0.603
2025-05-31,sonnet,duration,full,yield_pnl,pp_yield,-0.102,1.453,0.596
2025-06-30,sonnet,duration,full,yield_pnl,pp_yield,-0.166,1.287,-0.016
2025-07-31,sonnet,duration,full,yield_pnl,pp_yield,-0.2415,1.0455,-0.655
2025-08-31,sonnet,duration,full,yield_pnl,pp_yield,0.0125,1.058,-0.869
2025-09-30,sonnet,duration,full,yield_pnl,pp_yield,-0.0125,1.0455,-2.155
2025-10-31,sonnet,duration,full,yield_pnl,pp_yield,-0.064,0.9815,-2.155
2025-11-30,sonnet,duration,full,yield_pnl,pp_yield,-0.048,0.9335,-3.307
2025-12-31,sonnet,duration,full,yield_pnl,pp_yield,-0.0455,0.888,-3.481
2026-01-31,sonnet,duration,full,yield_pnl,pp_yield,-0.1795,0.7085,-3.608
2026-02-28,sonnet,duration,full,yield_pnl,pp_yield,-0.288,0.4205,-4.394
2026-03-31,sonnet,duration,full,yield_pnl,pp_yield,0.0865,0.507,-3.22
2026-04-30,sonnet,duration,full,yield_pnl,pp_yield,0.06,0.567,-2.443
2026-05-31,sonnet,duration,full,yield_pnl,pp_yield,0.029,0.596,-2.048
2021-07-31,sonnet,duration,conv,yield_pnl,pp_yield,-0.0235,-0.0235,
2021-08-31,sonnet,duration,conv,yield_pnl,pp_yield,-0.071,-0.0945,
2021-09-30,sonnet,duration,conv,yield_pnl,pp_yield,0.075,-0.0195,
2021-10-31,sonnet,duration,conv,yield_pnl,pp_yield,0.024,0.0045,
2021-11-30,sonnet,duration,conv,yield_pnl,pp_yield,0.06,0.0645,
2021-12-31,sonnet,duration,conv,yield_pnl,pp_yield,0.252,0.3165,
2022-01-31,sonnet,duration,conv,yield_pnl,pp_yield,0.06,0.3765,
2022-02-28,sonnet,duration,conv,yield_pnl,pp_yield,0.63,1.0065,
2022-03-31,sonnet,duration,conv,yield_pnl,pp_yield,0.51,1.5165,
2022-04-30,sonnet,duration,conv,yield_pnl,pp_yield,-0.0815,1.435,
2022-05-31,sonnet,duration,conv,yield_pnl,pp_yield,0.234,1.669,
2022-06-30,sonnet,duration,conv,yield_pnl,pp_yield,0.0835,1.7525,2.259
2022-07-31,sonnet,duration,conv,yield_pnl,pp_yield,0.308,2.0605,2.715
2022-08-31,sonnet,duration,conv,yield_pnl,pp_yield,0.571,2.6315,3.358
2022-09-30,sonnet,duration,conv,yield_pnl,pp_yield,0.167,2.7985,3.531
2022-10-31,sonnet,duration,conv,yield_pnl,pp_yield,-0.1795,2.619,2.976
2022-11-30,sonnet,duration,conv,yield_pnl,pp_yield,0.089,2.708,3.027
2022-12-31,sonnet,duration,conv,yield_pnl,pp_yield,-0.25,2.458,2.163
2023-01-31,sonnet,duration,conv,yield_pnl,pp_yield,0.29,2.748,2.404
2023-02-28,sonnet,duration,conv,yield_pnl,pp_yield,-0.4825,2.2655,1.168
2023-03-31,sonnet,duration,conv,yield_pnl,pp_yield,-0.026,2.2395,0.732
2023-04-30,sonnet,duration,conv,yield_pnl,pp_yield,0.264,2.5035,1.075
2023-05-31,sonnet,duration,conv,yield_pnl,pp_yield,0.145,2.6485,0.996
2023-06-30,sonnet,duration,conv,yield_pnl,pp_yield,0.083,2.7315,0.995
2023-07-31,sonnet,duration,conv,yield_pnl,pp_yield,0.0675,2.799,0.776
2023-09-30,sonnet,duration,conv,yield_pnl,pp_yield,0.1445,2.9435,0.398
2023-10-31,sonnet,duration,conv,yield_pnl,pp_yield,-0.3485,2.595,-0.24
2023-11-30,sonnet,duration,conv,yield_pnl,pp_yield,-0.247,2.348,-0.313
2023-12-31,sonnet,duration,conv,yield_pnl,pp_yield,0.067,2.415,-0.339
2024-01-31,sonnet,duration,conv,yield_pnl,pp_yield,-0.189,2.226,-0.274
2024-02-29,sonnet,duration,conv,yield_pnl,pp_yield,-0.03,2.196,-0.71
2024-03-31,sonnet,duration,conv,yield_pnl,pp_yield,0.284,2.48,0.315
2024-04-30,sonnet,duration,conv,yield_pnl,pp_yield,-0.1515,2.3285,0.127
2024-05-31,sonnet,duration,conv,yield_pnl,pp_yield,-0.162,2.1665,-0.512
2024-06-30,sonnet,duration,conv,yield_pnl,pp_yield,-0.261,1.9055,-1.114
2024-07-31,sonnet,duration,conv,yield_pnl,pp_yield,-0.242,1.6635,-1.596
2024-08-31,sonnet,duration,conv,yield_pnl,pp_yield,-0.0975,1.566,-1.906
2024-09-30,sonnet,duration,conv,yield_pnl,pp_yield,0.41,1.976,-1.217
2024-10-31,sonnet,duration,conv,yield_pnl,pp_yield,-0.0655,1.9105,-0.925
2024-11-30,sonnet,duration,conv,yield_pnl,pp_yield,0.19,2.1005,-0.332
2024-12-31,sonnet,duration,conv,yield_pnl,pp_yield,-0.012,2.0885,-0.441
2025-01-31,sonnet,duration,conv,yield_pnl,pp_yield,-0.296,1.7925,-0.561
2025-02-28,sonnet,duration,conv,yield_pnl,pp_yield,-0.0285,1.764,-0.559
2025-03-31,sonnet,duration,conv,yield_pnl,pp_yield,-0.111,1.653,-1.197
2025-04-30,sonnet,duration,conv,yield_pnl,pp_yield,-0.0795,1.5735,-1.102
2025-05-31,sonnet,duration,conv,yield_pnl,pp_yield,-0.17,1.4035,-1.111
2025-06-30,sonnet,duration,conv,yield_pnl,pp_yield,0.035,1.4385,-0.711
2025-07-31,sonnet,duration,conv,yield_pnl,pp_yield,-0.1715,1.267,-0.623
2025-08-31,sonnet,duration,conv,yield_pnl,pp_yield,-0.019,1.248,-0.502
2025-09-30,sonnet,duration,conv,yield_pnl,pp_yield,-0.0175,1.2305,-1.776
2025-10-31,sonnet,duration,conv,yield_pnl,pp_yield,-0.055,1.1755,-1.751
2025-11-30,sonnet,duration,conv,yield_pnl,pp_yield,0.048,1.2235,-2.547
2025-12-31,sonnet,duration,conv,yield_pnl,pp_yield,0.047,1.2705,-2.27
2026-01-31,sonnet,duration,conv,yield_pnl,pp_yield,-0.1365,1.134,-2.388
2026-02-28,sonnet,duration,conv,yield_pnl,pp_yield,-0.259,0.875,-2.611
2026-03-31,sonnet,duration,conv,yield_pnl,pp_yield,0.086,0.961,-1.857
2026-04-30,sonnet,duration,conv,yield_pnl,pp_yield,0.0425,1.0035,-1.482
2026-05-31,sonnet,duration,conv,yield_pnl,pp_yield,0.0135,1.017,-1.062
2021-07-31,sonnet,duration,raw,yield_pnl,pp_yield,0.035,0.035,
2021-08-31,sonnet,duration,raw,yield_pnl,pp_yield,0.12,0.155,
2021-09-30,sonnet,duration,raw,yield_pnl,pp_yield,0.115,0.27,
2022-01-31,sonnet,duration,raw,yield_pnl,pp_yield,0.15,0.42,
2022-02-28,sonnet,duration,raw,yield_pnl,pp_yield,0.63,1.05,
2022-05-31,sonnet,duration,raw,yield_pnl,pp_yield,0.26,1.31,
2022-07-31,sonnet,duration,raw,yield_pnl,pp_yield,0.208,1.518,
2022-09-30,sonnet,duration,raw,yield_pnl,pp_yield,0.278,1.796,
2022-10-31,sonnet,duration,raw,yield_pnl,pp_yield,-0.22,1.576,
2022-11-30,sonnet,duration,raw,yield_pnl,pp_yield,-0.069,1.507,
2022-12-31,sonnet,duration,raw,yield_pnl,pp_yield,-0.28,1.227,
2023-01-31,sonnet,duration,raw,yield_pnl,pp_yield,-0.4,0.827,0.848
2023-02-28,sonnet,duration,raw,yield_pnl,pp_yield,0.401,1.228,1.16
2023-04-30,sonnet,duration,raw,yield_pnl,pp_yield,-0.244,0.984,0.765
2023-06-30,sonnet,duration,raw,yield_pnl,pp_yield,0.0915,1.0755,0.744
2023-07-31,sonnet,duration,raw,yield_pnl,pp_yield,0.06,1.1355,0.663
2023-09-30,sonnet,duration,raw,yield_pnl,pp_yield,0.19,1.3255,0.306
2023-11-30,sonnet,duration,raw,yield_pnl,pp_yield,0.347,1.6725,0.39
2023-12-31,sonnet,duration,raw,yield_pnl,pp_yield,-0.06,1.6125,0.104
2024-01-31,sonnet,duration,raw,yield_pnl,pp_yield,-0.315,1.2975,-0.547
2024-02-29,sonnet,duration,raw,yield_pnl,pp_yield,0.04,1.3375,-0.267
2024-03-31,sonnet,duration,raw,yield_pnl,pp_yield,0.331,1.6685,0.169
2024-04-30,sonnet,duration,raw,yield_pnl,pp_yield,-0.1515,1.517,0.315
2024-05-31,sonnet,duration,raw,yield_pnl,pp_yield,-0.099,1.418,0.727
2024-06-30,sonnet,duration,raw,yield_pnl,pp_yield,0.345,1.763,0.678
2024-07-31,sonnet,duration,raw,yield_pnl,pp_yield,0.28,2.043,1.407
2024-08-31,sonnet,duration,raw,yield_pnl,pp_yield,0.175,2.218,1.508
2024-09-30,sonnet,duration,raw,yield_pnl,pp_yield,-0.485,1.733,0.625
2024-10-31,sonnet,duration,raw,yield_pnl,pp_yield,-0.072,1.661,0.353
2024-12-31,sonnet,duration,raw,yield_pnl,pp_yield,-0.012,1.649,-0.027
2025-01-31,sonnet,duration,raw,yield_pnl,pp_yield,-0.296,1.353,-0.279
2025-02-28,sonnet,duration,raw,yield_pnl,pp_yield,0.045,1.398,0.115
2025-03-31,sonnet,duration,raw,yield_pnl,pp_yield,0.14,1.538,0.227
2025-04-30,sonnet,duration,raw,yield_pnl,pp_yield,-0.236,1.302,-0.434
2025-05-31,sonnet,duration,raw,yield_pnl,pp_yield,-0.119,1.183,-0.397
2025-06-30,sonnet,duration,raw,yield_pnl,pp_yield,-0.14,1.043,-0.443
2025-07-31,sonnet,duration,raw,yield_pnl,pp_yield,-0.147,0.896,-1.166
2025-08-31,sonnet,duration,raw,yield_pnl,pp_yield,-0.038,0.858,-1.85
2025-10-31,sonnet,duration,raw,yield_pnl,pp_yield,0.066,0.924,-2.166
2025-11-30,sonnet,duration,raw,yield_pnl,pp_yield,-0.096,0.828,-2.087
2026-02-28,sonnet,duration,raw,yield_pnl,pp_yield,-0.329,0.499,-2.314
2026-03-31,sonnet,duration,raw,yield_pnl,pp_yield,0.086,0.585,-2.011
2026-04-30,sonnet,duration,raw,yield_pnl,pp_yield,0.07,0.655,-1.401
2026-05-31,sonnet,duration,raw,yield_pnl,pp_yield,0.028,0.683,-1.445
2021-07-31,sonnet,duration,mech,yield_pnl,pp_yield,-0.035,-0.035,
2021-08-31,sonnet,duration,mech,yield_pnl,pp_yield,-0.15,-0.185,
2021-09-30,sonnet,duration,mech,yield_pnl,pp_yield,0.115,-0.07,
2021-10-31,sonnet,duration,mech,yield_pnl,pp_yield,0.04,-0.03,
2021-11-30,sonnet,duration,mech,yield_pnl,pp_yield,-0.15,-0.18,
2021-12-31,sonnet,duration,mech,yield_pnl,pp_yield,0.36,0.18,
2022-01-31,sonnet,duration,mech,yield_pnl,pp_yield,0.15,0.33,
2022-02-28,sonnet,duration,mech,yield_pnl,pp_yield,0.665,0.995,
2022-03-31,sonnet,duration,mech,yield_pnl,pp_yield,0.495,1.49,
2022-04-30,sonnet,duration,mech,yield_pnl,pp_yield,-0.105,1.385,
2022-05-31,sonnet,duration,mech,yield_pnl,pp_yield,0.26,1.645,
2022-06-30,sonnet,duration,mech,yield_pnl,pp_yield,-0.17,1.475,1.553
2022-07-31,sonnet,duration,mech,yield_pnl,pp_yield,0.52,1.995,2.011
2022-08-31,sonnet,duration,mech,yield_pnl,pp_yield,0.725,2.72,2.68
2022-09-30,sonnet,duration,mech,yield_pnl,pp_yield,0.28,3.0,2.855
2022-10-31,sonnet,duration,mech,yield_pnl,pp_yield,-0.275,2.725,2.325
2022-11-30,sonnet,duration,mech,yield_pnl,pp_yield,0.115,2.84,2.696
2022-12-31,sonnet,duration,mech,yield_pnl,pp_yield,-0.28,2.56,1.935
2023-01-31,sonnet,duration,mech,yield_pnl,pp_yield,-0.5,2.06,1.222
2023-02-28,sonnet,duration,mech,yield_pnl,pp_yield,-0.595,1.465,0.32
2023-03-31,sonnet,duration,mech,yield_pnl,pp_yield,0.03,1.495,0.004
2023-04-30,sonnet,duration,mech,yield_pnl,pp_yield,0.28,1.775,0.278
2023-05-31,sonnet,duration,mech,yield_pnl,pp_yield,0.32,2.095,0.318
2023-06-30,sonnet,duration,mech,yield_pnl,pp_yield,0.085,2.18,0.504
2023-07-31,sonnet,duration,mech,yield_pnl,pp_yield,0.045,2.225,0.176
2023-08-31,sonnet,duration,mech,yield_pnl,pp_yield,-0.34,1.885,-0.763
2023-09-30,sonnet,duration,mech,yield_pnl,pp_yield,0.165,2.05,-0.896
2023-10-31,sonnet,duration,mech,yield_pnl,pp_yield,-0.425,1.625,-1.0
2023-11-30,sonnet,duration,mech,yield_pnl,pp_yield,0.495,2.12,-0.583
2023-12-31,sonnet,duration,mech,yield_pnl,pp_yield,-0.075,2.045,-0.425
2024-01-31,sonnet,duration,mech,yield_pnl,pp_yield,-0.315,1.73,-0.287
2024-02-29,sonnet,duration,mech,yield_pnl,pp_yield,-0.05,1.68,0.222
2024-03-31,sonnet,duration,mech,yield_pnl,pp_yield,0.47,2.15,0.612
2024-04-30,sonnet,duration,mech,yield_pnl,pp_yield,-0.165,1.985,0.198
2024-05-31,sonnet,duration,mech,yield_pnl,pp_yield,-0.165,1.82,-0.27
2024-06-30,sonnet,duration,mech,yield_pnl,pp_yield,0.345,2.165,-0.014
2024-07-31,sonnet,duration,mech,yield_pnl,pp_yield,-0.28,1.885,-0.305
2024-08-31,sonnet,duration,mech,yield_pnl,pp_yield,0.175,2.06,0.163
2024-09-30,sonnet,duration,mech,yield_pnl,pp_yield,-0.485,1.575,-0.406
2024-10-31,sonnet,duration,mech,yield_pnl,pp_yield,-0.065,1.51,-0.105
2024-11-30,sonnet,duration,mech,yield_pnl,pp_yield,0.26,1.77,-0.352
2024-12-31,sonnet,duration,mech,yield_pnl,pp_yield,-0.015,1.755,-0.292
2025-01-31,sonnet,duration,mech,yield_pnl,pp_yield,-0.285,1.47,-0.264
2025-02-28,sonnet,duration,mech,yield_pnl,pp_yield,-0.055,1.415,-0.269
2025-03-31,sonnet,duration,mech,yield_pnl,pp_yield,-0.175,1.24,-1.093
2025-04-30,sonnet,duration,mech,yield_pnl,pp_yield,0.265,1.505,-0.538
2025-05-31,sonnet,duration,mech,yield_pnl,pp_yield,-0.17,1.335,-0.544
2025-06-30,sonnet,duration,mech,yield_pnl,pp_yield,0.0,1.335,-1.05
2025-07-31,sonnet,duration,mech,yield_pnl,pp_yield,-0.245,1.09,-1.018
2025-08-31,sonnet,duration,mech,yield_pnl,pp_yield,0.03,1.12,-1.262
2025-09-30,sonnet,duration,mech,yield_pnl,pp_yield,0.025,1.145,-0.714
2025-10-31,sonnet,duration,mech,yield_pnl,pp_yield,0.11,1.255,-0.413
2025-11-30,sonnet,duration,mech,yield_pnl,pp_yield,-0.08,1.175,-1.107
2025-12-31,sonnet,duration,mech,yield_pnl,pp_yield,-0.065,1.11,-1.203
2026-01-31,sonnet,duration,mech,yield_pnl,pp_yield,0.215,1.325,-0.271
2026-02-28,sonnet,duration,mech,yield_pnl,pp_yield,-0.37,0.955,-0.715
2026-03-31,sonnet,duration,mech,yield_pnl,pp_yield,0.095,1.05,-0.298
2026-04-30,sonnet,duration,mech,yield_pnl,pp_yield,-0.075,0.975,-0.946
2026-05-31,sonnet,duration,mech,yield_pnl,pp_yield,0.045,1.02,-0.574
2021-07-31,sonnet,curve,full,yield_pnl,pp_yield,-0.025,-0.025,
2021-08-31,sonnet,curve,full,yield_pnl,pp_yield,-0.07,-0.095,
2021-09-30,sonnet,curve,full,yield_pnl,pp_yield,-0.085,-0.18,
2021-10-31,sonnet,curve,full,yield_pnl,pp_yield,0.08,-0.1,
2021-11-30,sonnet,curve,full,yield_pnl,pp_yield,-0.06,-0.16,
2021-12-31,sonnet,curve,full,yield_pnl,pp_yield,0.09,-0.07,
2022-01-31,sonnet,curve,full,yield_pnl,pp_yield,0.11,0.04,
2022-02-28,sonnet,curve,full,yield_pnl,pp_yield,0.175,0.215,
2022-03-31,sonnet,curve,full,yield_pnl,pp_yield,0.075,0.29,
2022-04-30,sonnet,curve,full,yield_pnl,pp_yield,-0.065,0.225,
2022-05-31,sonnet,curve,full,yield_pnl,pp_yield,-0.13,0.095,
2022-07-31,sonnet,curve,full,yield_pnl,pp_yield,0.04,0.135,0.408
2022-08-31,sonnet,curve,full,yield_pnl,pp_yield,0.045,0.18,0.621
2022-10-31,sonnet,curve,full,yield_pnl,pp_yield,0.145,0.325,1.242
2022-11-30,sonnet,curve,full,yield_pnl,pp_yield,0.085,0.41,1.878
2022-12-31,sonnet,curve,full,yield_pnl,pp_yield,-0.08,0.33,1.276
2023-01-31,sonnet,curve,full,yield_pnl,pp_yield,-0.1,0.23,1.11
2023-02-28,sonnet,curve,full,yield_pnl,pp_yield,-0.155,0.075,0.371
2023-03-31,sonnet,curve,full,yield_pnl,pp_yield,-0.01,0.065,0.066
2023-04-30,sonnet,curve,full,yield_pnl,pp_yield,0.08,0.145,-0.207
2023-05-31,sonnet,curve,full,yield_pnl,pp_yield,0.15,0.295,0.014
2023-07-31,sonnet,curve,full,yield_pnl,pp_yield,0.075,0.37,0.397
2023-08-31,sonnet,curve,full,yield_pnl,pp_yield,0.16,0.53,1.219
2023-09-30,sonnet,curve,full,yield_pnl,pp_yield,0.125,0.655,1.414
2023-10-31,sonnet,curve,full,yield_pnl,pp_yield,0.085,0.74,1.513
2023-11-30,sonnet,curve,full,yield_pnl,pp_yield,0.005,0.745,1.18
2023-12-31,sonnet,curve,full,yield_pnl,pp_yield,0.035,0.78,1.052
2024-03-31,sonnet,curve,full,yield_pnl,pp_yield,0.02,0.8,1.421
2024-04-30,sonnet,curve,full,yield_pnl,pp_yield,-0.015,0.785,1.841
2024-05-31,sonnet,curve,full,yield_pnl,pp_yield,0.015,0.8,3.413
2024-06-30,sonnet,curve,full,yield_pnl,pp_yield,0.075,0.875,4.086
2024-07-31,sonnet,curve,full,yield_pnl,pp_yield,0.1,0.975,4.137
2024-08-31,sonnet,curve,full,yield_pnl,pp_yield,-0.075,0.9,2.674
2024-09-30,sonnet,curve,full,yield_pnl,pp_yield,-0.015,0.885,2.207
2024-10-31,sonnet,curve,full,yield_pnl,pp_yield,0.035,0.92,1.997
2024-11-30,sonnet,curve,full,yield_pnl,pp_yield,0.14,1.06,1.99
2024-12-31,sonnet,curve,full,yield_pnl,pp_yield,0.015,1.075,1.708
2025-02-28,sonnet,curve,full,yield_pnl,pp_yield,0.045,1.12,1.922
2025-03-31,sonnet,curve,full,yield_pnl,pp_yield,0.115,1.235,2.142
2025-04-30,sonnet,curve,full,yield_pnl,pp_yield,-0.025,1.21,1.854
2025-05-31,sonnet,curve,full,yield_pnl,pp_yield,0.0,1.21,1.949
2025-06-30,sonnet,curve,full,yield_pnl,pp_yield,-0.027,1.183,1.693
2025-07-31,sonnet,curve,full,yield_pnl,pp_yield,-0.105,1.078,0.786
2025-08-31,sonnet,curve,full,yield_pnl,pp_yield,-0.04,1.038,0.255
2025-10-31,sonnet,curve,full,yield_pnl,pp_yield,-0.02,1.018,0.507
2025-11-30,sonnet,curve,full,yield_pnl,pp_yield,0.08,1.098,0.883
2025-12-31,sonnet,curve,full,yield_pnl,pp_yield,0.015,1.113,0.803
2026-01-31,sonnet,curve,full,yield_pnl,pp_yield,-0.075,1.038,-0.103
2026-02-28,sonnet,curve,full,yield_pnl,pp_yield,0.048,1.086,0.05
2026-03-31,sonnet,curve,full,yield_pnl,pp_yield,0.005,1.091,-0.135
2026-05-31,sonnet,curve,full,yield_pnl,pp_yield,0.085,1.176,-0.298
2021-07-31,sonnet,curve,conv,yield_pnl,pp_yield,-0.025,-0.025,
2021-08-31,sonnet,curve,conv,yield_pnl,pp_yield,-0.07,-0.095,
2021-09-30,sonnet,curve,conv,yield_pnl,pp_yield,-0.085,-0.18,
2021-10-31,sonnet,curve,conv,yield_pnl,pp_yield,-0.08,-0.26,
2021-11-30,sonnet,curve,conv,yield_pnl,pp_yield,0.06,-0.2,
2021-12-31,sonnet,curve,conv,yield_pnl,pp_yield,-0.09,-0.29,
2022-01-31,sonnet,curve,conv,yield_pnl,pp_yield,0.11,-0.18,
2022-02-28,sonnet,curve,conv,yield_pnl,pp_yield,0.175,-0.005,
2022-03-31,sonnet,curve,conv,yield_pnl,pp_yield,0.075,0.07,
2022-04-30,sonnet,curve,conv,yield_pnl,pp_yield,0.065,0.135,
2022-07-31,sonnet,curve,conv,yield_pnl,pp_yield,-0.04,0.095,
2022-08-31,sonnet,curve,conv,yield_pnl,pp_yield,-0.045,0.05,0.162
2022-11-30,sonnet,curve,conv,yield_pnl,pp_yield,0.085,0.135,0.506
2022-12-31,sonnet,curve,conv,yield_pnl,pp_yield,-0.08,0.055,0.47
2023-01-31,sonnet,curve,conv,yield_pnl,pp_yield,0.1,0.155,1.078
2023-02-28,sonnet,curve,conv,yield_pnl,pp_yield,0.155,0.31,1.835
2023-03-31,sonnet,curve,conv,yield_pnl,pp_yield,-0.01,0.3,1.585
2023-04-30,sonnet,curve,conv,yield_pnl,pp_yield,0.08,0.38,2.375
2023-05-31,sonnet,curve,conv,yield_pnl,pp_yield,-0.15,0.23,1.201
2023-06-30,sonnet,curve,conv,yield_pnl,pp_yield,0.075,0.305,1.002
2023-07-31,sonnet,curve,conv,yield_pnl,pp_yield,0.075,0.38,1.002
2023-08-31,sonnet,curve,conv,yield_pnl,pp_yield,-0.16,0.22,0.238
2023-09-30,sonnet,curve,conv,yield_pnl,pp_yield,0.125,0.345,0.674
2023-10-31,sonnet,curve,conv,yield_pnl,pp_yield,-0.085,0.26,0.552
2023-11-30,sonnet,curve,conv,yield_pnl,pp_yield,0.005,0.265,0.348
2023-12-31,sonnet,curve,conv,yield_pnl,pp_yield,0.035,0.3,0.68
2024-01-31,sonnet,curve,conv,yield_pnl,pp_yield,0.055,0.355,0.568
2024-02-29,sonnet,curve,conv,yield_pnl,pp_yield,0.0,0.355,0.141
2024-03-31,sonnet,curve,conv,yield_pnl,pp_yield,0.02,0.375,0.236
2024-04-30,sonnet,curve,conv,yield_pnl,pp_yield,-0.015,0.36,-0.065
2024-05-31,sonnet,curve,conv,yield_pnl,pp_yield,0.015,0.375,0.553
2024-06-30,sonnet,curve,conv,yield_pnl,pp_yield,0.075,0.45,0.553
2024-07-31,sonnet,curve,conv,yield_pnl,pp_yield,-0.1,0.35,-0.109
2024-08-31,sonnet,curve,conv,yield_pnl,pp_yield,-0.075,0.275,0.238
2024-09-30,sonnet,curve,conv,yield_pnl,pp_yield,-0.015,0.26,-0.446
2024-10-31,sonnet,curve,conv,yield_pnl,pp_yield,-0.035,0.225,-0.201
2024-11-30,sonnet,curve,conv,yield_pnl,pp_yield,0.14,0.365,0.444
2024-12-31,sonnet,curve,conv,yield_pnl,pp_yield,0.015,0.38,0.358
2025-01-31,sonnet,curve,conv,yield_pnl,pp_yield,-0.055,0.325,-0.133
2025-02-28,sonnet,curve,conv,yield_pnl,pp_yield,-0.045,0.28,-0.328
2025-04-30,sonnet,curve,conv,yield_pnl,pp_yield,-0.025,0.255,-0.527
2025-05-31,sonnet,curve,conv,yield_pnl,pp_yield,0.0,0.255,-0.461
2025-06-30,sonnet,curve,conv,yield_pnl,pp_yield,0.045,0.3,-0.322
2025-07-31,sonnet,curve,conv,yield_pnl,pp_yield,-0.105,0.195,-1.09
2025-08-31,sonnet,curve,conv,yield_pnl,pp_yield,0.04,0.235,-0.513
2025-09-30,sonnet,curve,conv,yield_pnl,pp_yield,0.025,0.26,-0.07
2025-10-31,sonnet,curve,conv,yield_pnl,pp_yield,-0.02,0.24,-0.093
2025-11-30,sonnet,curve,conv,yield_pnl,pp_yield,-0.08,0.16,-0.286
2025-12-31,sonnet,curve,conv,yield_pnl,pp_yield,0.015,0.175,-1.146
2026-01-31,sonnet,curve,conv,yield_pnl,pp_yield,-0.075,0.1,-1.629
2026-02-28,sonnet,curve,conv,yield_pnl,pp_yield,0.04,0.14,-1.034
2026-03-31,sonnet,curve,conv,yield_pnl,pp_yield,-0.005,0.135,-0.823
2026-04-30,sonnet,curve,conv,yield_pnl,pp_yield,-0.025,0.11,-0.823
2026-05-31,sonnet,curve,conv,yield_pnl,pp_yield,0.085,0.195,-0.298
2021-10-31,sonnet,curve,raw,yield_pnl,pp_yield,0.08,0.08,
2022-05-31,sonnet,curve,raw,yield_pnl,pp_yield,-0.13,-0.05,
2022-06-30,sonnet,curve,raw,yield_pnl,pp_yield,0.14,0.09,
2022-08-31,sonnet,curve,raw,yield_pnl,pp_yield,-0.045,0.045,
2022-11-30,sonnet,curve,raw,yield_pnl,pp_yield,-0.085,-0.04,
2022-12-31,sonnet,curve,raw,yield_pnl,pp_yield,-0.08,-0.12,
2023-02-28,sonnet,curve,raw,yield_pnl,pp_yield,-0.155,-0.275,
2023-03-31,sonnet,curve,raw,yield_pnl,pp_yield,0.01,-0.265,
2023-04-30,sonnet,curve,raw,yield_pnl,pp_yield,0.08,-0.185,
2023-05-31,sonnet,curve,raw,yield_pnl,pp_yield,-0.15,-0.335,
2023-06-30,sonnet,curve,raw,yield_pnl,pp_yield,-0.075,-0.41,
2023-08-31,sonnet,curve,raw,yield_pnl,pp_yield,0.16,-0.25,-0.645
2023-10-31,sonnet,curve,raw,yield_pnl,pp_yield,-0.085,-0.335,-1.105
2023-12-31,sonnet,curve,raw,yield_pnl,pp_yield,0.035,-0.3,-0.683
2024-02-29,sonnet,curve,raw,yield_pnl,pp_yield,0.0,-0.3,-1.207
2024-03-31,sonnet,curve,raw,yield_pnl,pp_yield,0.02,-0.28,-0.994
2024-04-30,sonnet,curve,raw,yield_pnl,pp_yield,0.015,-0.265,-0.697
2024-05-31,sonnet,curve,raw,yield_pnl,pp_yield,0.015,-0.25,-0.41
2024-06-30,sonnet,curve,raw,yield_pnl,pp_yield,0.075,-0.175,0.351
2024-07-31,sonnet,curve,raw,yield_pnl,pp_yield,0.1,-0.075,0.635
2024-10-31,sonnet,curve,raw,yield_pnl,pp_yield,-0.035,-0.11,0.255
2024-12-31,sonnet,curve,raw,yield_pnl,pp_yield,0.015,-0.095,1.0
2025-03-31,sonnet,curve,raw,yield_pnl,pp_yield,0.115,0.02,1.845
2025-04-30,sonnet,curve,raw,yield_pnl,pp_yield,-0.025,-0.005,1.25
2025-05-31,sonnet,curve,raw,yield_pnl,pp_yield,0.0,-0.005,2.043
2025-07-31,sonnet,curve,raw,yield_pnl,pp_yield,0.105,0.1,2.231
2025-08-31,sonnet,curve,raw,yield_pnl,pp_yield,-0.04,0.06,1.88
2025-09-30,sonnet,curve,raw,yield_pnl,pp_yield,-0.025,0.035,1.582
2025-11-30,sonnet,curve,raw,yield_pnl,pp_yield,0.08,0.115,1.848
2026-01-31,sonnet,curve,raw,yield_pnl,pp_yield,-0.075,0.04,1.252
2026-02-28,sonnet,curve,raw,yield_pnl,pp_yield,0.04,0.08,1.129
2026-03-31,sonnet,curve,raw,yield_pnl,pp_yield,-0.005,0.075,0.715
2026-04-30,sonnet,curve,raw,yield_pnl,pp_yield,0.025,0.1,1.032
2026-05-31,sonnet,curve,raw,yield_pnl,pp_yield,-0.17,-0.07,0.09
2021-07-31,sonnet,front_end,full,yield_pnl,pp_yield,0.004,0.004,
2021-09-30,sonnet,front_end,full,yield_pnl,pp_yield,0.11,0.114,
2021-10-31,sonnet,front_end,full,yield_pnl,pp_yield,0.035,0.149,
2021-11-30,sonnet,front_end,full,yield_pnl,pp_yield,0.087,0.236,
2021-12-31,sonnet,front_end,full,yield_pnl,pp_yield,0.17,0.406,
2022-02-28,sonnet,front_end,full,yield_pnl,pp_yield,0.605,1.011,
2022-03-31,sonnet,front_end,full,yield_pnl,pp_yield,0.111,1.122,
2022-04-30,sonnet,front_end,full,yield_pnl,pp_yield,-0.05,1.072,
2022-05-31,sonnet,front_end,full,yield_pnl,pp_yield,0.264,1.336,
2022-06-30,sonnet,front_end,full,yield_pnl,pp_yield,0.228,1.564,
2022-07-31,sonnet,front_end,full,yield_pnl,pp_yield,0.172,1.736,
2022-08-31,sonnet,front_end,full,yield_pnl,pp_yield,-0.274,1.462,2.023
2022-09-30,sonnet,front_end,full,yield_pnl,pp_yield,-0.05,1.412,1.917
2022-10-31,sonnet,front_end,full,yield_pnl,pp_yield,-0.123,1.289,1.52
2022-11-30,sonnet,front_end,full,yield_pnl,pp_yield,-0.016,1.273,1.443
2022-12-31,sonnet,front_end,full,yield_pnl,pp_yield,0.044,1.317,1.385
2023-02-28,sonnet,front_end,full,yield_pnl,pp_yield,0.363,1.68,1.545
2023-03-31,sonnet,front_end,full,yield_pnl,pp_yield,0.0315,1.7115,1.129
2023-04-30,sonnet,front_end,full,yield_pnl,pp_yield,-0.016,1.6955,0.923
2023-05-31,sonnet,front_end,full,yield_pnl,pp_yield,0.09,1.7855,1.163
2023-06-30,sonnet,front_end,full,yield_pnl,pp_yield,0.066,1.8515,0.901
2023-07-31,sonnet,front_end,full,yield_pnl,pp_yield,-0.042,1.8095,0.455
2023-08-31,sonnet,front_end,full,yield_pnl,pp_yield,-0.034,1.7755,0.077
2023-09-30,sonnet,front_end,full,yield_pnl,pp_yield,-0.026,1.7495,0.684
2023-10-31,sonnet,front_end,full,yield_pnl,pp_yield,0.133,1.8825,1.107
2023-11-30,sonnet,front_end,full,yield_pnl,pp_yield,0.422,2.3045,1.903
2023-12-31,sonnet,front_end,full,yield_pnl,pp_yield,0.04,2.3445,2.041
2024-01-31,sonnet,front_end,full,yield_pnl,pp_yield,-0.162,2.1825,1.488
2024-02-29,sonnet,front_end,full,yield_pnl,pp_yield,0.068,2.2505,1.169
2024-03-31,sonnet,front_end,full,yield_pnl,pp_yield,0.132,2.3825,1.356
2024-04-30,sonnet,front_end,full,yield_pnl,pp_yield,0.045,2.4275,1.497
2024-05-31,sonnet,front_end,full,yield_pnl,pp_yield,-0.036,2.3915,1.22
2024-06-30,sonnet,front_end,full,yield_pnl,pp_yield,0.231,2.6225,1.458
2024-07-31,sonnet,front_end,full,yield_pnl,pp_yield,0.17,2.7925,1.873
2024-08-31,sonnet,front_end,full,yield_pnl,pp_yield,0.34,3.1325,2.396
2024-10-31,sonnet,front_end,full,yield_pnl,pp_yield,-0.018,3.1145,2.419
2024-11-30,sonnet,front_end,full,yield_pnl,pp_yield,0.156,3.2705,2.454
2024-12-31,sonnet,front_end,full,yield_pnl,pp_yield,0.036,3.3065,2.182
2025-01-31,sonnet,front_end,full,yield_pnl,pp_yield,-0.142,3.1645,1.604
2025-02-28,sonnet,front_end,full,yield_pnl,pp_yield,0.052,3.2165,2.314
2025-03-31,sonnet,front_end,full,yield_pnl,pp_yield,0.14,3.3565,2.461
2025-05-31,sonnet,front_end,full,yield_pnl,pp_yield,-0.11,3.2465,1.766
2025-07-31,sonnet,front_end,full,yield_pnl,pp_yield,-0.191,3.0555,1.13
2025-08-31,sonnet,front_end,full,yield_pnl,pp_yield,0.006,3.0615,1.218
2025-09-30,sonnet,front_end,full,yield_pnl,pp_yield,0.016,3.0775,0.881
2025-10-31,sonnet,front_end,full,yield_pnl,pp_yield,0.082,3.1595,0.735
2025-11-30,sonnet,front_end,full,yield_pnl,pp_yield,0.075,3.2345,0.272
2026-01-31,sonnet,front_end,full,yield_pnl,pp_yield,0.056,3.2905,0.468
2026-02-28,sonnet,front_end,full,yield_pnl,pp_yield,0.108,3.3985,0.356
2026-03-31,sonnet,front_end,full,yield_pnl,pp_yield,0.03,3.4285,0.34
2026-04-30,sonnet,front_end,full,yield_pnl,pp_yield,-0.082,3.3465,0.542
2026-05-31,sonnet,front_end,full,yield_pnl,pp_yield,0.154,3.5005,0.784
2021-07-31,sonnet,front_end,conv,yield_pnl,pp_yield,-0.009,-0.009,
2021-08-31,sonnet,front_end,conv,yield_pnl,pp_yield,-0.026,-0.035,
2021-10-31,sonnet,front_end,conv,yield_pnl,pp_yield,0.054,0.019,
2021-11-30,sonnet,front_end,conv,yield_pnl,pp_yield,0.174,0.193,
2021-12-31,sonnet,front_end,conv,yield_pnl,pp_yield,0.375,0.568,
2022-01-31,sonnet,front_end,conv,yield_pnl,pp_yield,0.086,0.654,
2022-03-31,sonnet,front_end,conv,yield_pnl,pp_yield,0.378,1.032,
2022-04-30,sonnet,front_end,conv,yield_pnl,pp_yield,0.099,1.131,
2022-05-31,sonnet,front_end,conv,yield_pnl,pp_yield,0.582,1.713,
2022-07-31,sonnet,front_end,conv,yield_pnl,pp_yield,-0.1415,1.5715,
2022-08-31,sonnet,front_end,conv,yield_pnl,pp_yield,-0.496,1.0755,
2022-09-30,sonnet,front_end,conv,yield_pnl,pp_yield,-0.722,0.3535,0.281
2022-10-31,sonnet,front_end,conv,yield_pnl,pp_yield,-0.13,0.2235,0.183
2022-11-30,sonnet,front_end,conv,yield_pnl,pp_yield,0.048,0.2715,0.242
2022-12-31,sonnet,front_end,conv,yield_pnl,pp_yield,0.036,0.3075,0.228
2023-01-31,sonnet,front_end,conv,yield_pnl,pp_yield,-0.462,-0.1545,-0.259
2023-02-28,sonnet,front_end,conv,yield_pnl,pp_yield,0.257,0.1025,-0.356
2023-03-31,sonnet,front_end,conv,yield_pnl,pp_yield,-0.064,0.0385,-0.473
2023-06-30,sonnet,front_end,conv,yield_pnl,pp_yield,-0.033,0.0055,-0.845
2023-07-31,sonnet,front_end,conv,yield_pnl,pp_yield,-0.04,-0.0345,-0.971
2023-08-31,sonnet,front_end,conv,yield_pnl,pp_yield,-0.029,-0.0635,-1.865
2023-09-30,sonnet,front_end,conv,yield_pnl,pp_yield,0.022,-0.0415,-1.667
2023-10-31,sonnet,front_end,conv,yield_pnl,pp_yield,0.25,0.2085,-0.912
2023-11-30,sonnet,front_end,conv,yield_pnl,pp_yield,0.202,0.4105,0.085
2023-12-31,sonnet,front_end,conv,yield_pnl,pp_yield,-0.06,0.3505,0.193
2024-01-31,sonnet,front_end,conv,yield_pnl,pp_yield,-0.22,0.1305,-0.203
2024-02-29,sonnet,front_end,conv,yield_pnl,pp_yield,0.016,0.1465,-0.232
2024-03-31,sonnet,front_end,conv,yield_pnl,pp_yield,0.216,0.3625,0.982
2024-04-30,sonnet,front_end,conv,yield_pnl,pp_yield,0.035,0.3975,0.625
2024-05-31,sonnet,front_end,conv,yield_pnl,pp_yield,0.09,0.4875,0.964
2024-06-30,sonnet,front_end,conv,yield_pnl,pp_yield,-0.147,0.3405,0.674
2024-07-31,sonnet,front_end,conv,yield_pnl,pp_yield,-0.128,0.2125,0.477
2024-08-31,sonnet,front_end,conv,yield_pnl,pp_yield,0.048,0.2605,0.629
2024-09-30,sonnet,front_end,conv,yield_pnl,pp_yield,0.21,0.4705,0.936
2024-10-31,sonnet,front_end,conv,yield_pnl,pp_yield,-0.018,0.4525,0.488
2024-11-30,sonnet,front_end,conv,yield_pnl,pp_yield,-0.099,0.3535,-0.121
2024-12-31,sonnet,front_end,conv,yield_pnl,pp_yield,0.03,0.3835,0.071
2025-01-31,sonnet,front_end,conv,yield_pnl,pp_yield,-0.022,0.3615,0.575
2025-02-28,sonnet,front_end,conv,yield_pnl,pp_yield,-0.03,0.3315,0.457
2025-03-31,sonnet,front_end,conv,yield_pnl,pp_yield,-0.104,0.2275,-0.38
2025-04-30,sonnet,front_end,conv,yield_pnl,pp_yield,0.08,0.3075,-0.247
2025-05-31,sonnet,front_end,conv,yield_pnl,pp_yield,-0.07,0.2375,-0.71
2025-06-30,sonnet,front_end,conv,yield_pnl,pp_yield,0.0,0.2375,-0.318
2025-07-31,sonnet,front_end,conv,yield_pnl,pp_yield,-0.252,-0.0145,-0.581
2025-08-31,sonnet,front_end,conv,yield_pnl,pp_yield,0.024,0.0095,-0.648
2025-09-30,sonnet,front_end,conv,yield_pnl,pp_yield,-0.024,-0.0145,-1.646
2025-10-31,sonnet,front_end,conv,yield_pnl,pp_yield,-0.006,-0.0205,-1.599
2025-11-30,sonnet,front_end,conv,yield_pnl,pp_yield,0.09,0.0695,-0.904
2025-12-31,sonnet,front_end,conv,yield_pnl,pp_yield,0.035,0.1045,-0.885
2026-01-31,sonnet,front_end,conv,yield_pnl,pp_yield,0.062,0.1665,-0.597
2026-02-28,sonnet,front_end,conv,yield_pnl,pp_yield,-0.19,-0.0235,-0.959
2026-03-31,sonnet,front_end,conv,yield_pnl,pp_yield,-0.042,-0.0655,-0.81
2026-04-30,sonnet,front_end,conv,yield_pnl,pp_yield,-0.082,-0.1475,-1.313
2026-05-31,sonnet,front_end,conv,yield_pnl,pp_yield,0.146,-0.0015,-0.614
2021-07-31,sonnet,front_end,raw,yield_pnl,pp_yield,0.008,0.008,
2021-08-31,sonnet,front_end,raw,yield_pnl,pp_yield,-0.005,0.003,
2021-09-30,sonnet,front_end,raw,yield_pnl,pp_yield,0.032,0.035,
2021-10-31,sonnet,front_end,raw,yield_pnl,pp_yield,0.035,0.07,
2021-11-30,sonnet,front_end,raw,yield_pnl,pp_yield,-0.03,0.04,
2021-12-31,sonnet,front_end,raw,yield_pnl,pp_yield,0.39,0.43,
2022-01-31,sonnet,front_end,raw,yield_pnl,pp_yield,0.23,0.66,
2022-02-28,sonnet,front_end,raw,yield_pnl,pp_yield,0.708,1.368,
2022-03-31,sonnet,front_end,raw,yield_pnl,pp_yield,0.392,1.76,
2022-04-30,sonnet,front_end,raw,yield_pnl,pp_yield,0.2,1.96,
2022-07-31,sonnet,front_end,raw,yield_pnl,pp_yield,0.47,2.43,
2022-09-30,sonnet,front_end,raw,yield_pnl,pp_yield,0.482,2.912,3.459
2022-11-30,sonnet,front_end,raw,yield_pnl,pp_yield,0.048,2.96,3.554
2023-01-31,sonnet,front_end,raw,yield_pnl,pp_yield,0.132,3.092,3.88
2023-02-28,sonnet,front_end,raw,yield_pnl,pp_yield,0.257,3.349,4.376
2023-03-31,sonnet,front_end,raw,yield_pnl,pp_yield,0.07,3.419,4.49
2023-04-30,sonnet,front_end,raw,yield_pnl,pp_yield,0.096,3.515,4.978
2023-05-31,sonnet,front_end,raw,yield_pnl,pp_yield,-0.28,3.235,3.157
2023-07-31,sonnet,front_end,raw,yield_pnl,pp_yield,0.01,3.245,2.821
2023-08-31,sonnet,front_end,raw,yield_pnl,pp_yield,-0.058,3.187,2.342
2023-09-30,sonnet,front_end,raw,yield_pnl,pp_yield,-0.01,3.177,1.904
2023-10-31,sonnet,front_end,raw,yield_pnl,pp_yield,0.232,3.409,1.935
2023-11-30,sonnet,front_end,raw,yield_pnl,pp_yield,0.232,3.641,1.834
2023-12-31,sonnet,front_end,raw,yield_pnl,pp_yield,-0.034,3.607,1.33
2024-01-31,sonnet,front_end,raw,yield_pnl,pp_yield,-0.187,3.42,0.797
2024-02-29,sonnet,front_end,raw,yield_pnl,pp_yield,-0.011,3.409,0.556
2024-03-31,sonnet,front_end,raw,yield_pnl,pp_yield,-0.312,3.097,-0.419
2024-04-30,sonnet,front_end,raw,yield_pnl,pp_yield,0.042,3.139,-0.468
2024-05-31,sonnet,front_end,raw,yield_pnl,pp_yield,0.126,3.265,-0.413
2024-06-30,sonnet,front_end,raw,yield_pnl,pp_yield,0.305,3.57,0.545
2024-07-31,sonnet,front_end,raw,yield_pnl,pp_yield,0.362,3.932,0.984
2024-08-31,sonnet,front_end,raw,yield_pnl,pp_yield,0.031,3.963,1.128
2024-09-30,sonnet,front_end,raw,yield_pnl,pp_yield,-0.275,3.688,0.667
2024-10-31,sonnet,front_end,raw,yield_pnl,pp_yield,-0.042,3.646,0.32
2024-11-30,sonnet,front_end,raw,yield_pnl,pp_yield,0.06,3.706,0.092
2024-12-31,sonnet,front_end,raw,yield_pnl,pp_yield,0.036,3.742,0.191
2025-02-28,sonnet,front_end,raw,yield_pnl,pp_yield,-0.04,3.702,0.418
2025-03-31,sonnet,front_end,raw,yield_pnl,pp_yield,0.165,3.867,0.666
2025-04-30,sonnet,front_end,raw,yield_pnl,pp_yield,-0.136,3.731,1.043
2025-05-31,sonnet,front_end,raw,yield_pnl,pp_yield,0.12,3.851,1.165
2025-06-30,sonnet,front_end,raw,yield_pnl,pp_yield,-0.1,3.751,0.776
2025-09-30,sonnet,front_end,raw,yield_pnl,pp_yield,-0.0365,3.7145,0.259
2025-10-31,sonnet,front_end,raw,yield_pnl,pp_yield,0.05,3.7645,-0.405
2025-11-30,sonnet,front_end,raw,yield_pnl,pp_yield,0.075,3.8395,-0.294
2025-12-31,sonnet,front_end,raw,yield_pnl,pp_yield,-0.015,3.8245,0.444
2026-01-31,sonnet,front_end,raw,yield_pnl,pp_yield,0.05,3.8745,0.753
2026-02-28,sonnet,front_end,raw,yield_pnl,pp_yield,-0.145,3.7295,0.069
2026-03-31,sonnet,front_end,raw,yield_pnl,pp_yield,0.028,3.7575,0.046
2026-04-30,sonnet,front_end,raw,yield_pnl,pp_yield,-0.015,3.7425,0.12
2026-05-31,sonnet,front_end,raw,yield_pnl,pp_yield,0.043,3.7855,-0.279
2021-07-31,sonnet,front_end,mech,yield_pnl,pp_yield,-0.01,-0.01,
2021-08-31,sonnet,front_end,mech,yield_pnl,pp_yield,-0.08,-0.09,
2021-09-30,sonnet,front_end,mech,yield_pnl,pp_yield,0.2,0.11,
2021-10-31,sonnet,front_end,mech,yield_pnl,pp_yield,-0.04,0.07,
2021-11-30,sonnet,front_end,mech,yield_pnl,pp_yield,-0.21,-0.14,
2021-12-31,sonnet,front_end,mech,yield_pnl,pp_yield,0.45,0.31,
2022-01-31,sonnet,front_end,mech,yield_pnl,pp_yield,0.26,0.57,
2022-02-28,sonnet,front_end,mech,yield_pnl,pp_yield,0.84,1.41,
2022-03-31,sonnet,front_end,mech,yield_pnl,pp_yield,-0.42,0.99,
2022-04-30,sonnet,front_end,mech,yield_pnl,pp_yield,-0.17,0.82,
2022-05-31,sonnet,front_end,mech,yield_pnl,pp_yield,0.39,1.21,
2022-06-30,sonnet,front_end,mech,yield_pnl,pp_yield,-0.03,1.18,0.987
2022-07-31,sonnet,front_end,mech,yield_pnl,pp_yield,0.56,1.74,1.375
2022-08-31,sonnet,front_end,mech,yield_pnl,pp_yield,0.77,2.51,1.875
2022-09-30,sonnet,front_end,mech,yield_pnl,pp_yield,0.29,2.8,1.937
2022-10-31,sonnet,front_end,mech,yield_pnl,pp_yield,-0.13,2.67,1.844
2022-11-30,sonnet,front_end,mech,yield_pnl,pp_yield,0.03,2.7,2.104
2022-12-31,sonnet,front_end,mech,yield_pnl,pp_yield,0.2,2.9,1.948
2023-01-31,sonnet,front_end,mech,yield_pnl,pp_yield,-0.6,2.3,1.111
2023-02-28,sonnet,front_end,mech,yield_pnl,pp_yield,-0.75,1.55,0.088
2023-03-31,sonnet,front_end,mech,yield_pnl,pp_yield,0.02,1.57,0.381
2023-04-30,sonnet,front_end,mech,yield_pnl,pp_yield,0.36,1.93,0.725
2023-05-31,sonnet,front_end,mech,yield_pnl,pp_yield,0.47,2.4,0.767
2023-06-30,sonnet,front_end,mech,yield_pnl,pp_yield,0.01,2.41,0.795
2023-07-31,sonnet,front_end,mech,yield_pnl,pp_yield,-0.03,2.38,0.436
2023-08-31,sonnet,front_end,mech,yield_pnl,pp_yield,-0.18,2.2,-0.247
2023-09-30,sonnet,front_end,mech,yield_pnl,pp_yield,0.04,2.24,-0.463
2023-10-31,sonnet,front_end,mech,yield_pnl,pp_yield,0.34,2.58,-0.071
2023-11-30,sonnet,front_end,mech,yield_pnl,pp_yield,0.5,3.08,0.279
2023-12-31,sonnet,front_end,mech,yield_pnl,pp_yield,-0.04,3.04,0.104
2024-01-31,sonnet,front_end,mech,yield_pnl,pp_yield,0.37,3.41,0.915
2024-02-29,sonnet,front_end,mech,yield_pnl,pp_yield,-0.05,3.36,2.202
2024-03-31,sonnet,front_end,mech,yield_pnl,pp_yield,0.45,3.81,2.608
2024-04-30,sonnet,front_end,mech,yield_pnl,pp_yield,-0.15,3.66,1.928
2024-05-31,sonnet,front_end,mech,yield_pnl,pp_yield,0.18,3.84,1.742
2024-06-30,sonnet,front_end,mech,yield_pnl,pp_yield,0.42,4.26,2.132
2024-07-31,sonnet,front_end,mech,yield_pnl,pp_yield,-0.38,3.88,1.488
2024-08-31,sonnet,front_end,mech,yield_pnl,pp_yield,0.25,4.13,2.018
2024-09-30,sonnet,front_end,mech,yield_pnl,pp_yield,-0.5,3.63,1.197
2024-10-31,sonnet,front_end,mech,yield_pnl,pp_yield,-0.03,3.6,0.893
2024-11-30,sonnet,front_end,mech,yield_pnl,pp_yield,0.12,3.72,0.609
2024-12-31,sonnet,front_end,mech,yield_pnl,pp_yield,-0.03,3.69,0.619
2025-01-31,sonnet,front_end,mech,yield_pnl,pp_yield,-0.23,3.46,0.049
2025-02-28,sonnet,front_end,mech,yield_pnl,pp_yield,-0.1,3.36,-0.0
2025-03-31,sonnet,front_end,mech,yield_pnl,pp_yield,-0.29,3.07,-0.789
2025-04-30,sonnet,front_end,mech,yield_pnl,pp_yield,0.29,3.36,-0.302
2025-05-31,sonnet,front_end,mech,yield_pnl,pp_yield,-0.17,3.19,-0.666
2025-06-30,sonnet,front_end,mech,yield_pnl,pp_yield,0.22,3.41,-0.958
2025-07-31,sonnet,front_end,mech,yield_pnl,pp_yield,-0.35,3.06,-0.936
2025-08-31,sonnet,front_end,mech,yield_pnl,pp_yield,0.01,3.07,-1.306
2025-09-30,sonnet,front_end,mech,yield_pnl,pp_yield,0.0,3.07,-0.826
2025-10-31,sonnet,front_end,mech,yield_pnl,pp_yield,0.13,3.2,-0.571
2025-11-30,sonnet,front_end,mech,yield_pnl,pp_yield,0.0,3.2,-0.763
2025-12-31,sonnet,front_end,mech,yield_pnl,pp_yield,-0.05,3.15,-0.792
2026-01-31,sonnet,front_end,mech,yield_pnl,pp_yield,0.14,3.29,-0.253
2026-02-28,sonnet,front_end,mech,yield_pnl,pp_yield,-0.41,2.88,-0.616
2026-03-31,sonnet,front_end,mech,yield_pnl,pp_yield,0.09,2.97,-0.136
2026-04-30,sonnet,front_end,mech,yield_pnl,pp_yield,-0.1,2.87,-0.737
2026-05-31,sonnet,front_end,mech,yield_pnl,pp_yield,0.13,3.0,-0.284
2021-07-31,sonnet,real,full,yield_pnl,pp_yield,0.007,0.007,
2021-08-31,sonnet,real,full,yield_pnl,pp_yield,-0.012,-0.005,
2021-09-30,sonnet,real,full,yield_pnl,pp_yield,0.014,0.009,
2021-10-31,sonnet,real,full,yield_pnl,pp_yield,0.0,0.009,
2021-11-30,sonnet,real,full,yield_pnl,pp_yield,-0.012,-0.003,
2021-12-31,sonnet,real,full,yield_pnl,pp_yield,-0.066,-0.069,
2022-01-31,sonnet,real,full,yield_pnl,pp_yield,-0.054,-0.123,
2022-02-28,sonnet,real,full,yield_pnl,pp_yield,0.121,-0.002,
2022-03-31,sonnet,real,full,yield_pnl,pp_yield,-0.02,-0.022,
2022-04-30,sonnet,real,full,yield_pnl,pp_yield,-0.084,-0.106,
2022-05-31,sonnet,real,full,yield_pnl,pp_yield,0.1705,0.0645,
2022-06-30,sonnet,real,full,yield_pnl,pp_yield,-0.06,0.0045,0.017
2022-07-31,sonnet,real,full,yield_pnl,pp_yield,-0.02,-0.0155,-0.086
2022-08-31,sonnet,real,full,yield_pnl,pp_yield,0.165,0.1495,0.499
2022-09-30,sonnet,real,full,yield_pnl,pp_yield,-0.111,0.0385,0.088
2022-10-31,sonnet,real,full,yield_pnl,pp_yield,-0.036,0.0025,-0.019
2022-11-30,sonnet,real,full,yield_pnl,pp_yield,0.004,0.0065,0.028
2022-12-31,sonnet,real,full,yield_pnl,pp_yield,0.021,0.0275,0.294
2023-01-31,sonnet,real,full,yield_pnl,pp_yield,-0.0665,-0.039,0.254
2023-02-28,sonnet,real,full,yield_pnl,pp_yield,-0.0385,-0.0775,-0.245
2023-03-31,sonnet,real,full,yield_pnl,pp_yield,0.049,-0.0285,-0.021
2023-04-30,sonnet,real,full,yield_pnl,pp_yield,0.0,-0.0285,0.259
2023-05-31,sonnet,real,full,yield_pnl,pp_yield,-0.02,-0.0485,-0.47
2023-06-30,sonnet,real,full,yield_pnl,pp_yield,-0.045,-0.0935,-0.413
2023-07-31,sonnet,real,full,yield_pnl,pp_yield,-0.065,-0.1585,-0.586
2023-09-30,sonnet,real,full,yield_pnl,pp_yield,0.0385,-0.12,-1.65
2023-10-31,sonnet,real,full,yield_pnl,pp_yield,0.057,-0.063,-0.677
2023-11-30,sonnet,real,full,yield_pnl,pp_yield,0.0245,-0.0385,-0.273
2023-12-31,sonnet,real,full,yield_pnl,pp_yield,-0.015,-0.0535,-0.4
2024-01-31,sonnet,real,full,yield_pnl,pp_yield,0.0,-0.0535,-0.549
2024-02-29,sonnet,real,full,yield_pnl,pp_yield,-0.0015,-0.055,-0.121
2024-03-31,sonnet,real,full,yield_pnl,pp_yield,-0.018,-0.073,0.035
2024-04-30,sonnet,real,full,yield_pnl,pp_yield,-0.015,-0.088,-0.51
2024-05-31,sonnet,real,full,yield_pnl,pp_yield,-0.0245,-0.1125,-0.712
2024-06-30,sonnet,real,full,yield_pnl,pp_yield,0.016,-0.0965,-0.403
2024-07-31,sonnet,real,full,yield_pnl,pp_yield,0.045,-0.0515,0.352
2024-08-31,sonnet,real,full,yield_pnl,pp_yield,-0.0135,-0.065,0.974
2024-09-30,sonnet,real,full,yield_pnl,pp_yield,-0.045,-0.11,0.097
2024-10-31,sonnet,real,full,yield_pnl,pp_yield,0.0105,-0.0995,-0.435
2024-12-31,sonnet,real,full,yield_pnl,pp_yield,0.02,-0.0795,-0.497
2025-01-31,sonnet,real,full,yield_pnl,pp_yield,0.006,-0.0735,-0.244
2025-02-28,sonnet,real,full,yield_pnl,pp_yield,0.0,-0.0735,-0.244
2025-03-31,sonnet,real,full,yield_pnl,pp_yield,-0.0225,-0.096,-0.485
2025-04-30,sonnet,real,full,yield_pnl,pp_yield,-0.0165,-0.1125,-0.469
2025-05-31,sonnet,real,full,yield_pnl,pp_yield,0.01,-0.1025,-0.172
2025-06-30,sonnet,real,full,yield_pnl,pp_yield,-0.015,-0.1175,-0.061
2025-07-31,sonnet,real,full,yield_pnl,pp_yield,-0.006,-0.1235,-0.338
2025-08-31,sonnet,real,full,yield_pnl,pp_yield,0.01,-0.1135,-0.98
2025-09-30,sonnet,real,full,yield_pnl,pp_yield,0.0,-0.1135,-0.772
2025-10-31,sonnet,real,full,yield_pnl,pp_yield,0.014,-0.0995,0.226
2025-11-30,sonnet,real,full,yield_pnl,pp_yield,-0.007,-0.1065,-0.153
2025-12-31,sonnet,real,full,yield_pnl,pp_yield,0.0055,-0.101,-0.529
2026-01-31,sonnet,real,full,yield_pnl,pp_yield,0.022,-0.079,-0.118
2026-02-28,sonnet,real,full,yield_pnl,pp_yield,-0.015,-0.094,-0.42
2026-03-31,sonnet,real,full,yield_pnl,pp_yield,0.0,-0.094,0.046
2026-04-30,sonnet,real,full,yield_pnl,pp_yield,-0.028,-0.122,-0.193
2026-05-31,sonnet,real,full,yield_pnl,pp_yield,0.042,-0.08,0.347
2021-07-31,sonnet,real,conv,yield_pnl,pp_yield,0.0175,0.0175,
2021-08-31,sonnet,real,conv,yield_pnl,pp_yield,-0.006,0.0115,
2021-09-30,sonnet,real,conv,yield_pnl,pp_yield,-0.021,-0.0095,
2021-10-31,sonnet,real,conv,yield_pnl,pp_yield,0.0035,-0.006,
2021-11-30,sonnet,real,conv,yield_pnl,pp_yield,-0.012,-0.018,
2021-12-31,sonnet,real,conv,yield_pnl,pp_yield,-0.066,-0.084,
2022-01-31,sonnet,real,conv,yield_pnl,pp_yield,-0.036,-0.12,
2022-02-28,sonnet,real,conv,yield_pnl,pp_yield,0.121,0.001,
2022-03-31,sonnet,real,conv,yield_pnl,pp_yield,-0.016,-0.015,
2022-04-30,sonnet,real,conv,yield_pnl,pp_yield,-0.084,-0.099,
2022-05-31,sonnet,real,conv,yield_pnl,pp_yield,0.155,0.056,
2022-06-30,sonnet,real,conv,yield_pnl,pp_yield,-0.08,-0.024,-0.095
2022-07-31,sonnet,real,conv,yield_pnl,pp_yield,-0.0175,-0.0415,-0.233
2022-08-31,sonnet,real,conv,yield_pnl,pp_yield,0.132,0.0905,0.275
2022-09-30,sonnet,real,conv,yield_pnl,pp_yield,-0.1295,-0.039,-0.093
2022-11-30,sonnet,real,conv,yield_pnl,pp_yield,0.006,-0.033,-0.085
2022-12-31,sonnet,real,conv,yield_pnl,pp_yield,0.009,-0.024,-0.019
2023-01-31,sonnet,real,conv,yield_pnl,pp_yield,-0.057,-0.081,0.009
2023-02-28,sonnet,real,conv,yield_pnl,pp_yield,0.022,-0.059,0.194
2023-03-31,sonnet,real,conv,yield_pnl,pp_yield,0.028,-0.031,-0.111
2023-04-30,sonnet,real,conv,yield_pnl,pp_yield,0.0,-0.031,-0.055
2023-05-31,sonnet,real,conv,yield_pnl,pp_yield,-0.018,-0.049,0.181
2023-06-30,sonnet,real,conv,yield_pnl,pp_yield,-0.0525,-0.1015,-0.699
2023-07-31,sonnet,real,conv,yield_pnl,pp_yield,-0.0455,-0.147,-0.568
2023-08-31,sonnet,real,conv,yield_pnl,pp_yield,-0.055,-0.202,-0.726
2023-10-31,sonnet,real,conv,yield_pnl,pp_yield,0.0475,-0.1545,-1.432
2023-11-30,sonnet,real,conv,yield_pnl,pp_yield,0.0175,-0.137,-0.777
2023-12-31,sonnet,real,conv,yield_pnl,pp_yield,-0.015,-0.152,-0.95
2024-01-31,sonnet,real,conv,yield_pnl,pp_yield,-0.0105,-0.1625,-1.121
2024-02-29,sonnet,real,conv,yield_pnl,pp_yield,0.002,-0.1605,-0.7
2024-03-31,sonnet,real,conv,yield_pnl,pp_yield,-0.0135,-0.174,-1.053
2024-04-30,sonnet,real,conv,yield_pnl,pp_yield,-0.021,-0.195,-1.614
2024-05-31,sonnet,real,conv,yield_pnl,pp_yield,-0.0245,-0.2195,-1.867
2024-06-30,sonnet,real,conv,yield_pnl,pp_yield,0.008,-0.2115,-1.568
2024-07-31,sonnet,real,conv,yield_pnl,pp_yield,0.036,-0.1755,-0.704
2024-08-31,sonnet,real,conv,yield_pnl,pp_yield,-0.015,-0.1905,-0.45
2024-09-30,sonnet,real,conv,yield_pnl,pp_yield,0.0,-0.1905,0.146
2024-10-31,sonnet,real,conv,yield_pnl,pp_yield,-0.007,-0.1975,-0.711
2024-11-30,sonnet,real,conv,yield_pnl,pp_yield,0.0,-0.1975,-1.077
2024-12-31,sonnet,real,conv,yield_pnl,pp_yield,-0.012,-0.2095,-1.033
2025-01-31,sonnet,real,conv,yield_pnl,pp_yield,0.01,-0.1995,-0.648
2025-02-28,sonnet,real,conv,yield_pnl,pp_yield,0.0,-0.1995,-0.685
2025-03-31,sonnet,real,conv,yield_pnl,pp_yield,0.0225,-0.177,-0.049
2025-05-31,sonnet,real,conv,yield_pnl,pp_yield,0.0,-0.177,0.317
2025-06-30,sonnet,real,conv,yield_pnl,pp_yield,-0.01,-0.187,0.636
2025-07-31,sonnet,real,conv,yield_pnl,pp_yield,-0.007,-0.194,0.339
2025-08-31,sonnet,real,conv,yield_pnl,pp_yield,0.0125,-0.1815,-0.158
2025-09-30,sonnet,real,conv,yield_pnl,pp_yield,-0.012,-0.1935,-0.081
2025-10-31,sonnet,real,conv,yield_pnl,pp_yield,-0.0175,-0.211,-0.503
2025-11-30,sonnet,real,conv,yield_pnl,pp_yield,-0.004,-0.215,-0.433
2025-12-31,sonnet,real,conv,yield_pnl,pp_yield,0.0165,-0.1985,-0.023
2026-01-31,sonnet,real,conv,yield_pnl,pp_yield,0.0165,-0.182,0.611
2026-02-28,sonnet,real,conv,yield_pnl,pp_yield,-0.005,-0.187,0.279
2026-03-31,sonnet,real,conv,yield_pnl,pp_yield,0.024,-0.163,0.727
2026-04-30,sonnet,real,conv,yield_pnl,pp_yield,-0.032,-0.195,-0.319
2026-05-31,sonnet,real,conv,yield_pnl,pp_yield,0.028,-0.167,0.157
2026-06-30,sonnet,real,conv,yield_pnl,pp_yield,-0.0015,-0.1685,0.295
2021-07-31,sonnet,real,raw,yield_pnl,pp_yield,-0.021,-0.021,
2021-08-31,sonnet,real,raw,yield_pnl,pp_yield,-0.016,-0.037,
2021-09-30,sonnet,real,raw,yield_pnl,pp_yield,0.049,0.012,
2021-10-31,sonnet,real,raw,yield_pnl,pp_yield,0.005,0.017,
2021-11-30,sonnet,real,raw,yield_pnl,pp_yield,-0.06,-0.043,
2021-12-31,sonnet,real,raw,yield_pnl,pp_yield,-0.084,-0.127,
2022-01-31,sonnet,real,raw,yield_pnl,pp_yield,-0.072,-0.199,
2022-02-28,sonnet,real,raw,yield_pnl,pp_yield,0.143,-0.056,
2022-03-31,sonnet,real,raw,yield_pnl,pp_yield,-0.016,-0.072,
2022-04-30,sonnet,real,raw,yield_pnl,pp_yield,-0.048,-0.12,
2022-05-31,sonnet,real,raw,yield_pnl,pp_yield,0.093,-0.027,
2022-06-30,sonnet,real,raw,yield_pnl,pp_yield,-0.2,-0.227,-0.74
2022-07-31,sonnet,real,raw,yield_pnl,pp_yield,-0.025,-0.252,-0.753
2022-08-31,sonnet,real,raw,yield_pnl,pp_yield,0.165,-0.087,-0.14
2022-09-30,sonnet,real,raw,yield_pnl,pp_yield,-0.259,-0.346,-0.827
2022-12-31,sonnet,real,raw,yield_pnl,pp_yield,0.03,-0.316,-0.764
2023-01-31,sonnet,real,raw,yield_pnl,pp_yield,-0.114,-0.43,-0.873
2023-03-31,sonnet,real,raw,yield_pnl,pp_yield,0.07,-0.36,-0.517
2023-04-30,sonnet,real,raw,yield_pnl,pp_yield,0.0,-0.36,-0.36
2023-05-31,sonnet,real,raw,yield_pnl,pp_yield,-0.024,-0.384,-0.794
2023-06-30,sonnet,real,raw,yield_pnl,pp_yield,-0.06,-0.444,-0.898
2023-08-31,sonnet,real,raw,yield_pnl,pp_yield,-0.066,-0.51,-0.939
2023-09-30,sonnet,real,raw,yield_pnl,pp_yield,0.0175,-0.4925,-1.172
2023-10-31,sonnet,real,raw,yield_pnl,pp_yield,0.0665,-0.426,-0.542
2023-11-30,sonnet,real,raw,yield_pnl,pp_yield,0.042,-0.384,-0.355
2023-12-31,sonnet,real,raw,yield_pnl,pp_yield,-0.07,-0.454,-1.143
2024-01-31,sonnet,real,raw,yield_pnl,pp_yield,-0.042,-0.496,-0.731
2024-02-29,sonnet,real,raw,yield_pnl,pp_yield,0.0025,-0.4935,-0.884
2024-03-31,sonnet,real,raw,yield_pnl,pp_yield,-0.0225,-0.516,-0.506
2024-04-30,sonnet,real,raw,yield_pnl,pp_yield,-0.021,-0.537,-1.197
2024-05-31,sonnet,real,raw,yield_pnl,pp_yield,-0.021,-0.558,-1.347
2024-06-30,sonnet,real,raw,yield_pnl,pp_yield,-0.014,-0.572,-1.281
2024-07-31,sonnet,real,raw,yield_pnl,pp_yield,0.063,-0.509,-0.413
2024-09-30,sonnet,real,raw,yield_pnl,pp_yield,-0.045,-0.554,-0.294
2024-12-31,sonnet,real,raw,yield_pnl,pp_yield,0.032,-0.522,-0.193
2025-01-31,sonnet,real,raw,yield_pnl,pp_yield,-0.016,-0.538,-0.841
2025-02-28,sonnet,real,raw,yield_pnl,pp_yield,0.0,-0.538,-1.267
2025-05-31,sonnet,real,raw,yield_pnl,pp_yield,0.0175,-0.5205,-0.619
2025-06-30,sonnet,real,raw,yield_pnl,pp_yield,-0.04,-0.5605,-0.605
2025-07-31,sonnet,real,raw,yield_pnl,pp_yield,0.008,-0.5525,-0.55
2025-08-31,sonnet,real,raw,yield_pnl,pp_yield,-0.0175,-0.57,-0.507
2025-09-30,sonnet,real,raw,yield_pnl,pp_yield,0.024,-0.546,-0.083
2025-10-31,sonnet,real,raw,yield_pnl,pp_yield,0.014,-0.532,0.243
2025-12-31,sonnet,real,raw,yield_pnl,pp_yield,-0.044,-0.576,-0.035
2026-01-31,sonnet,real,raw,yield_pnl,pp_yield,-0.044,-0.62,-1.108
2026-02-28,sonnet,real,raw,yield_pnl,pp_yield,-0.03,-0.65,-1.007
2026-03-31,sonnet,real,raw,yield_pnl,pp_yield,-0.048,-0.698,-1.908
2026-04-30,sonnet,real,raw,yield_pnl,pp_yield,-0.04,-0.738,-2.09
2026-05-31,sonnet,real,raw,yield_pnl,pp_yield,0.084,-0.654,-0.836
2026-06-30,sonnet,real,raw,yield_pnl,pp_yield,-0.006,-0.66,-1.028
2021-07-31,sonnet,real,mech,yield_pnl,pp_yield,0.07,0.07,
2021-08-31,sonnet,real,mech,yield_pnl,pp_yield,-0.04,0.03,
2021-09-30,sonnet,real,mech,yield_pnl,pp_yield,0.14,0.17,
2021-10-31,sonnet,real,mech,yield_pnl,pp_yield,0.01,0.18,
2021-11-30,sonnet,real,mech,yield_pnl,pp_yield,0.06,0.24,
2021-12-31,sonnet,real,mech,yield_pnl,pp_yield,-0.12,0.12,
2022-01-31,sonnet,real,mech,yield_pnl,pp_yield,0.18,0.3,
2022-02-28,sonnet,real,mech,yield_pnl,pp_yield,0.22,0.52,
2022-03-31,sonnet,real,mech,yield_pnl,pp_yield,-0.04,0.48,
2022-04-30,sonnet,real,mech,yield_pnl,pp_yield,0.24,0.72,
2022-05-31,sonnet,real,mech,yield_pnl,pp_yield,0.31,1.03,
2022-06-30,sonnet,real,mech,yield_pnl,pp_yield,0.2,1.23,2.672
2022-07-31,sonnet,real,mech,yield_pnl,pp_yield,0.05,1.28,2.617
2022-08-31,sonnet,real,mech,yield_pnl,pp_yield,0.33,1.61,3.246
2022-09-30,sonnet,real,mech,yield_pnl,pp_yield,-0.37,1.24,1.532
2022-10-31,sonnet,real,mech,yield_pnl,pp_yield,0.18,1.42,1.776
2022-11-30,sonnet,real,mech,yield_pnl,pp_yield,-0.04,1.38,1.601
2022-12-31,sonnet,real,mech,yield_pnl,pp_yield,0.06,1.44,1.958
2023-01-31,sonnet,real,mech,yield_pnl,pp_yield,-0.19,1.25,1.299
2023-02-28,sonnet,real,mech,yield_pnl,pp_yield,0.11,1.36,1.172
2023-03-31,sonnet,real,mech,yield_pnl,pp_yield,0.14,1.5,1.439
2023-04-30,sonnet,real,mech,yield_pnl,pp_yield,0.0,1.5,1.127
2023-05-31,sonnet,real,mech,yield_pnl,pp_yield,-0.04,1.46,0.668
2023-06-30,sonnet,real,mech,yield_pnl,pp_yield,-0.15,1.31,0.125
2023-07-31,sonnet,real,mech,yield_pnl,pp_yield,-0.13,1.18,-0.153
2023-08-31,sonnet,real,mech,yield_pnl,pp_yield,-0.11,1.07,-0.993
2023-09-30,sonnet,real,mech,yield_pnl,pp_yield,0.07,1.14,-0.237
2023-10-31,sonnet,real,mech,yield_pnl,pp_yield,0.19,1.33,-0.211
2023-11-30,sonnet,real,mech,yield_pnl,pp_yield,0.07,1.4,0.046
2023-12-31,sonnet,real,mech,yield_pnl,pp_yield,-0.1,1.3,-0.32
2024-01-31,sonnet,real,mech,yield_pnl,pp_yield,-0.07,1.23,-0.05
2024-02-29,sonnet,real,mech,yield_pnl,pp_yield,0.01,1.24,-0.316
2024-03-31,sonnet,real,mech,yield_pnl,pp_yield,-0.09,1.15,-1.002
2024-04-30,sonnet,real,mech,yield_pnl,pp_yield,0.06,1.21,-0.806
2024-05-31,sonnet,real,mech,yield_pnl,pp_yield,0.07,1.28,-0.485
2024-06-30,sonnet,real,mech,yield_pnl,pp_yield,0.04,1.32,0.029
2024-07-31,sonnet,real,mech,yield_pnl,pp_yield,0.09,1.41,0.715
2024-08-31,sonnet,real,mech,yield_pnl,pp_yield,-0.03,1.38,1.049
2024-09-30,sonnet,real,mech,yield_pnl,pp_yield,-0.15,1.23,0.266
2024-10-31,sonnet,real,mech,yield_pnl,pp_yield,-0.07,1.16,-0.606
2024-11-30,sonnet,real,mech,yield_pnl,pp_yield,0.0,1.16,-0.903
2024-12-31,sonnet,real,mech,yield_pnl,pp_yield,0.08,1.24,-0.224
2025-01-31,sonnet,real,mech,yield_pnl,pp_yield,-0.04,1.2,-0.115
2025-02-28,sonnet,real,mech,yield_pnl,pp_yield,0.0,1.2,-0.153
2025-03-31,sonnet,real,mech,yield_pnl,pp_yield,0.15,1.35,0.706
2025-04-30,sonnet,real,mech,yield_pnl,pp_yield,0.0,1.35,0.5
2025-05-31,sonnet,real,mech,yield_pnl,pp_yield,0.0,1.35,0.257
2025-06-30,sonnet,real,mech,yield_pnl,pp_yield,0.0,1.35,0.111
2025-07-31,sonnet,real,mech,yield_pnl,pp_yield,0.02,1.37,-0.158
2025-08-31,sonnet,real,mech,yield_pnl,pp_yield,0.05,1.42,0.155
2025-09-30,sonnet,real,mech,yield_pnl,pp_yield,0.06,1.48,1.25
2025-10-31,sonnet,real,mech,yield_pnl,pp_yield,0.07,1.55,2.184
2025-11-30,sonnet,real,mech,yield_pnl,pp_yield,-0.02,1.53,2.016
2025-12-31,sonnet,real,mech,yield_pnl,pp_yield,-0.11,1.42,0.81
2026-01-31,sonnet,real,mech,yield_pnl,pp_yield,0.11,1.53,1.421
2026-02-28,sonnet,real,mech,yield_pnl,pp_yield,-0.05,1.48,1.149
2026-03-31,sonnet,real,mech,yield_pnl,pp_yield,0.16,1.64,1.162
2026-04-30,sonnet,real,mech,yield_pnl,pp_yield,0.08,1.72,1.457
2026-05-31,sonnet,real,mech,yield_pnl,pp_yield,-0.14,1.58,0.752
2026-06-30,sonnet,real,mech,yield_pnl,pp_yield,0.01,1.59,0.786
2021-07-31,sonnet,composite_5pod,full,equal_vol_10pct,scaled_return,-0.001458,-0.001458,
2021-08-31,sonnet,composite_5pod,full,equal_vol_10pct,scaled_return,-0.017944,-0.019402,
2021-09-30,sonnet,composite_5pod,full,equal_vol_10pct,scaled_return,0.001094,-0.018308,
2021-10-31,sonnet,composite_5pod,full,equal_vol_10pct,scaled_return,0.004474,-0.013834,
2021-11-30,sonnet,composite_5pod,full,equal_vol_10pct,scaled_return,-0.002978,-0.016812,
2021-12-31,sonnet,composite_5pod,full,equal_vol_10pct,scaled_return,-0.002007,-0.018819,
2022-01-31,sonnet,composite_5pod,full,equal_vol_10pct,scaled_return,0.010476,-0.008343,
2022-02-28,sonnet,composite_5pod,full,equal_vol_10pct,scaled_return,0.061294,0.052952,
2022-03-31,sonnet,composite_5pod,full,equal_vol_10pct,scaled_return,0.015813,0.068765,
2022-04-30,sonnet,composite_5pod,full,equal_vol_10pct,scaled_return,-0.020932,0.047833,
2022-05-31,sonnet,composite_5pod,full,equal_vol_10pct,scaled_return,0.023821,0.071653,
2022-06-30,sonnet,composite_5pod,full,equal_vol_10pct,scaled_return,0.009992,0.081645,1.103
2022-07-31,sonnet,composite_5pod,full,equal_vol_10pct,scaled_return,-0.011192,0.070453,0.948
2022-08-31,sonnet,composite_5pod,full,equal_vol_10pct,scaled_return,0.019019,0.089471,1.512
2022-09-30,sonnet,composite_5pod,full,equal_vol_10pct,scaled_return,0.009619,0.09909,1.642
2022-10-31,sonnet,composite_5pod,full,equal_vol_10pct,scaled_return,-0.025692,0.073398,1.093
2022-11-30,sonnet,composite_5pod,full,equal_vol_10pct,scaled_return,0.01079,0.084188,1.277
2022-12-31,sonnet,composite_5pod,full,equal_vol_10pct,scaled_return,-0.017734,0.066454,1.03
2023-01-31,sonnet,composite_5pod,full,equal_vol_10pct,scaled_return,-0.036207,0.030247,0.414
2023-02-28,sonnet,composite_5pod,full,equal_vol_10pct,scaled_return,-0.017385,0.012862,-0.572
2023-03-31,sonnet,composite_5pod,full,equal_vol_10pct,scaled_return,0.000307,0.013169,-0.828
2023-04-30,sonnet,composite_5pod,full,equal_vol_10pct,scaled_return,0.01115,0.024319,-0.355
2023-05-31,sonnet,composite_5pod,full,equal_vol_10pct,scaled_return,0.014939,0.039258,-0.514
2023-06-30,sonnet,composite_5pod,full,equal_vol_10pct,scaled_return,-0.00626,0.032998,-0.79
2023-07-31,sonnet,composite_5pod,full,equal_vol_10pct,scaled_return,-0.001659,0.031339,-0.64
2023-08-31,sonnet,composite_5pod,full,equal_vol_10pct,scaled_return,0.008741,0.04008,-0.855
2023-09-30,sonnet,composite_5pod,full,equal_vol_10pct,scaled_return,0.023772,0.063852,-0.56
2023-10-31,sonnet,composite_5pod,full,equal_vol_10pct,scaled_return,0.026189,0.090041,0.261
2023-11-30,sonnet,composite_5pod,full,equal_vol_10pct,scaled_return,0.01048,0.100521,0.256
2023-12-31,sonnet,composite_5pod,full,equal_vol_10pct,scaled_return,0.011091,0.111612,0.742
2024-01-31,sonnet,composite_5pod,full,equal_vol_10pct,scaled_return,-0.008184,0.103428,1.619
2024-02-29,sonnet,composite_5pod,full,equal_vol_10pct,scaled_return,0.000738,0.104166,2.404
2024-03-31,sonnet,composite_5pod,full,equal_vol_10pct,scaled_return,0.010565,0.114731,2.729
2024-04-30,sonnet,composite_5pod,full,equal_vol_10pct,scaled_return,-0.000829,0.113903,2.346
2024-05-31,sonnet,composite_5pod,full,equal_vol_10pct,scaled_return,-0.010719,0.103184,1.551
2024-06-30,sonnet,composite_5pod,full,equal_vol_10pct,scaled_return,0.023048,0.126232,2.188
2024-07-31,sonnet,composite_5pod,full,equal_vol_10pct,scaled_return,0.023817,0.150049,2.695
2024-08-31,sonnet,composite_5pod,full,equal_vol_10pct,scaled_return,0.008369,0.158418,2.685
2024-09-30,sonnet,composite_5pod,full,equal_vol_10pct,scaled_return,0.002822,0.16124,2.331
2024-10-31,sonnet,composite_5pod,full,equal_vol_10pct,scaled_return,0.002556,0.163796,1.992
2024-11-30,sonnet,composite_5pod,full,equal_vol_10pct,scaled_return,0.033718,0.197514,2.101
2024-12-31,sonnet,composite_5pod,full,equal_vol_10pct,scaled_return,0.005586,0.2031,1.984
2025-01-31,sonnet,composite_5pod,full,equal_vol_10pct,scaled_return,-0.01606,0.18704,1.686
2025-02-28,sonnet,composite_5pod,full,equal_vol_10pct,scaled_return,0.008741,0.195782,1.864
2025-03-31,sonnet,composite_5pod,full,equal_vol_10pct,scaled_return,0.005523,0.201305,1.764
2025-04-30,sonnet,composite_5pod,full,equal_vol_10pct,scaled_return,-0.008612,0.192693,1.544
2025-05-31,sonnet,composite_5pod,full,equal_vol_10pct,scaled_return,-0.016488,0.176205,1.366
2025-06-30,sonnet,composite_5pod,full,equal_vol_10pct,scaled_return,-0.002044,0.174161,0.948
2025-07-31,sonnet,composite_5pod,full,equal_vol_10pct,scaled_return,-0.021414,0.152747,0.052
2025-08-31,sonnet,composite_5pod,full,equal_vol_10pct,scaled_return,-0.001532,0.151215,-0.142
2025-09-30,sonnet,composite_5pod,full,equal_vol_10pct,scaled_return,0.001228,0.152443,-0.174
2025-10-31,sonnet,composite_5pod,full,equal_vol_10pct,scaled_return,0.00177,0.154213,-0.19
2025-11-30,sonnet,composite_5pod,full,equal_vol_10pct,scaled_return,0.006579,0.160791,-1.04
2025-12-31,sonnet,composite_5pod,full,equal_vol_10pct,scaled_return,-0.000556,0.160236,-1.254
2026-01-31,sonnet,composite_5pod,full,equal_vol_10pct,scaled_return,-0.005416,0.15482,-1.023
2026-02-28,sonnet,composite_5pod,full,equal_vol_10pct,scaled_return,0.000509,0.155329,-1.384
2026-03-31,sonnet,composite_5pod,full,equal_vol_10pct,scaled_return,0.008313,0.163642,-1.244
2026-04-30,sonnet,composite_5pod,full,equal_vol_10pct,scaled_return,-0.018589,0.145053,-1.414
2026-05-31,sonnet,composite_5pod,full,equal_vol_10pct,scaled_return,0.022996,0.168048,-0.203
2026-06-30,sonnet,composite_5pod,full,equal_vol_10pct,scaled_return,0.013941,0.18199,0.183
2021-07-31,sonnet,composite_5pod,conv,equal_vol_10pct,scaled_return,-0.000659,-0.000659,
2021-08-31,sonnet,composite_5pod,conv,equal_vol_10pct,scaled_return,-0.014542,-0.015201,
2021-09-30,sonnet,composite_5pod,conv,equal_vol_10pct,scaled_return,-0.009318,-0.024519,
2021-10-31,sonnet,composite_5pod,conv,equal_vol_10pct,scaled_return,-0.006002,-0.030521,
2021-11-30,sonnet,composite_5pod,conv,equal_vol_10pct,scaled_return,0.009517,-0.021004,
2021-12-31,sonnet,composite_5pod,conv,equal_vol_10pct,scaled_return,-0.005156,-0.02616,
2022-01-31,sonnet,composite_5pod,conv,equal_vol_10pct,scaled_return,0.014434,-0.011725,
2022-02-28,sonnet,composite_5pod,conv,equal_vol_10pct,scaled_return,0.056099,0.044374,
2022-03-31,sonnet,composite_5pod,conv,equal_vol_10pct,scaled_return,0.025871,0.070244,
2022-04-30,sonnet,composite_5pod,conv,equal_vol_10pct,scaled_return,-0.007366,0.062879,
2022-05-31,sonnet,composite_5pod,conv,equal_vol_10pct,scaled_return,0.050755,0.113633,
2022-06-30,sonnet,composite_5pod,conv,equal_vol_10pct,scaled_return,-0.008206,0.105427,1.277
2022-07-31,sonnet,composite_5pod,conv,equal_vol_10pct,scaled_return,-0.011808,0.09362,1.113
2022-08-31,sonnet,composite_5pod,conv,equal_vol_10pct,scaled_return,0.012803,0.106423,1.499
2022-09-30,sonnet,composite_5pod,conv,equal_vol_10pct,scaled_return,-0.022984,0.083439,1.259
2022-10-31,sonnet,composite_5pod,conv,equal_vol_10pct,scaled_return,-0.049957,0.033482,0.618
2022-11-30,sonnet,composite_5pod,conv,equal_vol_10pct,scaled_return,0.013207,0.046689,0.652
2022-12-31,sonnet,composite_5pod,conv,equal_vol_10pct,scaled_return,-0.020485,0.026203,0.491
2023-01-31,sonnet,composite_5pod,conv,equal_vol_10pct,scaled_return,-0.003462,0.022741,0.324
2023-02-28,sonnet,composite_5pod,conv,equal_vol_10pct,scaled_return,0.006501,0.029242,-0.169
2023-03-31,sonnet,composite_5pod,conv,equal_vol_10pct,scaled_return,-0.0075,0.021742,-0.575
2023-04-30,sonnet,composite_5pod,conv,equal_vol_10pct,scaled_return,0.017006,0.038748,-0.278
2023-05-31,sonnet,composite_5pod,conv,equal_vol_10pct,scaled_return,-0.011832,0.026917,-1.329
2023-06-30,sonnet,composite_5pod,conv,equal_vol_10pct,scaled_return,-0.006492,0.020425,-1.303
2023-07-31,sonnet,composite_5pod,conv,equal_vol_10pct,scaled_return,0.000693,0.021118,-1.108
2023-08-31,sonnet,composite_5pod,conv,equal_vol_10pct,scaled_return,-0.021387,-0.000269,-1.677
2023-09-30,sonnet,composite_5pod,conv,equal_vol_10pct,scaled_return,0.026351,0.026082,-0.814
2023-10-31,sonnet,composite_5pod,conv,equal_vol_10pct,scaled_return,0.000836,0.026918,-0.13
2023-11-30,sonnet,composite_5pod,conv,equal_vol_10pct,scaled_return,-0.015764,0.011154,-0.71
2023-12-31,sonnet,composite_5pod,conv,equal_vol_10pct,scaled_return,0.008318,0.019472,-0.142
2024-01-31,sonnet,composite_5pod,conv,equal_vol_10pct,scaled_return,-0.007383,0.012088,-0.223
2024-02-29,sonnet,composite_5pod,conv,equal_vol_10pct,scaled_return,-0.002601,0.009488,-0.42
2024-03-31,sonnet,composite_5pod,conv,equal_vol_10pct,scaled_return,0.010011,0.019499,-0.047
2024-04-30,sonnet,composite_5pod,conv,equal_vol_10pct,scaled_return,-0.004412,0.015087,-0.536
2024-05-31,sonnet,composite_5pod,conv,equal_vol_10pct,scaled_return,-0.009664,0.005422,-0.492
2024-06-30,sonnet,composite_5pod,conv,equal_vol_10pct,scaled_return,-0.004216,0.001207,-0.442
2024-07-31,sonnet,composite_5pod,conv,equal_vol_10pct,scaled_return,-0.012632,-0.011426,-0.728
2024-08-31,sonnet,composite_5pod,conv,equal_vol_10pct,scaled_return,-0.009,-0.020426,-0.496
2024-09-30,sonnet,composite_5pod,conv,equal_vol_10pct,scaled_return,0.014283,-0.006143,-0.991
2024-10-31,sonnet,composite_5pod,conv,equal_vol_10pct,scaled_return,-0.004547,-0.01069,-1.164
2024-11-30,sonnet,composite_5pod,conv,equal_vol_10pct,scaled_return,0.010933,0.000244,-0.341
2024-12-31,sonnet,composite_5pod,conv,equal_vol_10pct,scaled_return,0.000495,0.000738,-0.616
2025-01-31,sonnet,composite_5pod,conv,equal_vol_10pct,scaled_return,-0.012082,-0.011344,-0.738
2025-02-28,sonnet,composite_5pod,conv,equal_vol_10pct,scaled_return,-0.002782,-0.014126,-0.744
2025-03-31,sonnet,composite_5pod,conv,equal_vol_10pct,scaled_return,-0.006159,-0.020285,-1.368
2025-04-30,sonnet,composite_5pod,conv,equal_vol_10pct,scaled_return,-0.000612,-0.020896,-1.233
2025-05-31,sonnet,composite_5pod,conv,equal_vol_10pct,scaled_return,-0.017886,-0.038783,-1.372
2025-06-30,sonnet,composite_5pod,conv,equal_vol_10pct,scaled_return,0.003788,-0.034995,-1.095
2025-07-31,sonnet,composite_5pod,conv,equal_vol_10pct,scaled_return,-0.016044,-0.051039,-1.155
2025-08-31,sonnet,composite_5pod,conv,equal_vol_10pct,scaled_return,0.004198,-0.046842,-0.767
2025-09-30,sonnet,composite_5pod,conv,equal_vol_10pct,scaled_return,6.6e-05,-0.046776,-1.372
2025-10-31,sonnet,composite_5pod,conv,equal_vol_10pct,scaled_return,-0.005122,-0.051897,-1.39
2025-11-30,sonnet,composite_5pod,conv,equal_vol_10pct,scaled_return,-0.002625,-0.054522,-2.168
2025-12-31,sonnet,composite_5pod,conv,equal_vol_10pct,scaled_return,0.004375,-0.050147,-1.929
2026-01-31,sonnet,composite_5pod,conv,equal_vol_10pct,scaled_return,-0.005522,-0.055669,-1.771
2026-02-28,sonnet,composite_5pod,conv,equal_vol_10pct,scaled_return,-0.007349,-0.063018,-1.935
2026-03-31,sonnet,composite_5pod,conv,equal_vol_10pct,scaled_return,0.009427,-0.053591,-1.17
2026-04-30,sonnet,composite_5pod,conv,equal_vol_10pct,scaled_return,-0.016741,-0.070332,-1.568
2026-05-31,sonnet,composite_5pod,conv,equal_vol_10pct,scaled_return,0.017279,-0.053053,-0.416
2026-06-30,sonnet,composite_5pod,conv,equal_vol_10pct,scaled_return,0.006403,-0.04665,-0.335
2021-07-31,sonnet,composite_5pod,raw,equal_vol_10pct,scaled_return,-0.001037,-0.001037,
2021-08-31,sonnet,composite_5pod,raw,equal_vol_10pct,scaled_return,-0.000437,-0.001474,
2021-09-30,sonnet,composite_5pod,raw,equal_vol_10pct,scaled_return,0.01081,0.009336,
2021-10-31,sonnet,composite_5pod,raw,equal_vol_10pct,scaled_return,0.006206,0.015542,
2021-11-30,sonnet,composite_5pod,raw,equal_vol_10pct,scaled_return,-0.009885,0.005656,
2021-12-31,sonnet,composite_5pod,raw,equal_vol_10pct,scaled_return,0.001377,0.007033,
2022-01-31,sonnet,composite_5pod,raw,equal_vol_10pct,scaled_return,0.011518,0.018551,
2022-02-28,sonnet,composite_5pod,raw,equal_vol_10pct,scaled_return,0.061917,0.080467,
2022-03-31,sonnet,composite_5pod,raw,equal_vol_10pct,scaled_return,0.011494,0.091961,
2022-04-30,sonnet,composite_5pod,raw,equal_vol_10pct,scaled_return,0.009269,0.10123,
2022-05-31,sonnet,composite_5pod,raw,equal_vol_10pct,scaled_return,0.004872,0.106102,
2022-06-30,sonnet,composite_5pod,raw,equal_vol_10pct,scaled_return,-0.001657,0.104445,1.676
2022-07-31,sonnet,composite_5pod,raw,equal_vol_10pct,scaled_return,0.009497,0.113942,1.873
2022-08-31,sonnet,composite_5pod,raw,equal_vol_10pct,scaled_return,0.016006,0.129948,2.167
2022-09-30,sonnet,composite_5pod,raw,equal_vol_10pct,scaled_return,-0.006963,0.122985,1.797
2022-10-31,sonnet,composite_5pod,raw,equal_vol_10pct,scaled_return,-0.042942,0.080043,0.784
2022-11-30,sonnet,composite_5pod,raw,equal_vol_10pct,scaled_return,-0.009137,0.070906,0.795
2022-12-31,sonnet,composite_5pod,raw,equal_vol_10pct,scaled_return,-0.024268,0.046639,0.454
2023-01-31,sonnet,composite_5pod,raw,equal_vol_10pct,scaled_return,-0.012574,0.034065,0.176
2023-02-28,sonnet,composite_5pod,raw,equal_vol_10pct,scaled_return,0.00609,0.040155,-0.681
2023-03-31,sonnet,composite_5pod,raw,equal_vol_10pct,scaled_return,0.007543,0.047698,-0.76
2023-04-30,sonnet,composite_5pod,raw,equal_vol_10pct,scaled_return,0.001491,0.049189,-0.915
2023-05-31,sonnet,composite_5pod,raw,equal_vol_10pct,scaled_return,-0.025056,0.024133,-1.38
2023-06-30,sonnet,composite_5pod,raw,equal_vol_10pct,scaled_return,-0.014066,0.010066,-1.585
2023-07-31,sonnet,composite_5pod,raw,equal_vol_10pct,scaled_return,0.002347,0.012413,-1.761
2023-08-31,sonnet,composite_5pod,raw,equal_vol_10pct,scaled_return,-0.005441,0.006972,-2.394
2023-09-30,sonnet,composite_5pod,raw,equal_vol_10pct,scaled_return,0.009277,0.016249,-1.942
2023-10-31,sonnet,composite_5pod,raw,equal_vol_10pct,scaled_return,0.014203,0.030453,-1.098
2023-11-30,sonnet,composite_5pod,raw,equal_vol_10pct,scaled_return,-0.000866,0.029586,-0.92
2023-12-31,sonnet,composite_5pod,raw,equal_vol_10pct,scaled_return,-0.000127,0.029459,-0.443
2024-01-31,sonnet,composite_5pod,raw,equal_vol_10pct,scaled_return,-0.016013,0.013446,-0.515
2024-02-29,sonnet,composite_5pod,raw,equal_vol_10pct,scaled_return,0.001372,0.014817,-0.645
2024-03-31,sonnet,composite_5pod,raw,equal_vol_10pct,scaled_return,-0.000908,0.013909,-0.892
2024-04-30,sonnet,composite_5pod,raw,equal_vol_10pct,scaled_return,-0.004248,0.009661,-1.051
2024-05-31,sonnet,composite_5pod,raw,equal_vol_10pct,scaled_return,-0.001479,0.008182,-0.547
2024-06-30,sonnet,composite_5pod,raw,equal_vol_10pct,scaled_return,0.022854,0.031036,0.608
2024-07-31,sonnet,composite_5pod,raw,equal_vol_10pct,scaled_return,0.029525,0.060561,1.087
2024-08-31,sonnet,composite_5pod,raw,equal_vol_10pct,scaled_return,0.007233,0.067794,1.41
2024-09-30,sonnet,composite_5pod,raw,equal_vol_10pct,scaled_return,-0.028501,0.039292,0.425
2024-10-31,sonnet,composite_5pod,raw,equal_vol_10pct,scaled_return,-0.005796,0.033496,0.057
2024-11-30,sonnet,composite_5pod,raw,equal_vol_10pct,scaled_return,0.015814,0.04931,0.358
2024-12-31,sonnet,composite_5pod,raw,equal_vol_10pct,scaled_return,0.002546,0.051856,0.406
2025-01-31,sonnet,composite_5pod,raw,equal_vol_10pct,scaled_return,-0.016443,0.035414,0.397
2025-02-28,sonnet,composite_5pod,raw,equal_vol_10pct,scaled_return,0.001908,0.037321,0.407
2025-03-31,sonnet,composite_5pod,raw,equal_vol_10pct,scaled_return,0.03261,0.069931,0.888
2025-04-30,sonnet,composite_5pod,raw,equal_vol_10pct,scaled_return,-0.013516,0.056416,0.718
2025-05-31,sonnet,composite_5pod,raw,equal_vol_10pct,scaled_return,0.001081,0.057496,0.759
2025-06-30,sonnet,composite_5pod,raw,equal_vol_10pct,scaled_return,-0.005403,0.052093,0.339
2025-07-31,sonnet,composite_5pod,raw,equal_vol_10pct,scaled_return,0.009386,0.061479,0.017
2025-08-31,sonnet,composite_5pod,raw,equal_vol_10pct,scaled_return,-0.004262,0.057218,-0.193
2025-09-30,sonnet,composite_5pod,raw,equal_vol_10pct,scaled_return,0.002211,0.059429,0.44
2025-10-31,sonnet,composite_5pod,raw,equal_vol_10pct,scaled_return,0.001161,0.06059,0.602
2025-11-30,sonnet,composite_5pod,raw,equal_vol_10pct,scaled_return,0.00668,0.06727,0.419
2025-12-31,sonnet,composite_5pod,raw,equal_vol_10pct,scaled_return,-0.006644,0.060626,0.201
2026-01-31,sonnet,composite_5pod,raw,equal_vol_10pct,scaled_return,-0.009174,0.051452,0.391
2026-02-28,sonnet,composite_5pod,raw,equal_vol_10pct,scaled_return,-0.011601,0.039851,0.059
2026-03-31,sonnet,composite_5pod,raw,equal_vol_10pct,scaled_return,0.006952,0.046802,-0.878
2026-04-30,sonnet,composite_5pod,raw,equal_vol_10pct,scaled_return,-0.025276,0.021526,-1.038
2026-05-31,sonnet,composite_5pod,raw,equal_vol_10pct,scaled_return,0.003615,0.025141,-0.95
2026-06-30,sonnet,composite_5pod,raw,equal_vol_10pct,scaled_return,-0.008338,0.016803,-1.025
2021-07-31,sonnet,composite_5pod,mech,equal_vol_10pct,scaled_return,0.003915,0.003915,
2021-08-31,sonnet,composite_5pod,mech,equal_vol_10pct,scaled_return,-0.015451,-0.011536,
2021-09-30,sonnet,composite_5pod,mech,equal_vol_10pct,scaled_return,0.01507,0.003534,
2021-10-31,sonnet,composite_5pod,mech,equal_vol_10pct,scaled_return,-0.00293,0.000604,
2021-11-30,sonnet,composite_5pod,mech,equal_vol_10pct,scaled_return,-0.005024,-0.004419,
2021-12-31,sonnet,composite_5pod,mech,equal_vol_10pct,scaled_return,0.004343,-7.7e-05,
2022-01-31,sonnet,composite_5pod,mech,equal_vol_10pct,scaled_return,0.027754,0.027677,
2022-02-28,sonnet,composite_5pod,mech,equal_vol_10pct,scaled_return,0.048462,0.076139,
2022-03-31,sonnet,composite_5pod,mech,equal_vol_10pct,scaled_return,-0.001831,0.074307,
2022-04-30,sonnet,composite_5pod,mech,equal_vol_10pct,scaled_return,0.004424,0.078731,
2022-05-31,sonnet,composite_5pod,mech,equal_vol_10pct,scaled_return,0.031378,0.11011,
2022-06-30,sonnet,composite_5pod,mech,equal_vol_10pct,scaled_return,0.010545,0.120655,1.937
2022-07-31,sonnet,composite_5pod,mech,equal_vol_10pct,scaled_return,0.016447,0.137102,2.141
2022-08-31,sonnet,composite_5pod,mech,equal_vol_10pct,scaled_return,0.052778,0.189881,2.978
2022-09-30,sonnet,composite_5pod,mech,equal_vol_10pct,scaled_return,0.010421,0.200302,2.897
2022-10-31,sonnet,composite_5pod,mech,equal_vol_10pct,scaled_return,-0.027609,0.172693,2.175
2022-11-30,sonnet,composite_5pod,mech,equal_vol_10pct,scaled_return,0.004356,0.177049,2.352
2022-12-31,sonnet,composite_5pod,mech,equal_vol_10pct,scaled_return,-0.012048,0.165001,2.031
2023-01-31,sonnet,composite_5pod,mech,equal_vol_10pct,scaled_return,-0.035206,0.129794,1.098
2023-02-28,sonnet,composite_5pod,mech,equal_vol_10pct,scaled_return,-0.028994,0.1008,0.278
2023-03-31,sonnet,composite_5pod,mech,equal_vol_10pct,scaled_return,-0.000883,0.099917,0.288
2023-04-30,sonnet,composite_5pod,mech,equal_vol_10pct,scaled_return,0.01615,0.116067,0.415
2023-05-31,sonnet,composite_5pod,mech,equal_vol_10pct,scaled_return,0.016861,0.132928,0.265
2023-06-30,sonnet,composite_5pod,mech,equal_vol_10pct,scaled_return,-0.015122,0.117806,-0.033
2023-07-31,sonnet,composite_5pod,mech,equal_vol_10pct,scaled_return,-0.006833,0.110973,-0.306
2023-08-31,sonnet,composite_5pod,mech,equal_vol_10pct,scaled_return,-0.015505,0.095468,-1.543
2023-09-30,sonnet,composite_5pod,mech,equal_vol_10pct,scaled_return,0.018574,0.114042,-1.341
2023-10-31,sonnet,composite_5pod,mech,equal_vol_10pct,scaled_return,0.011468,0.12551,-0.753
2023-11-30,sonnet,composite_5pod,mech,equal_vol_10pct,scaled_return,0.007815,0.133324,-0.691
2023-12-31,sonnet,composite_5pod,mech,equal_vol_10pct,scaled_return,0.001208,0.134533,-0.486
2024-01-31,sonnet,composite_5pod,mech,equal_vol_10pct,scaled_return,-0.00218,0.132353,0.05
2024-02-29,sonnet,composite_5pod,mech,equal_vol_10pct,scaled_return,-0.005098,0.127254,0.639
2024-03-31,sonnet,composite_5pod,mech,equal_vol_10pct,scaled_return,0.012621,0.139876,0.94
2024-04-30,sonnet,composite_5pod,mech,equal_vol_10pct,scaled_return,-0.001022,0.138854,0.566
2024-05-31,sonnet,composite_5pod,mech,equal_vol_10pct,scaled_return,-0.003287,0.135566,0.071
2024-06-30,sonnet,composite_5pod,mech,equal_vol_10pct,scaled_return,0.020771,0.156337,1.009
2024-07-31,sonnet,composite_5pod,mech,equal_vol_10pct,scaled_return,-0.010211,0.146126,0.895
2024-08-31,sonnet,composite_5pod,mech,equal_vol_10pct,scaled_return,0.008072,0.154198,1.732
2024-09-30,sonnet,composite_5pod,mech,equal_vol_10pct,scaled_return,-0.034031,0.120167,0.126
2024-10-31,sonnet,composite_5pod,mech,equal_vol_10pct,scaled_return,-0.004863,0.115304,-0.216
2024-11-30,sonnet,composite_5pod,mech,equal_vol_10pct,scaled_return,0.006939,0.122243,-0.236
2024-12-31,sonnet,composite_5pod,mech,equal_vol_10pct,scaled_return,0.003656,0.1259,-0.183
2025-01-31,sonnet,composite_5pod,mech,equal_vol_10pct,scaled_return,-0.015442,0.110458,-0.443
2025-02-28,sonnet,composite_5pod,mech,equal_vol_10pct,scaled_return,-0.00083,0.109628,-0.357
2025-03-31,sonnet,composite_5pod,mech,equal_vol_10pct,scaled_return,-0.004919,0.104709,-0.75
2025-04-30,sonnet,composite_5pod,mech,equal_vol_10pct,scaled_return,0.014083,0.118793,-0.402
2025-05-31,sonnet,composite_5pod,mech,equal_vol_10pct,scaled_return,-0.023076,0.095716,-0.733
2025-06-30,sonnet,composite_5pod,mech,equal_vol_10pct,scaled_return,0.012342,0.108058,-0.951
2025-07-31,sonnet,composite_5pod,mech,equal_vol_10pct,scaled_return,-0.012905,0.095154,-0.995
2025-08-31,sonnet,composite_5pod,mech,equal_vol_10pct,scaled_return,0.003168,0.098322,-1.114
2025-09-30,sonnet,composite_5pod,mech,equal_vol_10pct,scaled_return,0.005191,0.103513,-0.424
2025-10-31,sonnet,composite_5pod,mech,equal_vol_10pct,scaled_return,0.010066,0.113579,-0.042
2025-11-30,sonnet,composite_5pod,mech,equal_vol_10pct,scaled_return,-0.003027,0.110551,-0.293
2025-12-31,sonnet,composite_5pod,mech,equal_vol_10pct,scaled_return,-0.010514,0.100038,-0.636
2026-01-31,sonnet,composite_5pod,mech,equal_vol_10pct,scaled_return,0.014781,0.114818,0.106
2026-02-28,sonnet,composite_5pod,mech,equal_vol_10pct,scaled_return,-0.018431,0.096388,-0.293
2026-03-31,sonnet,composite_5pod,mech,equal_vol_10pct,scaled_return,0.019799,0.116187,0.232
2026-04-30,sonnet,composite_5pod,mech,equal_vol_10pct,scaled_return,-0.01208,0.104107,-0.301
2026-05-31,sonnet,composite_5pod,mech,equal_vol_10pct,scaled_return,-0.000204,0.103902,0.192
2026-06-30,sonnet,composite_5pod,mech,equal_vol_10pct,scaled_return,0.008688,0.11259,0.109
